time_oex,OEX Index,time_mmm,MMM US Equity,time_abt,ABT US Equity
4/24/2017 15:27,1049.32,4/27/2017 15:17,196.29,4/27/2017 12:23,43.73
4/24/2017 15:28,1049.35,4/27/2017 15:18,196.23,4/27/2017 12:24,43.73
4/24/2017 15:29,1049.23,4/27/2017 15:19,196.19,4/27/2017 12:25,43.735
4/24/2017 15:30,1049.19,4/27/2017 15:20,196.191,4/27/2017 12:26,43.72
4/24/2017 15:31,1049.13,4/27/2017 15:21,196.21,4/27/2017 12:27,43.72
4/24/2017 15:32,1049.27,4/27/2017 15:22,196.219,4/27/2017 12:28,43.715
4/24/2017 15:33,1049.4,4/27/2017 15:23,196.22,4/27/2017 12:29,43.725
4/24/2017 15:34,1049.07,4/27/2017 15:24,196.22,4/27/2017 12:30,43.725
4/24/2017 15:35,1049.07,4/27/2017 15:25,196.2,4/27/2017 12:31,43.75
4/24/2017 15:36,1049.06,4/27/2017 15:26,196.22,4/27/2017 12:32,43.78
4/24/2017 15:37,1049.47,4/27/2017 15:27,196.22,4/27/2017 12:33,43.795
4/24/2017 15:38,1049.45,4/27/2017 15:28,196.19,4/27/2017 12:34,43.795
4/24/2017 15:39,1049.31,4/27/2017 15:29,196.27,4/27/2017 12:35,43.795
4/24/2017 15:40,1048.99,4/27/2017 15:30,196.26,4/27/2017 12:36,43.78
4/24/2017 15:41,1049.45,4/27/2017 15:31,196.22,4/27/2017 12:37,43.77
4/24/2017 15:42,1049.47,4/27/2017 15:32,196.26,4/27/2017 12:38,43.8
4/24/2017 15:43,1049.3,4/27/2017 15:33,196.3,4/27/2017 12:39,43.785
4/24/2017 15:44,1049.39,4/27/2017 15:34,196.32,4/27/2017 12:40,43.795
4/24/2017 15:45,1049.21,4/27/2017 15:35,196.22,4/27/2017 12:41,43.79
4/24/2017 15:46,1049.15,4/27/2017 15:36,196.225,4/27/2017 12:42,43.79
4/24/2017 15:47,1049.13,4/27/2017 15:37,196.17,4/27/2017 12:43,43.785
4/24/2017 15:48,1048.94,4/27/2017 15:38,196.15,4/27/2017 12:44,43.79
4/24/2017 15:49,1048.97,4/27/2017 15:39,196.09,4/27/2017 12:45,43.79
4/24/2017 15:50,1048.5,4/27/2017 15:40,196.08,4/27/2017 12:46,43.795
4/24/2017 15:51,1048.53,4/27/2017 15:41,196.055,4/27/2017 12:47,43.795
4/24/2017 15:52,1048.23,4/27/2017 15:42,196.015,4/27/2017 12:48,43.795
4/24/2017 15:53,1048.48,4/27/2017 15:43,196,4/27/2017 12:49,43.785
4/24/2017 15:54,1048.28,4/27/2017 15:44,195.98,4/27/2017 12:50,43.793
4/24/2017 15:55,1048.42,4/27/2017 15:45,196.015,4/27/2017 12:51,43.805
4/24/2017 15:56,1048.6,4/27/2017 15:46,195.98,4/27/2017 12:52,43.82
4/24/2017 15:57,1048.44,4/27/2017 15:47,195.935,4/27/2017 12:53,43.825
4/24/2017 15:58,1048.38,4/27/2017 15:48,195.91,4/27/2017 12:54,43.82
4/24/2017 15:59,1048.48,4/27/2017 15:49,195.92,4/27/2017 12:55,43.84
4/24/2017 16:00,1048.5,4/27/2017 15:50,195.95,4/27/2017 12:56,43.8411
4/24/2017 16:01,1048.53,4/27/2017 15:51,195.89,4/27/2017 12:57,43.865
4/24/2017 16:02,1048.53,4/27/2017 15:52,195.93,4/27/2017 12:58,43.875
4/24/2017 16:03,1048.53,4/27/2017 15:53,195.95,4/27/2017 12:59,43.91
4/24/2017 16:04,1048.53,4/27/2017 15:54,195.95,4/27/2017 13:00,43.91
4/24/2017 16:05,1048.53,4/27/2017 15:55,195.88,4/27/2017 13:01,43.9
4/24/2017 16:06,1048.53,4/27/2017 15:56,195.89,4/27/2017 13:02,43.895
4/24/2017 16:07,1048.53,4/27/2017 15:57,195.91,4/27/2017 13:03,43.895
4/24/2017 16:08,1048.53,4/27/2017 15:58,195.99,4/27/2017 13:04,43.88
4/24/2017 16:09,1048.53,4/27/2017 15:59,196.09,4/27/2017 13:05,43.875
4/24/2017 16:10,1048.53,4/27/2017 16:03,196.11,4/27/2017 13:06,43.875
4/24/2017 16:11,1048.53,4/27/2017 16:15,196.11,4/27/2017 13:07,43.87
4/24/2017 16:12,1048.53,4/28/2017 9:30,196.55,4/27/2017 13:08,43.865
4/24/2017 16:13,1048.53,4/28/2017 9:31,196.43,4/27/2017 13:09,43.855
4/24/2017 16:14,1048.53,4/28/2017 9:32,195.79,4/27/2017 13:10,43.87
4/25/2017 9:30,1052.84,4/28/2017 9:33,196.21,4/27/2017 13:11,43.87
4/25/2017 9:31,1052.68,4/28/2017 9:34,196.404,4/27/2017 13:12,43.875
4/25/2017 9:32,1052.83,4/28/2017 9:35,196.18,4/27/2017 13:13,43.86
4/25/2017 9:33,1052.96,4/28/2017 9:36,196.3,4/27/2017 13:14,43.88
4/25/2017 9:34,1053.51,4/28/2017 9:37,196.39,4/27/2017 13:15,43.87
4/25/2017 9:35,1053.71,4/28/2017 9:38,196.42,4/27/2017 13:16,43.87
4/25/2017 9:36,1053.58,4/28/2017 9:39,196.47,4/27/2017 13:17,43.87
4/25/2017 9:37,1053.61,4/28/2017 9:40,196.47,4/27/2017 13:18,43.875
4/25/2017 9:38,1053.84,4/28/2017 9:41,196.49,4/27/2017 13:19,43.875
4/25/2017 9:39,1054.18,4/28/2017 9:42,196.56,4/27/2017 13:20,43.87
4/25/2017 9:40,1054.25,4/28/2017 9:43,196.85,4/27/2017 13:21,43.86
4/25/2017 9:41,1054.55,4/28/2017 9:44,196.75,4/27/2017 13:22,43.855
4/25/2017 9:42,1054.83,4/28/2017 9:45,196.86,4/27/2017 13:23,43.84
4/25/2017 9:43,1054.71,4/28/2017 9:46,196.93,4/27/2017 13:24,43.85
4/25/2017 9:44,1054.77,4/28/2017 9:47,196.98,4/27/2017 13:25,43.845
4/25/2017 9:45,1055.03,4/28/2017 9:48,197.12,4/27/2017 13:26,43.845
4/25/2017 9:46,1055,4/28/2017 9:49,196.926,4/27/2017 13:27,43.855
4/25/2017 9:47,1054.91,4/28/2017 9:50,196.86,4/27/2017 13:28,43.855
4/25/2017 9:48,1054.92,4/28/2017 9:51,196.71,4/27/2017 13:29,43.855
4/25/2017 9:49,1054.69,4/28/2017 9:52,196.65,4/27/2017 13:30,43.855
4/25/2017 9:50,1054.87,4/28/2017 9:53,196.65,4/27/2017 13:31,43.86
4/25/2017 9:51,1054.81,4/28/2017 9:54,196.725,4/27/2017 13:32,43.865
4/25/2017 9:52,1054.45,4/28/2017 9:55,196.76,4/27/2017 13:33,43.845
4/25/2017 9:53,1054.6,4/28/2017 9:56,196.73,4/27/2017 13:34,43.845
4/25/2017 9:54,1054.45,4/28/2017 9:57,196.77,4/27/2017 13:35,43.835
4/25/2017 9:55,1054.56,4/28/2017 9:58,196.76,4/27/2017 13:36,43.845
4/25/2017 9:56,1054.59,4/28/2017 9:59,196.68,4/27/2017 13:37,43.835
4/25/2017 9:57,1054.85,4/28/2017 10:00,196.7,4/27/2017 13:38,43.835
4/25/2017 9:58,1054.86,4/28/2017 10:01,196.74,4/27/2017 13:39,43.835
4/25/2017 9:59,1054.9,4/28/2017 10:02,196.7,4/27/2017 13:40,43.825
4/25/2017 10:00,1054.78,4/28/2017 10:03,196.64,4/27/2017 13:41,43.82
4/25/2017 10:01,1054.77,4/28/2017 10:04,196.61,4/27/2017 13:42,43.81
4/25/2017 10:02,1055.09,4/28/2017 10:05,196.56,4/27/2017 13:43,43.81
4/25/2017 10:03,1055.29,4/28/2017 10:06,196.64,4/27/2017 13:44,43.8199
4/25/2017 10:04,1055.31,4/28/2017 10:07,196.7,4/27/2017 13:45,43.79
4/25/2017 10:05,1055.82,4/28/2017 10:08,196.67,4/27/2017 13:46,43.795
4/25/2017 10:06,1056.02,4/28/2017 10:09,196.675,4/27/2017 13:47,43.785
4/25/2017 10:07,1056.19,4/28/2017 10:10,196.63,4/27/2017 13:48,43.78
4/25/2017 10:08,1056.19,4/28/2017 10:11,196.6,4/27/2017 13:49,43.77
4/25/2017 10:09,1056.46,4/28/2017 10:12,196.65,4/27/2017 13:50,43.78
4/25/2017 10:10,1056.34,4/28/2017 10:13,196.63,4/27/2017 13:51,43.78
4/25/2017 10:11,1056.16,4/28/2017 10:14,196.61,4/27/2017 13:52,43.785
4/25/2017 10:12,1056.23,4/28/2017 10:15,196.58,4/27/2017 13:53,43.795
4/25/2017 10:13,1056.08,4/28/2017 10:16,196.555,4/27/2017 13:54,43.78
4/25/2017 10:14,1055.92,4/28/2017 10:17,196.501,4/27/2017 13:55,43.775
4/25/2017 10:15,1055.88,4/28/2017 10:18,196.5,4/27/2017 13:56,43.77
4/25/2017 10:16,1055.94,4/28/2017 10:19,196.47,4/27/2017 13:57,43.73
4/25/2017 10:17,1055.97,4/28/2017 10:20,196.4,4/27/2017 13:58,43.74
4/25/2017 10:18,1056.07,4/28/2017 10:21,196.36,4/27/2017 13:59,43.75
4/25/2017 10:19,1056.05,4/28/2017 10:22,196.29,4/27/2017 14:00,43.76
4/25/2017 10:20,1056,4/28/2017 10:23,196.23,4/27/2017 14:01,43.775
4/25/2017 10:21,1055.98,4/28/2017 10:24,196.39,4/27/2017 14:02,43.8
4/25/2017 10:22,1056.01,4/28/2017 10:25,196.41,4/27/2017 14:03,43.785
4/25/2017 10:23,1055.69,4/28/2017 10:26,196.4,4/27/2017 14:04,43.785
4/25/2017 10:24,1055.84,4/28/2017 10:27,196.412,4/27/2017 14:05,43.79
4/25/2017 10:25,1055.83,4/28/2017 10:28,196.422,4/27/2017 14:06,43.785
4/25/2017 10:26,1055.8,4/28/2017 10:29,196.43,4/27/2017 14:07,43.785
4/25/2017 10:27,1055.81,4/28/2017 10:30,196.37,4/27/2017 14:08,43.785
4/25/2017 10:28,1055.8,4/28/2017 10:31,196.29,4/27/2017 14:09,43.79
4/25/2017 10:29,1055.72,4/28/2017 10:32,196.27,4/27/2017 14:10,43.79
4/25/2017 10:30,1055.72,4/28/2017 10:33,196.249,4/27/2017 14:11,43.765
4/25/2017 10:31,1055.7,4/28/2017 10:34,196.23,4/27/2017 14:12,43.765
4/25/2017 10:32,1055.61,4/28/2017 10:35,196.24,4/27/2017 14:13,43.77
4/25/2017 10:33,1055.69,4/28/2017 10:36,196.25,4/27/2017 14:14,43.7575
4/25/2017 10:34,1055.63,4/28/2017 10:37,196.19,4/27/2017 14:15,43.75
4/25/2017 10:35,1055.54,4/28/2017 10:38,196.13,4/27/2017 14:16,43.74
4/25/2017 10:36,1055.65,4/28/2017 10:39,196.06,4/27/2017 14:17,43.75
4/25/2017 10:37,1055.83,4/28/2017 10:40,196.18,4/27/2017 14:18,43.74
4/25/2017 10:38,1055.9,4/28/2017 10:41,196.25,4/27/2017 14:19,43.74
4/25/2017 10:39,1055.75,4/28/2017 10:42,196.22,4/27/2017 14:20,43.74
4/25/2017 10:40,1055.57,4/28/2017 10:43,196.19,4/27/2017 14:21,43.73
4/25/2017 10:41,1055.46,4/28/2017 10:44,196.18,4/27/2017 14:22,43.735
4/25/2017 10:42,1055.43,4/28/2017 10:45,196.22,4/27/2017 14:23,43.7399
4/25/2017 10:43,1055.51,4/28/2017 10:46,196.24,4/27/2017 14:24,43.7154
4/25/2017 10:44,1055.49,4/28/2017 10:47,196.16,4/27/2017 14:25,43.73
4/25/2017 10:45,1055.47,4/28/2017 10:48,196.14,4/27/2017 14:26,43.73
4/25/2017 10:46,1055.34,4/28/2017 10:49,196.145,4/27/2017 14:27,43.735
4/25/2017 10:47,1055.28,4/28/2017 10:50,196.15,4/27/2017 14:28,43.73
4/25/2017 10:48,1055.37,4/28/2017 10:51,196.22,4/27/2017 14:29,43.74
4/25/2017 10:49,1055.47,4/28/2017 10:52,196.2,4/27/2017 14:30,43.7655
4/25/2017 10:50,1055.43,4/28/2017 10:53,196.3,4/27/2017 14:31,43.77
4/25/2017 10:51,1055.39,4/28/2017 10:54,196.36,4/27/2017 14:32,43.78
4/25/2017 10:52,1055.54,4/28/2017 10:55,196.34,4/27/2017 14:33,43.775
4/25/2017 10:53,1055.49,4/28/2017 10:56,196.24,4/27/2017 14:34,43.8
4/25/2017 10:54,1055.53,4/28/2017 10:57,196.2,4/27/2017 14:35,43.7998
4/25/2017 10:55,1055.66,4/28/2017 10:58,196.25,4/27/2017 14:36,43.7945
4/25/2017 10:56,1055.62,4/28/2017 10:59,196.29,4/27/2017 14:37,43.81
4/25/2017 10:57,1055.65,4/28/2017 11:00,196.41,4/27/2017 14:38,43.815
4/25/2017 10:58,1055.58,4/28/2017 11:01,196.44,4/27/2017 14:39,43.82
4/25/2017 10:59,1055.55,4/28/2017 11:02,196.429,4/27/2017 14:40,43.829
4/25/2017 11:00,1055.45,4/28/2017 11:03,196.39,4/27/2017 14:41,43.82
4/25/2017 11:01,1055.51,4/28/2017 11:04,196.45,4/27/2017 14:42,43.815
4/25/2017 11:02,1055.53,4/28/2017 11:05,196.37,4/27/2017 14:43,43.8
4/25/2017 11:03,1055.59,4/28/2017 11:06,196.344,4/27/2017 14:44,43.79
4/25/2017 11:04,1055.65,4/28/2017 11:07,196.37,4/27/2017 14:45,43.81
4/25/2017 11:05,1055.74,4/28/2017 11:08,196.29,4/27/2017 14:46,43.8
4/25/2017 11:06,1055.76,4/28/2017 11:09,196.295,4/27/2017 14:47,43.8
4/25/2017 11:07,1055.86,4/28/2017 11:10,196.28,4/27/2017 14:48,43.815
4/25/2017 11:08,1055.88,4/28/2017 11:11,196.23,4/27/2017 14:49,43.7956
4/25/2017 11:09,1055.74,4/28/2017 11:12,196.13,4/27/2017 14:50,43.795
4/25/2017 11:10,1055.76,4/28/2017 11:13,196.14,4/27/2017 14:51,43.785
4/25/2017 11:11,1055.91,4/28/2017 11:14,196.1,4/27/2017 14:52,43.795
4/25/2017 11:12,1055.92,4/28/2017 11:15,196.07,4/27/2017 14:53,43.805
4/25/2017 11:13,1055.94,4/28/2017 11:16,196.1,4/27/2017 14:54,43.81
4/25/2017 11:14,1056.01,4/28/2017 11:17,196.1,4/27/2017 14:55,43.795
4/25/2017 11:15,1056.01,4/28/2017 11:18,196.04,4/27/2017 14:56,43.78
4/25/2017 11:16,1056.01,4/28/2017 11:19,196.01,4/27/2017 14:57,43.79
4/25/2017 11:17,1056.08,4/28/2017 11:20,196.02,4/27/2017 14:58,43.785
4/25/2017 11:18,1056,4/28/2017 11:21,196.015,4/27/2017 14:59,43.79
4/25/2017 11:19,1056.4,4/28/2017 11:22,196.02,4/27/2017 15:00,43.785
4/25/2017 11:20,1056.46,4/28/2017 11:23,196.05,4/27/2017 15:01,43.7739
4/25/2017 11:21,1056.2,4/28/2017 11:24,196.05,4/27/2017 15:02,43.775
4/25/2017 11:22,1056.33,4/28/2017 11:25,196.08,4/27/2017 15:03,43.755
4/25/2017 11:23,1056.33,4/28/2017 11:26,196.125,4/27/2017 15:04,43.74
4/25/2017 11:24,1056.27,4/28/2017 11:27,196.06,4/27/2017 15:05,43.74
4/25/2017 11:25,1056.34,4/28/2017 11:28,195.98,4/27/2017 15:06,43.74
4/25/2017 11:26,1056.35,4/28/2017 11:29,195.98,4/27/2017 15:07,43.73
4/25/2017 11:27,1055.89,4/28/2017 11:30,195.93,4/27/2017 15:08,43.73
4/25/2017 11:28,1055.84,4/28/2017 11:31,195.88,4/27/2017 15:10,43.74
4/25/2017 11:29,1055.8,4/28/2017 11:32,195.88,4/27/2017 15:11,43.735
4/25/2017 11:30,1055.75,4/28/2017 11:33,195.76,4/27/2017 15:12,43.725
4/25/2017 11:31,1055.58,4/28/2017 11:34,195.87,4/27/2017 15:13,43.7246
4/25/2017 11:32,1055.74,4/28/2017 11:35,195.78,4/27/2017 15:14,43.735
4/25/2017 11:33,1055.93,4/28/2017 11:36,195.86,4/27/2017 15:15,43.74
4/25/2017 11:34,1056,4/28/2017 11:37,195.9,4/27/2017 15:16,43.72
4/25/2017 11:35,1055.79,4/28/2017 11:38,195.91,4/27/2017 15:17,43.72
4/25/2017 11:36,1055.68,4/28/2017 11:39,195.97,4/27/2017 15:18,43.7
4/25/2017 11:37,1055.83,4/28/2017 11:40,196.06,4/27/2017 15:19,43.69
4/25/2017 11:38,1055.84,4/28/2017 11:41,196.09,4/27/2017 15:20,43.68
4/25/2017 11:39,1055.92,4/28/2017 11:42,196.1,4/27/2017 15:21,43.68
4/25/2017 11:40,1055.67,4/28/2017 11:43,196.16,4/27/2017 15:22,43.69
4/25/2017 11:41,1055.74,4/28/2017 11:44,196.125,4/27/2017 15:23,43.685
4/25/2017 11:42,1055.7,4/28/2017 11:45,196.15,4/27/2017 15:24,43.68
4/25/2017 11:43,1055.74,4/28/2017 11:46,196.2,4/27/2017 15:25,43.68
4/25/2017 11:44,1055.84,4/28/2017 11:47,196.198,4/27/2017 15:26,43.69
4/25/2017 11:45,1055.99,4/28/2017 11:48,196.2,4/27/2017 15:27,43.67
4/25/2017 11:46,1056.02,4/28/2017 11:49,196.26,4/27/2017 15:28,43.68
4/25/2017 11:47,1056,4/28/2017 11:50,196.26,4/27/2017 15:29,43.685
4/25/2017 11:48,1055.82,4/28/2017 11:51,196.205,4/27/2017 15:30,43.69
4/25/2017 11:49,1055.8,4/28/2017 11:52,196.19,4/27/2017 15:31,43.685
4/25/2017 11:50,1055.91,4/28/2017 11:53,196.17,4/27/2017 15:32,43.69
4/25/2017 11:51,1055.98,4/28/2017 11:54,196.2,4/27/2017 15:33,43.67
4/25/2017 11:52,1055.88,4/28/2017 11:55,196.22,4/27/2017 15:34,43.68
4/25/2017 11:53,1055.95,4/28/2017 11:56,196.21,4/27/2017 15:35,43.675
4/25/2017 11:54,1055.91,4/28/2017 11:57,196.21,4/27/2017 15:36,43.67
4/25/2017 11:55,1056.14,4/28/2017 11:58,196.13,4/27/2017 15:37,43.66
4/25/2017 11:56,1056.08,4/28/2017 11:59,196.135,4/27/2017 15:38,43.64
4/25/2017 11:57,1056.04,4/28/2017 12:00,196.186,4/27/2017 15:39,43.62
4/25/2017 11:58,1055.95,4/28/2017 12:01,196.21,4/27/2017 15:40,43.65
4/25/2017 11:59,1056.17,4/28/2017 12:02,196.2,4/27/2017 15:41,43.655
4/25/2017 12:00,1056.3,4/28/2017 12:03,196.14,4/27/2017 15:42,43.65
4/25/2017 12:01,1056.3,4/28/2017 12:04,196.13,4/27/2017 15:43,43.64
4/25/2017 12:02,1056.33,4/28/2017 12:05,196.12,4/27/2017 15:44,43.62
4/25/2017 12:03,1056.3,4/28/2017 12:06,196.1,4/27/2017 15:45,43.63
4/25/2017 12:04,1056.3,4/28/2017 12:07,196.12,4/27/2017 15:46,43.635
4/25/2017 12:05,1056.44,4/28/2017 12:08,196.13,4/27/2017 15:47,43.625
4/25/2017 12:06,1056.39,4/28/2017 12:09,196.12,4/27/2017 15:48,43.63
4/25/2017 12:07,1056.39,4/28/2017 12:10,196.18,4/27/2017 15:49,43.6201
4/25/2017 12:08,1056.21,4/28/2017 12:11,196.15,4/27/2017 15:50,43.62
4/25/2017 12:09,1056.27,4/28/2017 12:12,196.126,4/27/2017 15:51,43.62
4/25/2017 12:10,1056.22,4/28/2017 12:13,196.1,4/27/2017 15:52,43.635
4/25/2017 12:11,1056.09,4/28/2017 12:14,196.12,4/27/2017 15:53,43.64
4/25/2017 12:12,1056.18,4/28/2017 12:15,196.06,4/27/2017 15:54,43.64
4/25/2017 12:13,1056.12,4/28/2017 12:16,196.08,4/27/2017 15:55,43.63
4/25/2017 12:14,1056.1,4/28/2017 12:17,196.045,4/27/2017 15:56,43.635
4/25/2017 12:15,1056.36,4/28/2017 12:18,196.05,4/27/2017 15:57,43.62
4/25/2017 12:16,1056.36,4/28/2017 12:19,196.055,4/27/2017 15:58,43.635
4/25/2017 12:17,1056.31,4/28/2017 12:20,196.11,4/27/2017 15:59,43.66
4/25/2017 12:18,1056.43,4/28/2017 12:21,196.11,4/27/2017 16:02,43.65
4/25/2017 12:19,1056.48,4/28/2017 12:22,196.12,4/27/2017 16:15,43.65
4/25/2017 12:20,1056.61,4/28/2017 12:23,196.12,4/28/2017 9:30,43.65
4/25/2017 12:21,1056.62,4/28/2017 12:24,196.12,4/28/2017 9:31,43.64
4/25/2017 12:22,1056.48,4/28/2017 12:25,196.16,4/28/2017 9:32,43.56
4/25/2017 12:23,1056.26,4/28/2017 12:26,196.17,4/28/2017 9:33,43.585
4/25/2017 12:24,1056.27,4/28/2017 12:27,196.19,4/28/2017 9:34,43.65
4/25/2017 12:25,1056.24,4/28/2017 12:28,196.16,4/28/2017 9:35,43.7
4/25/2017 12:26,1056.22,4/28/2017 12:29,196.2,4/28/2017 9:36,43.69
4/25/2017 12:27,1056.16,4/28/2017 12:30,196.19,4/28/2017 9:37,43.72
4/25/2017 12:28,1056.26,4/28/2017 12:31,196.196,4/28/2017 9:38,43.68
4/25/2017 12:29,1056.18,4/28/2017 12:32,196.19,4/28/2017 9:39,43.65
4/25/2017 12:30,1056.15,4/28/2017 12:33,196.21,4/28/2017 9:40,43.6035
4/25/2017 12:31,1056.03,4/28/2017 12:34,196.2,4/28/2017 9:41,43.58
4/25/2017 12:32,1055.84,4/28/2017 12:35,196.2,4/28/2017 9:42,43.585
4/25/2017 12:33,1055.84,4/28/2017 12:36,196.22,4/28/2017 9:43,43.585
4/25/2017 12:34,1055.61,4/28/2017 12:37,196.21,4/28/2017 9:44,43.57
4/25/2017 12:35,1055.18,4/28/2017 12:38,196.2,4/28/2017 9:45,43.58
4/25/2017 12:36,1055.23,4/28/2017 12:39,196.19,4/28/2017 9:46,43.585
4/25/2017 12:37,1055.38,4/28/2017 12:40,196.2,4/28/2017 9:47,43.56
4/25/2017 12:38,1055.37,4/28/2017 12:41,196.22,4/28/2017 9:48,43.57
4/25/2017 12:39,1055.33,4/28/2017 12:42,196.23,4/28/2017 9:49,43.56
4/25/2017 12:40,1055.17,4/28/2017 12:43,196.24,4/28/2017 9:50,43.555
4/25/2017 12:41,1055.29,4/28/2017 12:44,196.27,4/28/2017 9:51,43.54
4/25/2017 12:42,1055.19,4/28/2017 12:45,196.25,4/28/2017 9:52,43.52
4/25/2017 12:43,1055.29,4/28/2017 12:46,196.21,4/28/2017 9:53,43.535
4/25/2017 12:44,1055.12,4/28/2017 12:47,196.17,4/28/2017 9:54,43.55
4/25/2017 12:45,1055.16,4/28/2017 12:48,196.15,4/28/2017 9:55,43.57
4/25/2017 12:46,1055.18,4/28/2017 12:49,196.15,4/28/2017 9:56,43.59
4/25/2017 12:47,1055.26,4/28/2017 12:50,196.16,4/28/2017 9:57,43.59
4/25/2017 12:48,1055.39,4/28/2017 12:51,196.15,4/28/2017 9:58,43.615
4/25/2017 12:49,1055.44,4/28/2017 12:52,196.13,4/28/2017 9:59,43.57
4/25/2017 12:50,1055.29,4/28/2017 12:53,196.1,4/28/2017 10:00,43.595
4/25/2017 12:51,1055.38,4/28/2017 12:54,196.06,4/28/2017 10:01,43.615
4/25/2017 12:52,1055.52,4/28/2017 12:55,196.04,4/28/2017 10:02,43.585
4/25/2017 12:53,1055.46,4/28/2017 12:56,196.032,4/28/2017 10:03,43.565
4/25/2017 12:54,1055.34,4/28/2017 12:57,196.03,4/28/2017 10:04,43.595
4/25/2017 12:55,1055.33,4/28/2017 12:58,196.07,4/28/2017 10:05,43.605
4/25/2017 12:56,1055.39,4/28/2017 12:59,196.06,4/28/2017 10:06,43.61
4/25/2017 12:57,1055.43,4/28/2017 13:00,196.02,4/28/2017 10:07,43.61
4/25/2017 12:58,1055.26,4/28/2017 13:01,196.02,4/28/2017 10:08,43.615
4/25/2017 12:59,1055.29,4/28/2017 13:02,196.01,4/28/2017 10:09,43.62
4/25/2017 13:00,1055.29,4/28/2017 13:03,195.99,4/28/2017 10:10,43.58
4/25/2017 13:01,1055.37,4/28/2017 13:04,196,4/28/2017 10:11,43.56
4/25/2017 13:02,1055.47,4/28/2017 13:05,195.99,4/28/2017 10:12,43.565
4/25/2017 13:03,1055.58,4/28/2017 13:06,195.99,4/28/2017 10:13,43.58
4/25/2017 13:04,1055.69,4/28/2017 13:07,195.96,4/28/2017 10:14,43.575
4/25/2017 13:05,1055.72,4/28/2017 13:08,195.945,4/28/2017 10:15,43.56
4/25/2017 13:06,1055.77,4/28/2017 13:09,195.91,4/28/2017 10:16,43.57
4/25/2017 13:07,1055.98,4/28/2017 13:10,195.89,4/28/2017 10:17,43.57
4/25/2017 13:08,1055.92,4/28/2017 13:11,195.859,4/28/2017 10:18,43.59
4/25/2017 13:09,1056.08,4/28/2017 13:12,195.86,4/28/2017 10:19,43.6099
4/25/2017 13:10,1056.1,4/28/2017 13:13,195.86,4/28/2017 10:20,43.59
4/25/2017 13:11,1056.14,4/28/2017 13:14,195.89,4/28/2017 10:21,43.62
4/25/2017 13:12,1056.2,4/28/2017 13:15,195.89,4/28/2017 10:22,43.59
4/25/2017 13:13,1056.38,4/28/2017 13:16,195.87,4/28/2017 10:23,43.585
4/25/2017 13:14,1056.33,4/28/2017 13:17,195.83,4/28/2017 10:24,43.6
4/25/2017 13:15,1056.44,4/28/2017 13:18,195.81,4/28/2017 10:25,43.585
4/25/2017 13:16,1056.38,4/28/2017 13:19,195.74,4/28/2017 10:26,43.605
4/25/2017 13:17,1056.28,4/28/2017 13:20,195.78,4/28/2017 10:27,43.595
4/25/2017 13:18,1056.3,4/28/2017 13:21,195.82,4/28/2017 10:28,43.58
4/25/2017 13:19,1056.35,4/28/2017 13:22,195.83,4/28/2017 10:29,43.59
4/25/2017 13:20,1056.38,4/28/2017 13:23,195.89,4/28/2017 10:30,43.61
4/25/2017 13:21,1056.43,4/28/2017 13:24,195.87,4/28/2017 10:31,43.61
4/25/2017 13:22,1056.54,4/28/2017 13:25,195.84,4/28/2017 10:32,43.605
4/25/2017 13:23,1056.24,4/28/2017 13:26,195.83,4/28/2017 10:33,43.62
4/25/2017 13:24,1056.28,4/28/2017 13:27,195.82,4/28/2017 10:34,43.64
4/25/2017 13:25,1056.27,4/28/2017 13:28,195.82,4/28/2017 10:35,43.6525
4/25/2017 13:26,1056.3,4/28/2017 13:29,195.77,4/28/2017 10:36,43.68
4/25/2017 13:27,1056.23,4/28/2017 13:30,195.76,4/28/2017 10:37,43.69
4/25/2017 13:28,1056.07,4/28/2017 13:31,195.78,4/28/2017 10:38,43.705
4/25/2017 13:29,1056.09,4/28/2017 13:32,195.84,4/28/2017 10:39,43.7146
4/25/2017 13:30,1056.15,4/28/2017 13:33,195.81,4/28/2017 10:40,43.695
4/25/2017 13:31,1056.01,4/28/2017 13:34,195.77,4/28/2017 10:41,43.72
4/25/2017 13:32,1056,4/28/2017 13:35,195.81,4/28/2017 10:42,43.71
4/25/2017 13:33,1056.15,4/28/2017 13:36,195.81,4/28/2017 10:43,43.72
4/25/2017 13:34,1056.24,4/28/2017 13:37,195.8,4/28/2017 10:44,43.74
4/25/2017 13:35,1056.11,4/28/2017 13:38,195.76,4/28/2017 10:45,43.745
4/25/2017 13:36,1056.18,4/28/2017 13:39,195.775,4/28/2017 10:46,43.745
4/25/2017 13:37,1056.21,4/28/2017 13:40,195.76,4/28/2017 10:47,43.75
4/25/2017 13:38,1056.05,4/28/2017 13:41,195.77,4/28/2017 10:48,43.73
4/25/2017 13:39,1056.01,4/28/2017 13:42,195.79,4/28/2017 10:49,43.735
4/25/2017 13:40,1056.02,4/28/2017 13:43,195.78,4/28/2017 10:50,43.725
4/25/2017 13:41,1056.08,4/28/2017 13:44,195.75,4/28/2017 10:51,43.68
4/25/2017 13:42,1055.82,4/28/2017 13:45,195.75,4/28/2017 10:52,43.6691
4/25/2017 13:43,1056.26,4/28/2017 13:46,195.76,4/28/2017 10:53,43.67
4/25/2017 13:44,1056.31,4/28/2017 13:47,195.78,4/28/2017 10:54,43.675
4/25/2017 13:45,1056.32,4/28/2017 13:48,195.78,4/28/2017 10:55,43.6752
4/25/2017 13:46,1056.39,4/28/2017 13:49,195.79,4/28/2017 10:56,43.67
4/25/2017 13:47,1056.3,4/28/2017 13:50,195.84,4/28/2017 10:57,43.68
4/25/2017 13:48,1056.36,4/28/2017 13:51,195.84,4/28/2017 10:58,43.67
4/25/2017 13:49,1056.27,4/28/2017 13:52,195.86,4/28/2017 10:59,43.685
4/25/2017 13:50,1056.38,4/28/2017 13:53,195.86,4/28/2017 11:00,43.69
4/25/2017 13:51,1056.31,4/28/2017 13:54,195.868,4/28/2017 11:01,43.675
4/25/2017 13:52,1056.3,4/28/2017 13:55,195.79,4/28/2017 11:02,43.67
4/25/2017 13:53,1056.18,4/28/2017 13:56,195.81,4/28/2017 11:03,43.68
4/25/2017 13:54,1056.31,4/28/2017 13:57,195.8,4/28/2017 11:04,43.685
4/25/2017 13:55,1056.34,4/28/2017 13:58,195.77,4/28/2017 11:05,43.66
4/25/2017 13:56,1056.27,4/28/2017 13:59,195.81,4/28/2017 11:06,43.665
4/25/2017 13:57,1056.19,4/28/2017 14:00,195.7,4/28/2017 11:07,43.66
4/25/2017 13:58,1056.21,4/28/2017 14:01,195.69,4/28/2017 11:08,43.66
4/25/2017 13:59,1056.24,4/28/2017 14:02,195.74,4/28/2017 11:09,43.6849
4/25/2017 14:00,1056.03,4/28/2017 14:03,195.71,4/28/2017 11:10,43.68
4/25/2017 14:01,1056.22,4/28/2017 14:04,195.67,4/28/2017 11:11,43.69
4/25/2017 14:02,1056.24,4/28/2017 14:05,195.7,4/28/2017 11:12,43.66
4/25/2017 14:03,1056.27,4/28/2017 14:06,195.68,4/28/2017 11:13,43.665
4/25/2017 14:04,1056.35,4/28/2017 14:07,195.66,4/28/2017 11:14,43.655
4/25/2017 14:05,1056.32,4/28/2017 14:08,195.64,4/28/2017 11:15,43.655
4/25/2017 14:06,1056.53,4/28/2017 14:09,195.59,4/28/2017 11:16,43.64
4/25/2017 14:07,1056.46,4/28/2017 14:10,195.63,4/28/2017 11:17,43.645
4/25/2017 14:08,1056.57,4/28/2017 14:11,195.57,4/28/2017 11:18,43.605
4/25/2017 14:09,1056.63,4/28/2017 14:12,195.61,4/28/2017 11:19,43.61
4/25/2017 14:10,1056.62,4/28/2017 14:13,195.62,4/28/2017 11:20,43.605
4/25/2017 14:11,1056.79,4/28/2017 14:14,195.57,4/28/2017 11:21,43.625
4/25/2017 14:12,1056.89,4/28/2017 14:15,195.57,4/28/2017 11:22,43.625
4/25/2017 14:13,1056.9,4/28/2017 14:16,195.58,4/28/2017 11:23,43.665
4/25/2017 14:14,1056.72,4/28/2017 14:17,195.59,4/28/2017 11:24,43.665
4/25/2017 14:15,1056.69,4/28/2017 14:18,195.68,4/28/2017 11:25,43.69
4/25/2017 14:16,1056.73,4/28/2017 14:19,195.64,4/28/2017 11:26,43.7
4/25/2017 14:17,1056.67,4/28/2017 14:20,195.63,4/28/2017 11:27,43.685
4/25/2017 14:18,1056.81,4/28/2017 14:21,195.6,4/28/2017 11:28,43.67
4/25/2017 14:19,1056.86,4/28/2017 14:22,195.63,4/28/2017 11:29,43.67
4/25/2017 14:20,1056.65,4/28/2017 14:23,195.6,4/28/2017 11:30,43.655
4/25/2017 14:21,1056.62,4/28/2017 14:24,195.645,4/28/2017 11:31,43.66
4/25/2017 14:22,1056.55,4/28/2017 14:25,195.67,4/28/2017 11:32,43.67
4/25/2017 14:23,1056.46,4/28/2017 14:26,195.7,4/28/2017 11:33,43.6501
4/25/2017 14:24,1056.46,4/28/2017 14:27,195.74,4/28/2017 11:34,43.6542
4/25/2017 14:25,1056.59,4/28/2017 14:28,195.77,4/28/2017 11:35,43.6548
4/25/2017 14:26,1056.58,4/28/2017 14:29,195.8,4/28/2017 11:36,43.655
4/25/2017 14:27,1056.53,4/28/2017 14:30,195.81,4/28/2017 11:37,43.66
4/25/2017 14:28,1056.44,4/28/2017 14:31,195.79,4/28/2017 11:38,43.67
4/25/2017 14:29,1056.4,4/28/2017 14:32,195.8,4/28/2017 11:39,43.65
4/25/2017 14:30,1056.24,4/28/2017 14:33,195.78,4/28/2017 11:40,43.65
4/25/2017 14:31,1056.47,4/28/2017 14:34,195.81,4/28/2017 11:41,43.67
4/25/2017 14:32,1056.57,4/28/2017 14:35,195.805,4/28/2017 11:42,43.675
4/25/2017 14:33,1056.56,4/28/2017 14:36,195.734,4/28/2017 11:43,43.68
4/25/2017 14:34,1056.67,4/28/2017 14:37,195.74,4/28/2017 11:44,43.685
4/25/2017 14:35,1056.64,4/28/2017 14:38,195.775,4/28/2017 11:45,43.66
4/25/2017 14:36,1056.61,4/28/2017 14:39,195.775,4/28/2017 11:46,43.66
4/25/2017 14:37,1056.63,4/28/2017 14:40,195.81,4/28/2017 11:47,43.66
4/25/2017 14:38,1056.65,4/28/2017 14:41,195.83,4/28/2017 11:48,43.675
4/25/2017 14:39,1056.69,4/28/2017 14:42,195.83,4/28/2017 11:49,43.695
4/25/2017 14:40,1056.47,4/28/2017 14:43,195.83,4/28/2017 11:50,43.7
4/25/2017 14:41,1056.47,4/28/2017 14:44,195.84,4/28/2017 11:51,43.7
4/25/2017 14:42,1056.48,4/28/2017 14:45,195.85,4/28/2017 11:52,43.695
4/25/2017 14:43,1056.45,4/28/2017 14:46,195.85,4/28/2017 11:53,43.695
4/25/2017 14:44,1056.54,4/28/2017 14:47,195.86,4/28/2017 11:54,43.72
4/25/2017 14:45,1056.6,4/28/2017 14:48,195.85,4/28/2017 11:55,43.71
4/25/2017 14:46,1056.7,4/28/2017 14:49,195.84,4/28/2017 11:56,43.725
4/25/2017 14:47,1056.47,4/28/2017 14:50,195.84,4/28/2017 11:57,43.72
4/25/2017 14:48,1056.43,4/28/2017 14:51,195.84,4/28/2017 11:58,43.695
4/25/2017 14:49,1056.43,4/28/2017 14:52,195.8,4/28/2017 11:59,43.69
4/25/2017 14:50,1056.35,4/28/2017 14:53,195.81,4/28/2017 12:00,43.705
4/25/2017 14:51,1056.36,4/28/2017 14:54,195.8,4/28/2017 12:01,43.71
4/25/2017 14:52,1056.23,4/28/2017 14:55,195.805,4/28/2017 12:02,43.715
4/25/2017 14:53,1056.35,4/28/2017 14:56,195.83,4/28/2017 12:03,43.72
4/25/2017 14:54,1056.24,4/28/2017 14:57,195.855,4/28/2017 12:04,43.715
4/25/2017 14:55,1056.15,4/28/2017 14:58,195.93,4/28/2017 12:05,43.72
4/25/2017 14:56,1055.82,4/28/2017 14:59,195.87,4/28/2017 12:06,43.72
4/25/2017 14:57,1055.99,4/28/2017 15:00,195.8,4/28/2017 12:07,43.71
4/25/2017 14:58,1056.19,4/28/2017 15:01,195.79,4/28/2017 12:08,43.72
4/25/2017 14:59,1056,4/28/2017 15:02,195.81,4/28/2017 12:09,43.725
4/25/2017 15:00,1055.99,4/28/2017 15:03,195.81,4/28/2017 12:10,43.7
4/25/2017 15:01,1056.01,4/28/2017 15:04,195.82,4/28/2017 12:11,43.705
4/25/2017 15:02,1056.35,4/28/2017 15:05,195.796,4/28/2017 12:12,43.69
4/25/2017 15:03,1056.43,4/28/2017 15:06,195.865,4/28/2017 12:13,43.695
4/25/2017 15:04,1056.51,4/28/2017 15:07,195.91,4/28/2017 12:14,43.69
4/25/2017 15:05,1057.24,4/28/2017 15:08,195.93,4/28/2017 12:15,43.6838
4/25/2017 15:06,1056.99,4/28/2017 15:09,195.96,4/28/2017 12:16,43.68
4/25/2017 15:07,1056.97,4/28/2017 15:10,195.94,4/28/2017 12:17,43.6899
4/25/2017 15:08,1057,4/28/2017 15:11,195.93,4/28/2017 12:18,43.7
4/25/2017 15:09,1057.22,4/28/2017 15:12,195.96,4/28/2017 12:19,43.705
4/25/2017 15:10,1056.92,4/28/2017 15:13,195.935,4/28/2017 12:20,43.7
4/25/2017 15:11,1056.82,4/28/2017 15:14,195.92,4/28/2017 12:21,43.685
4/25/2017 15:12,1056.94,4/28/2017 15:15,195.86,4/28/2017 12:22,43.67
4/25/2017 15:13,1056.97,4/28/2017 15:16,195.85,4/28/2017 12:23,43.675
4/25/2017 15:14,1056.9,4/28/2017 15:17,195.8,4/28/2017 12:24,43.695
4/25/2017 15:15,1056.82,4/28/2017 15:18,195.79,4/28/2017 12:25,43.71
4/25/2017 15:16,1056.81,4/28/2017 15:19,195.79,4/28/2017 12:26,43.72
4/25/2017 15:17,1057.05,4/28/2017 15:20,195.793,4/28/2017 12:27,43.7
4/25/2017 15:18,1057.13,4/28/2017 15:21,195.81,4/28/2017 12:28,43.7
4/25/2017 15:19,1057.13,4/28/2017 15:22,195.79,4/28/2017 12:29,43.71
4/25/2017 15:20,1057.07,4/28/2017 15:23,195.795,4/28/2017 12:30,43.705
4/25/2017 15:21,1057.14,4/28/2017 15:24,195.77,4/28/2017 12:31,43.695
4/25/2017 15:22,1057.18,4/28/2017 15:25,195.68,4/28/2017 12:32,43.685
4/25/2017 15:23,1057.12,4/28/2017 15:26,195.69,4/28/2017 12:33,43.685
4/25/2017 15:24,1057.03,4/28/2017 15:27,195.7,4/28/2017 12:34,43.69
4/25/2017 15:25,1056.93,4/28/2017 15:28,195.67,4/28/2017 12:35,43.71
4/25/2017 15:26,1056.82,4/28/2017 15:29,195.68,4/28/2017 12:36,43.7073
4/25/2017 15:27,1056.87,4/28/2017 15:30,195.63,4/28/2017 12:37,43.71
4/25/2017 15:28,1056.73,4/28/2017 15:31,195.59,4/28/2017 12:38,43.6857
4/25/2017 15:29,1056.78,4/28/2017 15:32,195.61,4/28/2017 12:39,43.67
4/25/2017 15:30,1056.48,4/28/2017 15:33,195.65,4/28/2017 12:40,43.68
4/25/2017 15:31,1056.48,4/28/2017 15:34,195.68,4/28/2017 12:41,43.67
4/25/2017 15:32,1056.56,4/28/2017 15:35,195.7,4/28/2017 12:42,43.69
4/25/2017 15:33,1056.66,4/28/2017 15:36,195.65,4/28/2017 12:43,43.695
4/25/2017 15:34,1056.6,4/28/2017 15:37,195.64,4/28/2017 12:44,43.7
4/25/2017 15:35,1056.49,4/28/2017 15:38,195.59,4/28/2017 12:45,43.685
4/25/2017 15:36,1056.51,4/28/2017 15:39,195.57,4/28/2017 12:46,43.684
4/25/2017 15:37,1056.48,4/28/2017 15:40,195.57,4/28/2017 12:47,43.685
4/25/2017 15:38,1056.36,4/28/2017 15:41,195.58,4/28/2017 12:48,43.69
4/25/2017 15:39,1056.26,4/28/2017 15:42,195.6,4/28/2017 12:49,43.69
4/25/2017 15:40,1056.54,4/28/2017 15:43,195.625,4/28/2017 12:50,43.68
4/25/2017 15:41,1056.5,4/28/2017 15:44,195.62,4/28/2017 12:51,43.69
4/25/2017 15:42,1056.39,4/28/2017 15:45,195.63,4/28/2017 12:52,43.69
4/25/2017 15:43,1056.43,4/28/2017 15:46,195.67,4/28/2017 12:53,43.69
4/25/2017 15:44,1056.26,4/28/2017 15:47,195.65,4/28/2017 12:54,43.66
4/25/2017 15:45,1056.3,4/28/2017 15:48,195.635,4/28/2017 12:55,43.66
4/25/2017 15:46,1056.29,4/28/2017 15:49,195.63,4/28/2017 12:56,43.665
4/25/2017 15:47,1056.48,4/28/2017 15:50,195.655,4/28/2017 12:57,43.65
4/25/2017 15:48,1056.24,4/28/2017 15:51,195.655,4/28/2017 12:58,43.66
4/25/2017 15:49,1056.34,4/28/2017 15:52,195.66,4/28/2017 12:59,43.68
4/25/2017 15:50,1056.03,4/28/2017 15:53,195.66,4/28/2017 13:00,43.6549
4/25/2017 15:51,1055.7,4/28/2017 15:54,195.675,4/28/2017 13:01,43.665
4/25/2017 15:52,1055.58,4/28/2017 15:55,195.72,4/28/2017 13:02,43.65
4/25/2017 15:53,1055.7,4/28/2017 15:56,195.75,4/28/2017 13:03,43.66
4/25/2017 15:54,1055.83,4/28/2017 15:57,195.69,4/28/2017 13:04,43.67
4/25/2017 15:55,1055.86,4/28/2017 15:58,195.75,4/28/2017 13:05,43.67
4/25/2017 15:56,1056.06,4/28/2017 15:59,195.78,4/28/2017 13:06,43.66
4/25/2017 15:57,1055.99,4/28/2017 16:03,195.83,4/28/2017 13:07,43.655
4/25/2017 15:58,1056.03,,,4/28/2017 13:08,43.635
4/25/2017 15:59,1055.42,,,4/28/2017 13:09,43.63
4/25/2017 16:00,1055.38,,,4/28/2017 13:10,43.63
4/25/2017 16:01,1055.4,,,4/28/2017 13:11,43.605
4/25/2017 16:02,1055.4,,,4/28/2017 13:12,43.565
4/25/2017 16:03,1055.4,,,4/28/2017 13:13,43.595
4/25/2017 16:04,1055.4,,,4/28/2017 13:14,43.57
4/25/2017 16:05,1055.4,,,4/28/2017 13:15,43.59
4/25/2017 16:06,1055.4,,,4/28/2017 13:16,43.59
4/25/2017 16:07,1055.4,,,4/28/2017 13:17,43.575
4/25/2017 16:08,1055.4,,,4/28/2017 13:18,43.57
4/25/2017 16:09,1055.4,,,4/28/2017 13:19,43.565
4/25/2017 16:10,1055.4,,,4/28/2017 13:20,43.585
4/25/2017 16:11,1055.4,,,4/28/2017 13:21,43.605
4/25/2017 16:12,1055.4,,,4/28/2017 13:22,43.59
4/25/2017 16:13,1055.4,,,4/28/2017 13:23,43.6
4/25/2017 16:14,1055.4,,,4/28/2017 13:24,43.62
4/26/2017 9:30,1055.74,,,4/28/2017 13:25,43.645
4/26/2017 9:31,1055.78,,,4/28/2017 13:26,43.645
4/26/2017 9:32,1056.31,,,4/28/2017 13:27,43.65
4/26/2017 9:33,1056.82,,,4/28/2017 13:28,43.65
4/26/2017 9:34,1056.61,,,4/28/2017 13:29,43.64
4/26/2017 9:35,1056.54,,,4/28/2017 13:30,43.63
4/26/2017 9:36,1056.28,,,4/28/2017 13:31,43.625
4/26/2017 9:37,1056.28,,,4/28/2017 13:32,43.65
4/26/2017 9:38,1056.28,,,4/28/2017 13:33,43.66
4/26/2017 9:39,1056.28,,,4/28/2017 13:34,43.65
4/26/2017 9:40,1056.09,,,4/28/2017 13:35,43.63
4/26/2017 9:41,1055.85,,,4/28/2017 13:36,43.64
4/26/2017 9:42,1055.51,,,4/28/2017 13:37,43.655
4/26/2017 9:43,1055.51,,,4/28/2017 13:38,43.65
4/26/2017 9:44,1055.56,,,4/28/2017 13:39,43.645
4/26/2017 9:45,1055.46,,,4/28/2017 13:40,43.62
4/26/2017 9:46,1055.59,,,4/28/2017 13:41,43.615
4/26/2017 9:47,1055.69,,,4/28/2017 13:42,43.62
4/26/2017 9:48,1055.98,,,4/28/2017 13:43,43.615
4/26/2017 9:49,1056.19,,,4/28/2017 13:44,43.615
4/26/2017 9:50,1056.24,,,4/28/2017 13:45,43.6086
4/26/2017 9:51,1056.48,,,4/28/2017 13:46,43.61
4/26/2017 9:52,1056.62,,,4/28/2017 13:47,43.62
4/26/2017 9:53,1056.34,,,4/28/2017 13:48,43.63
4/26/2017 9:54,1056.32,,,4/28/2017 13:49,43.63
4/26/2017 9:55,1056.37,,,4/28/2017 13:50,43.63
4/26/2017 9:56,1056.53,,,4/28/2017 13:51,43.6399
4/26/2017 9:57,1056.29,,,4/28/2017 13:52,43.615
4/26/2017 9:58,1056.35,,,4/28/2017 13:53,43.61
4/26/2017 9:59,1056.66,,,4/28/2017 13:54,43.6138
4/26/2017 10:00,1056.33,,,4/28/2017 13:55,43.6
4/26/2017 10:01,1056.35,,,4/28/2017 13:56,43.6
4/26/2017 10:02,1056.45,,,4/28/2017 13:57,43.6
4/26/2017 10:03,1056.57,,,4/28/2017 13:58,43.605
4/26/2017 10:04,1056.4,,,4/28/2017 13:59,43.62
4/26/2017 10:05,1056.39,,,4/28/2017 14:00,43.615
4/26/2017 10:06,1056.36,,,4/28/2017 14:01,43.615
4/26/2017 10:07,1056.54,,,4/28/2017 14:02,43.635
4/26/2017 10:08,1056.76,,,4/28/2017 14:03,43.63
4/26/2017 10:09,1056.62,,,4/28/2017 14:04,43.63
4/26/2017 10:10,1056.52,,,4/28/2017 14:05,43.625
4/26/2017 10:11,1056.48,,,4/28/2017 14:06,43.6243
4/26/2017 10:12,1056.55,,,4/28/2017 14:07,43.64
4/26/2017 10:13,1056.74,,,4/28/2017 14:08,43.64
4/26/2017 10:14,1056.7,,,4/28/2017 14:09,43.585
4/26/2017 10:15,1056.69,,,4/28/2017 14:10,43.59
4/26/2017 10:16,1056.55,,,4/28/2017 14:11,43.595
4/26/2017 10:17,1056.38,,,4/28/2017 14:12,43.59
4/26/2017 10:18,1056.32,,,4/28/2017 14:13,43.585
4/26/2017 10:19,1056.31,,,4/28/2017 14:14,43.59
4/26/2017 10:20,1056.17,,,4/28/2017 14:15,43.59
4/26/2017 10:21,1056.22,,,4/28/2017 14:16,43.6
4/26/2017 10:22,1056.18,,,4/28/2017 14:17,43.625
4/26/2017 10:23,1056.11,,,4/28/2017 14:18,43.61
4/26/2017 10:24,1056.24,,,4/28/2017 14:19,43.605
4/26/2017 10:25,1056.28,,,4/28/2017 14:20,43.5901
4/26/2017 10:26,1056.34,,,4/28/2017 14:21,43.58
4/26/2017 10:27,1056.46,,,4/28/2017 14:22,43.59
4/26/2017 10:28,1056.45,,,4/28/2017 14:23,43.58
4/26/2017 10:29,1056.52,,,4/28/2017 14:24,43.595
4/26/2017 10:30,1056.6,,,4/28/2017 14:25,43.61
4/26/2017 10:31,1056.45,,,4/28/2017 14:26,43.6095
4/26/2017 10:32,1056.76,,,4/28/2017 14:27,43.625
4/26/2017 10:33,1056.64,,,4/28/2017 14:28,43.624
4/26/2017 10:34,1056.57,,,4/28/2017 14:29,43.63
4/26/2017 10:35,1056.43,,,4/28/2017 14:30,43.64
4/26/2017 10:36,1056.64,,,4/28/2017 14:31,43.64
4/26/2017 10:37,1056.45,,,4/28/2017 14:32,43.64
4/26/2017 10:38,1056.48,,,4/28/2017 14:33,43.65
4/26/2017 10:39,1056.42,,,4/28/2017 14:34,43.67
4/26/2017 10:40,1056.65,,,4/28/2017 14:35,43.665
4/26/2017 10:41,1056.48,,,4/28/2017 14:36,43.64
4/26/2017 10:42,1056.48,,,4/28/2017 14:37,43.6499
4/26/2017 10:43,1056.52,,,4/28/2017 14:38,43.65
4/26/2017 10:44,1056.35,,,4/28/2017 14:39,43.6401
4/26/2017 10:45,1056.4,,,4/28/2017 14:40,43.65
4/26/2017 10:46,1056.58,,,4/28/2017 14:41,43.64
4/26/2017 10:47,1056.59,,,4/28/2017 14:42,43.635
4/26/2017 10:48,1056.55,,,4/28/2017 14:43,43.645
4/26/2017 10:49,1056.66,,,4/28/2017 14:44,43.635
4/26/2017 10:50,1056.8,,,4/28/2017 14:45,43.635
4/26/2017 10:51,1056.98,,,4/28/2017 14:46,43.63
4/26/2017 10:52,1057.14,,,4/28/2017 14:47,43.625
4/26/2017 10:53,1057.37,,,4/28/2017 14:48,43.63
4/26/2017 10:54,1057.27,,,4/28/2017 14:49,43.645
4/26/2017 10:55,1057.24,,,4/28/2017 14:50,43.64
4/26/2017 10:56,1057.05,,,4/28/2017 14:51,43.65
4/26/2017 10:57,1057.32,,,4/28/2017 14:52,43.635
4/26/2017 10:58,1057.4,,,4/28/2017 14:53,43.62
4/26/2017 10:59,1057.29,,,4/28/2017 14:54,43.635
4/26/2017 11:00,1057.16,,,4/28/2017 14:55,43.6399
4/26/2017 11:01,1057.26,,,4/28/2017 14:56,43.645
4/26/2017 11:02,1057.13,,,4/28/2017 14:57,43.65
4/26/2017 11:03,1057.3,,,4/28/2017 14:58,43.66
4/26/2017 11:04,1057.22,,,4/28/2017 14:59,43.63
4/26/2017 11:05,1057.18,,,4/28/2017 15:00,43.61
4/26/2017 11:06,1057.08,,,4/28/2017 15:01,43.625
4/26/2017 11:07,1056.98,,,4/28/2017 15:02,43.63
4/26/2017 11:08,1056.97,,,4/28/2017 15:03,43.62
4/26/2017 11:09,1056.95,,,4/28/2017 15:04,43.63
4/26/2017 11:10,1057.3,,,4/28/2017 15:05,43.62
4/26/2017 11:11,1057.14,,,4/28/2017 15:06,43.6454
4/26/2017 11:12,1056.95,,,4/28/2017 15:07,43.66
4/26/2017 11:13,1057.02,,,4/28/2017 15:08,43.65
4/26/2017 11:14,1056.95,,,4/28/2017 15:09,43.65
4/26/2017 11:15,1057.09,,,4/28/2017 15:10,43.645
4/26/2017 11:16,1057.17,,,4/28/2017 15:11,43.645
4/26/2017 11:17,1057.17,,,4/28/2017 15:12,43.64
4/26/2017 11:18,1057.14,,,4/28/2017 15:13,43.62
4/26/2017 11:19,1057.13,,,4/28/2017 15:14,43.63
4/26/2017 11:20,1057.2,,,4/28/2017 15:15,43.63
4/26/2017 11:21,1057.42,,,4/28/2017 15:16,43.63
4/26/2017 11:22,1057.51,,,4/28/2017 15:17,43.63
4/26/2017 11:23,1058.22,,,4/28/2017 15:18,43.62
4/26/2017 11:24,1058.71,,,4/28/2017 15:19,43.62
4/26/2017 11:25,1059,,,4/28/2017 15:20,43.625
4/26/2017 11:26,1058.8,,,4/28/2017 15:21,43.62
4/26/2017 11:27,1059.1,,,4/28/2017 15:22,43.62
4/26/2017 11:28,1059.08,,,4/28/2017 15:23,43.63
4/26/2017 11:29,1059.04,,,4/28/2017 15:24,43.62
4/26/2017 11:30,1058.77,,,4/28/2017 15:25,43.65
4/26/2017 11:31,1058.72,,,4/28/2017 15:26,43.63
4/26/2017 11:32,1058.86,,,4/28/2017 15:27,43.62
4/26/2017 11:33,1058.78,,,4/28/2017 15:28,43.63
4/26/2017 11:34,1058.72,,,4/28/2017 15:29,43.63
4/26/2017 11:35,1058.55,,,4/28/2017 15:30,43.63
4/26/2017 11:36,1058.62,,,4/28/2017 15:31,43.6
4/26/2017 11:37,1058.42,,,4/28/2017 15:32,43.61
4/26/2017 11:38,1058.44,,,4/28/2017 15:33,43.625
4/26/2017 11:39,1058.5,,,4/28/2017 15:34,43.62
4/26/2017 11:40,1058.48,,,4/28/2017 15:35,43.66
4/26/2017 11:41,1058.42,,,4/28/2017 15:36,43.655
4/26/2017 11:42,1058.29,,,4/28/2017 15:37,43.655
4/26/2017 11:43,1058.1,,,4/28/2017 15:38,43.64
4/26/2017 11:44,1057.52,,,4/28/2017 15:39,43.63
4/26/2017 11:45,1057.63,,,4/28/2017 15:40,43.64
4/26/2017 11:46,1056.37,,,4/28/2017 15:41,43.635
4/26/2017 11:47,1056.42,,,4/28/2017 15:42,43.625
4/26/2017 11:48,1056.54,,,4/28/2017 15:43,43.625
4/26/2017 11:49,1055.84,,,4/28/2017 15:44,43.64
4/26/2017 11:50,1056.21,,,4/28/2017 15:45,43.63
4/26/2017 11:51,1056.05,,,4/28/2017 15:46,43.63
4/26/2017 11:52,1056.37,,,4/28/2017 15:47,43.63
4/26/2017 11:53,1056.34,,,4/28/2017 15:48,43.625
4/26/2017 11:54,1056.27,,,4/28/2017 15:49,43.64
4/26/2017 11:55,1056.31,,,4/28/2017 15:50,43.655
4/26/2017 11:56,1056.6,,,4/28/2017 15:51,43.66
4/26/2017 11:57,1056.45,,,4/28/2017 15:52,43.64
4/26/2017 11:58,1056.47,,,4/28/2017 15:53,43.635
4/26/2017 11:59,1056.54,,,4/28/2017 15:54,43.63
4/26/2017 12:00,1056.17,,,4/28/2017 15:55,43.65
4/26/2017 12:01,1056.59,,,4/28/2017 15:56,43.645
4/26/2017 12:02,1056.87,,,4/28/2017 15:57,43.65
4/26/2017 12:03,1056.88,,,4/28/2017 15:58,43.647
4/26/2017 12:04,1056.84,,,4/28/2017 15:59,43.65
4/26/2017 12:05,1056.8,,,4/28/2017 16:01,43.64
4/26/2017 12:06,1056.77,,,,
4/26/2017 12:07,1056.83,,,,
4/26/2017 12:08,1056.84,,,,
4/26/2017 12:09,1056.76,,,,
4/26/2017 12:10,1057.09,,,,
4/26/2017 12:11,1057.28,,,,
4/26/2017 12:12,1057.5,,,,
4/26/2017 12:13,1057.77,,,,
4/26/2017 12:14,1057.72,,,,
4/26/2017 12:15,1057.51,,,,
4/26/2017 12:16,1057.88,,,,
4/26/2017 12:17,1057.78,,,,
4/26/2017 12:18,1057.86,,,,
4/26/2017 12:19,1057.84,,,,
4/26/2017 12:20,1057.67,,,,
4/26/2017 12:21,1057.61,,,,
4/26/2017 12:22,1057.4,,,,
4/26/2017 12:23,1057.43,,,,
4/26/2017 12:24,1057.37,,,,
4/26/2017 12:25,1057.39,,,,
4/26/2017 12:26,1057.15,,,,
4/26/2017 12:27,1057.21,,,,
4/26/2017 12:28,1057.21,,,,
4/26/2017 12:29,1057.06,,,,
4/26/2017 12:30,1057.17,,,,
4/26/2017 12:31,1057.06,,,,
4/26/2017 12:32,1057.24,,,,
4/26/2017 12:33,1057.36,,,,
4/26/2017 12:34,1057.37,,,,
4/26/2017 12:35,1057.32,,,,
4/26/2017 12:36,1057.23,,,,
4/26/2017 12:37,1056.94,,,,
4/26/2017 12:38,1057.14,,,,
4/26/2017 12:39,1057.08,,,,
4/26/2017 12:40,1057.21,,,,
4/26/2017 12:41,1057.24,,,,
4/26/2017 12:42,1057.23,,,,
4/26/2017 12:43,1057.02,,,,
4/26/2017 12:44,1057.08,,,,
4/26/2017 12:45,1057.3,,,,
4/26/2017 12:46,1057.75,,,,
4/26/2017 12:47,1057.49,,,,
4/26/2017 12:48,1057.1,,,,
4/26/2017 12:49,1056.95,,,,
4/26/2017 12:50,1057.15,,,,
4/26/2017 12:51,1057.25,,,,
4/26/2017 12:52,1057.22,,,,
4/26/2017 12:53,1057.56,,,,
4/26/2017 12:54,1057.71,,,,
4/26/2017 12:55,1057.72,,,,
4/26/2017 12:56,1057.95,,,,
4/26/2017 12:57,1058.13,,,,
4/26/2017 12:58,1058.26,,,,
4/26/2017 12:59,1058.31,,,,
4/26/2017 13:00,1058.15,,,,
4/26/2017 13:01,1058.37,,,,
4/26/2017 13:02,1058.13,,,,
4/26/2017 13:03,1058.13,,,,
4/26/2017 13:04,1057.97,,,,
4/26/2017 13:05,1058.23,,,,
4/26/2017 13:06,1058.18,,,,
4/26/2017 13:07,1058.23,,,,
4/26/2017 13:08,1058.33,,,,
4/26/2017 13:09,1058.52,,,,
4/26/2017 13:10,1058.53,,,,
4/26/2017 13:11,1058.37,,,,
4/26/2017 13:12,1058.41,,,,
4/26/2017 13:13,1058.12,,,,
4/26/2017 13:14,1058.26,,,,
4/26/2017 13:15,1058.51,,,,
4/26/2017 13:16,1058.47,,,,
4/26/2017 13:17,1058.48,,,,
4/26/2017 13:18,1058.51,,,,
4/26/2017 13:19,1058.31,,,,
4/26/2017 13:20,1058.51,,,,
4/26/2017 13:21,1058.33,,,,
4/26/2017 13:22,1058.52,,,,
4/26/2017 13:23,1058.57,,,,
4/26/2017 13:24,1058.55,,,,
4/26/2017 13:25,1058.25,,,,
4/26/2017 13:26,1058.08,,,,
4/26/2017 13:27,1058.1,,,,
4/26/2017 13:28,1058.16,,,,
4/26/2017 13:29,1057.97,,,,
4/26/2017 13:30,1057.94,,,,
4/26/2017 13:31,1057.69,,,,
4/26/2017 13:32,1057.37,,,,
4/26/2017 13:33,1057.32,,,,
4/26/2017 13:34,1057.54,,,,
4/26/2017 13:35,1057.62,,,,
4/26/2017 13:36,1057.72,,,,
4/26/2017 13:37,1057.72,,,,
4/26/2017 13:38,1058.18,,,,
4/26/2017 13:39,1058.44,,,,
4/26/2017 13:40,1058.12,,,,
4/26/2017 13:41,1057.89,,,,
4/26/2017 13:42,1058.3,,,,
4/26/2017 13:43,1058.84,,,,
4/26/2017 13:44,1059.21,,,,
4/26/2017 13:45,1059.05,,,,
4/26/2017 13:46,1058.88,,,,
4/26/2017 13:47,1058.16,,,,
4/26/2017 13:48,1056.62,,,,
4/26/2017 13:49,1057.27,,,,
4/26/2017 13:50,1057.3,,,,
4/26/2017 13:51,1058.09,,,,
4/26/2017 13:52,1057.97,,,,
4/26/2017 13:53,1058.36,,,,
4/26/2017 13:54,1058,,,,
4/26/2017 13:55,1058.01,,,,
4/26/2017 13:56,1057.81,,,,
4/26/2017 13:57,1057.64,,,,
4/26/2017 13:58,1057.54,,,,
4/26/2017 13:59,1057.26,,,,
4/26/2017 14:00,1056.8,,,,
4/26/2017 14:01,1056.46,,,,
4/26/2017 14:02,1056.78,,,,
4/26/2017 14:03,1056.78,,,,
4/26/2017 14:04,1057.23,,,,
4/26/2017 14:05,1056.85,,,,
4/26/2017 14:06,1057.2,,,,
4/26/2017 14:07,1057.09,,,,
4/26/2017 14:08,1056.91,,,,
4/26/2017 14:09,1057.17,,,,
4/26/2017 14:10,1057.45,,,,
4/26/2017 14:11,1057.33,,,,
4/26/2017 14:12,1057.47,,,,
4/26/2017 14:13,1057.25,,,,
4/26/2017 14:14,1057.58,,,,
4/26/2017 14:15,1057.91,,,,
4/26/2017 14:16,1057.88,,,,
4/26/2017 14:17,1057.77,,,,
4/26/2017 14:18,1057.37,,,,
4/26/2017 14:19,1057.06,,,,
4/26/2017 14:20,1057.25,,,,
4/26/2017 14:21,1057.47,,,,
4/26/2017 14:22,1057.42,,,,
4/26/2017 14:23,1057.75,,,,
4/26/2017 14:24,1057.65,,,,
4/26/2017 14:25,1057.36,,,,
4/26/2017 14:26,1057.57,,,,
4/26/2017 14:27,1057.57,,,,
4/26/2017 14:28,1057.65,,,,
4/26/2017 14:29,1057.17,,,,
4/26/2017 14:30,1057.29,,,,
4/26/2017 14:31,1057.53,,,,
4/26/2017 14:32,1057.56,,,,
4/26/2017 14:33,1057.56,,,,
4/26/2017 14:34,1057.86,,,,
4/26/2017 14:35,1057.55,,,,
4/26/2017 14:36,1057.53,,,,
4/26/2017 14:37,1057.34,,,,
4/26/2017 14:38,1057.38,,,,
4/26/2017 14:39,1057.35,,,,
4/26/2017 14:40,1057.48,,,,
4/26/2017 14:41,1057.28,,,,
4/26/2017 14:42,1057.63,,,,
4/26/2017 14:43,1057.77,,,,
4/26/2017 14:44,1057.76,,,,
4/26/2017 14:45,1057.71,,,,
4/26/2017 14:46,1057.75,,,,
4/26/2017 14:47,1057.71,,,,
4/26/2017 14:48,1057.46,,,,
4/26/2017 14:49,1057.6,,,,
4/26/2017 14:50,1057.72,,,,
4/26/2017 14:51,1057.63,,,,
4/26/2017 14:52,1057.53,,,,
4/26/2017 14:53,1057.61,,,,
4/26/2017 14:54,1057.33,,,,
4/26/2017 14:55,1057.57,,,,
4/26/2017 14:56,1057.62,,,,
4/26/2017 14:57,1057.41,,,,
4/26/2017 14:58,1057.4,,,,
4/26/2017 14:59,1057.2,,,,
4/26/2017 15:00,1057.1,,,,
4/26/2017 15:01,1057.22,,,,
4/26/2017 15:02,1057.24,,,,
4/26/2017 15:03,1057.31,,,,
4/26/2017 15:04,1057.41,,,,
4/26/2017 15:05,1057.44,,,,
4/26/2017 15:06,1057.74,,,,
4/26/2017 15:07,1057.66,,,,
4/26/2017 15:08,1057.53,,,,
4/26/2017 15:09,1057.8,,,,
4/26/2017 15:10,1057.66,,,,
4/26/2017 15:11,1057.71,,,,
4/26/2017 15:12,1057.74,,,,
4/26/2017 15:13,1057.79,,,,
4/26/2017 15:14,1057.79,,,,
4/26/2017 15:15,1057.4,,,,
4/26/2017 15:16,1057.5,,,,
4/26/2017 15:17,1057.61,,,,
4/26/2017 15:18,1057.65,,,,
4/26/2017 15:19,1057.36,,,,
4/26/2017 15:20,1057.47,,,,
4/26/2017 15:21,1057.15,,,,
4/26/2017 15:22,1057.2,,,,
4/26/2017 15:23,1057.22,,,,
4/26/2017 15:24,1057.25,,,,
4/26/2017 15:25,1057.16,,,,
4/26/2017 15:26,1057.24,,,,
4/26/2017 15:27,1056.9,,,,
4/26/2017 15:28,1057.06,,,,
4/26/2017 15:29,1056.98,,,,
4/26/2017 15:30,1056.98,,,,
4/26/2017 15:31,1056.92,,,,
4/26/2017 15:32,1056.5,,,,
4/26/2017 15:33,1056.14,,,,
4/26/2017 15:34,1056.32,,,,
4/26/2017 15:35,1056.25,,,,
4/26/2017 15:36,1056.12,,,,
4/26/2017 15:37,1055.78,,,,
4/26/2017 15:38,1055.87,,,,
4/26/2017 15:39,1055.4,,,,
4/26/2017 15:40,1055.23,,,,
4/26/2017 15:41,1055.49,,,,
4/26/2017 15:42,1055.6,,,,
4/26/2017 15:43,1055.62,,,,
4/26/2017 15:44,1055.55,,,,
4/26/2017 15:45,1055.07,,,,
4/26/2017 15:46,1054.99,,,,
4/26/2017 15:47,1055.22,,,,
4/26/2017 15:48,1055.28,,,,
4/26/2017 15:49,1055.04,,,,
4/26/2017 15:50,1054.95,,,,
4/26/2017 15:51,1054.74,,,,
4/26/2017 15:52,1054.91,,,,
4/26/2017 15:53,1054.55,,,,
4/26/2017 15:54,1054.25,,,,
4/26/2017 15:55,1054.62,,,,
4/26/2017 15:56,1054.4,,,,
4/26/2017 15:57,1054.12,,,,
4/26/2017 15:58,1054.4,,,,
4/26/2017 15:59,1054.44,,,,
4/26/2017 16:00,1054.44,,,,
4/26/2017 16:01,1054.41,,,,
4/26/2017 16:02,1054.41,,,,
4/26/2017 16:03,1054.42,,,,
4/26/2017 16:04,1054.4,,,,
4/26/2017 16:05,1054.4,,,,
4/26/2017 16:06,1054.4,,,,
4/26/2017 16:07,1054.4,,,,
4/26/2017 16:08,1054.4,,,,
4/26/2017 16:09,1054.4,,,,
4/26/2017 16:10,1054.4,,,,
4/26/2017 16:11,1054.4,,,,
4/26/2017 16:12,1054.4,,,,
4/26/2017 16:13,1054.4,,,,
4/26/2017 16:14,1054.4,,,,
4/27/2017 9:30,1055.71,,,,
4/27/2017 9:31,1055.78,,,,
4/27/2017 9:32,1055.82,,,,
4/27/2017 9:33,1055.64,,,,
4/27/2017 9:34,1055.17,,,,
4/27/2017 9:35,1055.52,,,,
4/27/2017 9:36,1055.22,,,,
4/27/2017 9:37,1055.04,,,,
4/27/2017 9:38,1055.05,,,,
4/27/2017 9:39,1055.05,,,,
4/27/2017 9:40,1054.98,,,,
4/27/2017 9:41,1054.76,,,,
4/27/2017 9:42,1055.17,,,,
4/27/2017 9:43,1055.13,,,,
4/27/2017 9:44,1055.11,,,,
4/27/2017 9:45,1055.24,,,,
4/27/2017 9:46,1055.32,,,,
4/27/2017 9:47,1055.41,,,,
4/27/2017 9:48,1055.15,,,,
4/27/2017 9:49,1055.49,,,,
4/27/2017 9:50,1055.28,,,,
4/27/2017 9:51,1055.36,,,,
4/27/2017 9:52,1055.18,,,,
4/27/2017 9:53,1055.24,,,,
4/27/2017 9:54,1055.11,,,,
4/27/2017 9:55,1055.22,,,,
4/27/2017 9:56,1055.32,,,,
4/27/2017 9:57,1055.42,,,,
4/27/2017 9:58,1055.36,,,,
4/27/2017 9:59,1055.25,,,,
4/27/2017 10:00,1055.21,,,,
4/27/2017 10:01,1055.35,,,,
4/27/2017 10:02,1055.42,,,,
4/27/2017 10:03,1055.11,,,,
4/27/2017 10:04,1055.31,,,,
4/27/2017 10:05,1055.42,,,,
4/27/2017 10:06,1055.29,,,,
4/27/2017 10:07,1055.03,,,,
4/27/2017 10:08,1054.78,,,,
4/27/2017 10:09,1055.08,,,,
4/27/2017 10:10,1055.37,,,,
4/27/2017 10:11,1055.36,,,,
4/27/2017 10:12,1055.51,,,,
4/27/2017 10:13,1055.77,,,,
4/27/2017 10:14,1055.64,,,,
4/27/2017 10:15,1055.63,,,,
4/27/2017 10:16,1055.6,,,,
4/27/2017 10:17,1055.4,,,,
4/27/2017 10:18,1055.36,,,,
4/27/2017 10:19,1055.25,,,,
4/27/2017 10:20,1055.02,,,,
4/27/2017 10:21,1054.9,,,,
4/27/2017 10:22,1055.09,,,,
4/27/2017 10:23,1055.04,,,,
4/27/2017 10:24,1055.09,,,,
4/27/2017 10:25,1055.03,,,,
4/27/2017 10:26,1055.02,,,,
4/27/2017 10:27,1054.81,,,,
4/27/2017 10:28,1054.52,,,,
4/27/2017 10:29,1054.45,,,,
4/27/2017 10:30,1054.79,,,,
4/27/2017 10:31,1054.67,,,,
4/27/2017 10:32,1054.5,,,,
4/27/2017 10:33,1054.65,,,,
4/27/2017 10:34,1054.87,,,,
4/27/2017 10:35,1054.92,,,,
4/27/2017 10:36,1054.75,,,,
4/27/2017 10:37,1054.93,,,,
4/27/2017 10:38,1054.96,,,,
4/27/2017 10:39,1054.99,,,,
4/27/2017 10:40,1054.86,,,,
4/27/2017 10:41,1054.71,,,,
4/27/2017 10:42,1054.85,,,,
4/27/2017 10:43,1054.78,,,,
4/27/2017 10:44,1054.68,,,,
4/27/2017 10:45,1054.69,,,,
4/27/2017 10:46,1054.63,,,,
4/27/2017 10:47,1054.47,,,,
4/27/2017 10:48,1054.28,,,,
4/27/2017 10:49,1053.34,,,,
4/27/2017 10:50,1053.59,,,,
4/27/2017 10:51,1053.05,,,,
4/27/2017 10:52,1053.17,,,,
4/27/2017 10:53,1053.37,,,,
4/27/2017 10:54,1053.25,,,,
4/27/2017 10:55,1052.85,,,,
4/27/2017 10:56,1053.02,,,,
4/27/2017 10:57,1053.1,,,,
4/27/2017 10:58,1053.32,,,,
4/27/2017 10:59,1053.61,,,,
4/27/2017 11:00,1053.71,,,,
4/27/2017 11:01,1053.86,,,,
4/27/2017 11:02,1053.96,,,,
4/27/2017 11:03,1053.85,,,,
4/27/2017 11:04,1053.86,,,,
4/27/2017 11:05,1054.04,,,,
4/27/2017 11:06,1053.79,,,,
4/27/2017 11:07,1053.89,,,,
4/27/2017 11:08,1053.61,,,,
4/27/2017 11:09,1053.64,,,,
4/27/2017 11:10,1053.7,,,,
4/27/2017 11:11,1053.7,,,,
4/27/2017 11:12,1053.8,,,,
4/27/2017 11:13,1054.01,,,,
4/27/2017 11:14,1054.33,,,,
4/27/2017 11:15,1054.08,,,,
4/27/2017 11:16,1054.05,,,,
4/27/2017 11:17,1054.06,,,,
4/27/2017 11:18,1054.13,,,,
4/27/2017 11:19,1054,,,,
4/27/2017 11:20,1053.94,,,,
4/27/2017 11:21,1053.94,,,,
4/27/2017 11:22,1053.86,,,,
4/27/2017 11:23,1053.93,,,,
4/27/2017 11:24,1053.99,,,,
4/27/2017 11:25,1054.09,,,,
4/27/2017 11:26,1054.2,,,,
4/27/2017 11:27,1054.19,,,,
4/27/2017 11:28,1053.89,,,,
4/27/2017 11:29,1053.63,,,,
4/27/2017 11:30,1053.81,,,,
4/27/2017 11:31,1053.89,,,,
4/27/2017 11:32,1053.85,,,,
4/27/2017 11:33,1053.87,,,,
4/27/2017 11:34,1054.06,,,,
4/27/2017 11:35,1054.01,,,,
4/27/2017 11:36,1053.88,,,,
4/27/2017 11:37,1053.67,,,,
4/27/2017 11:38,1053.56,,,,
4/27/2017 11:39,1053.42,,,,
4/27/2017 11:40,1053.49,,,,
4/27/2017 11:41,1053.43,,,,
4/27/2017 11:42,1053.08,,,,
4/27/2017 11:43,1053.5,,,,
4/27/2017 11:44,1053.5,,,,
4/27/2017 11:45,1053.54,,,,
4/27/2017 11:46,1053.56,,,,
4/27/2017 11:47,1053.19,,,,
4/27/2017 11:48,1053.26,,,,
4/27/2017 11:49,1053.19,,,,
4/27/2017 11:50,1053.29,,,,
4/27/2017 11:51,1052.96,,,,
4/27/2017 11:52,1053.01,,,,
4/27/2017 11:53,1053.16,,,,
4/27/2017 11:54,1053.44,,,,
4/27/2017 11:55,1053.54,,,,
4/27/2017 11:56,1053.59,,,,
4/27/2017 11:57,1053.52,,,,
4/27/2017 11:58,1053.57,,,,
4/27/2017 11:59,1053.57,,,,
4/27/2017 12:00,1053.87,,,,
4/27/2017 12:01,1053.86,,,,
4/27/2017 12:02,1053.86,,,,
4/27/2017 12:03,1053.92,,,,
4/27/2017 12:04,1054.01,,,,
4/27/2017 12:05,1053.96,,,,
4/27/2017 12:06,1054.01,,,,
4/27/2017 12:07,1053.93,,,,
4/27/2017 12:08,1053.82,,,,
4/27/2017 12:09,1053.99,,,,
4/27/2017 12:10,1053.94,,,,
4/27/2017 12:11,1054.11,,,,
4/27/2017 12:12,1054.02,,,,
4/27/2017 12:13,1054.13,,,,
4/27/2017 12:14,1054.09,,,,
4/27/2017 12:15,1054.06,,,,
4/27/2017 12:16,1053.98,,,,
4/27/2017 12:17,1053.92,,,,
4/27/2017 12:18,1053.8,,,,
4/27/2017 12:19,1053.9,,,,
4/27/2017 12:20,1053.89,,,,
4/27/2017 12:21,1053.75,,,,
4/27/2017 12:22,1053.62,,,,
4/27/2017 12:23,1053.85,,,,
4/27/2017 12:24,1053.73,,,,
4/27/2017 12:25,1053.68,,,,
4/27/2017 12:26,1053.59,,,,
4/27/2017 12:27,1053.47,,,,
4/27/2017 12:28,1053.61,,,,
4/27/2017 12:29,1053.67,,,,
4/27/2017 12:30,1053.67,,,,
4/27/2017 12:31,1053.82,,,,
4/27/2017 12:32,1053.94,,,,
4/27/2017 12:33,1053.92,,,,
4/27/2017 12:34,1053.86,,,,
4/27/2017 12:35,1053.94,,,,
4/27/2017 12:36,1053.82,,,,
4/27/2017 12:37,1053.78,,,,
4/27/2017 12:38,1054.08,,,,
4/27/2017 12:39,1054.06,,,,
4/27/2017 12:40,1054.33,,,,
4/27/2017 12:41,1054.5,,,,
4/27/2017 12:42,1054.43,,,,
4/27/2017 12:43,1054.41,,,,
4/27/2017 12:44,1054.51,,,,
4/27/2017 12:45,1054.67,,,,
4/27/2017 12:46,1054.86,,,,
4/27/2017 12:47,1054.57,,,,
4/27/2017 12:48,1054.64,,,,
4/27/2017 12:49,1054.64,,,,
4/27/2017 12:50,1054.7,,,,
4/27/2017 12:51,1054.9,,,,
4/27/2017 12:52,1054.91,,,,
4/27/2017 12:53,1055.09,,,,
4/27/2017 12:54,1055.31,,,,
4/27/2017 12:55,1055.38,,,,
4/27/2017 12:56,1055.7,,,,
4/27/2017 12:57,1055.79,,,,
4/27/2017 12:58,1056.13,,,,
4/27/2017 12:59,1056.65,,,,
4/27/2017 13:00,1056.5,,,,
4/27/2017 13:01,1056.26,,,,
4/27/2017 13:02,1056.48,,,,
4/27/2017 13:03,1056.26,,,,
4/27/2017 13:04,1056.29,,,,
4/27/2017 13:05,1056.21,,,,
4/27/2017 13:06,1056.06,,,,
4/27/2017 13:07,1056.2,,,,
4/27/2017 13:08,1056.14,,,,
4/27/2017 13:09,1056.2,,,,
4/27/2017 13:10,1056.34,,,,
4/27/2017 13:11,1056.41,,,,
4/27/2017 13:12,1056.26,,,,
4/27/2017 13:13,1056.2,,,,
4/27/2017 13:14,1056.13,,,,
4/27/2017 13:15,1055.98,,,,
4/27/2017 13:16,1056.01,,,,
4/27/2017 13:17,1056.02,,,,
4/27/2017 13:18,1055.84,,,,
4/27/2017 13:19,1055.95,,,,
4/27/2017 13:20,1056,,,,
4/27/2017 13:21,1056.01,,,,
4/27/2017 13:22,1055.93,,,,
4/27/2017 13:23,1055.93,,,,
4/27/2017 13:24,1055.93,,,,
4/27/2017 13:25,1056.03,,,,
4/27/2017 13:26,1055.98,,,,
4/27/2017 13:27,1056.14,,,,
4/27/2017 13:28,1056.11,,,,
4/27/2017 13:29,1056.13,,,,
4/27/2017 13:30,1056.21,,,,
4/27/2017 13:31,1056.13,,,,
4/27/2017 13:32,1055.91,,,,
4/27/2017 13:33,1055.76,,,,
4/27/2017 13:34,1055.73,,,,
4/27/2017 13:35,1055.74,,,,
4/27/2017 13:36,1055.8,,,,
4/27/2017 13:37,1055.85,,,,
4/27/2017 13:38,1055.83,,,,
4/27/2017 13:39,1055.83,,,,
4/27/2017 13:40,1055.84,,,,
4/27/2017 13:41,1055.75,,,,
4/27/2017 13:42,1055.7,,,,
4/27/2017 13:43,1055.67,,,,
4/27/2017 13:44,1055.46,,,,
4/27/2017 13:45,1055.53,,,,
4/27/2017 13:46,1055.65,,,,
4/27/2017 13:47,1055.57,,,,
4/27/2017 13:48,1055.37,,,,
4/27/2017 13:49,1055.36,,,,
4/27/2017 13:50,1055.54,,,,
4/27/2017 13:51,1055.33,,,,
4/27/2017 13:52,1055.37,,,,
4/27/2017 13:53,1055.36,,,,
4/27/2017 13:54,1055.48,,,,
4/27/2017 13:55,1055.5,,,,
4/27/2017 13:56,1055.59,,,,
4/27/2017 13:57,1055.37,,,,
4/27/2017 13:58,1055.38,,,,
4/27/2017 13:59,1055.49,,,,
4/27/2017 14:00,1055.4,,,,
4/27/2017 14:01,1055.51,,,,
4/27/2017 14:02,1055.58,,,,
4/27/2017 14:03,1055.35,,,,
4/27/2017 14:04,1055.31,,,,
4/27/2017 14:05,1055.25,,,,
4/27/2017 14:06,1055.19,,,,
4/27/2017 14:07,1055.3,,,,
4/27/2017 14:08,1055.28,,,,
4/27/2017 14:09,1055.39,,,,
4/27/2017 14:10,1055.41,,,,
4/27/2017 14:11,1055.4,,,,
4/27/2017 14:12,1055.57,,,,
4/27/2017 14:13,1055.5,,,,
4/27/2017 14:14,1055.44,,,,
4/27/2017 14:15,1055.38,,,,
4/27/2017 14:16,1055.44,,,,
4/27/2017 14:17,1055.44,,,,
4/27/2017 14:18,1055.4,,,,
4/27/2017 14:19,1055.55,,,,
4/27/2017 14:20,1055.46,,,,
4/27/2017 14:21,1055.53,,,,
4/27/2017 14:22,1055.42,,,,
4/27/2017 14:23,1055.41,,,,
4/27/2017 14:24,1055.27,,,,
4/27/2017 14:25,1054.99,,,,
4/27/2017 14:26,1055.09,,,,
4/27/2017 14:27,1055.13,,,,
4/27/2017 14:28,1055.2,,,,
4/27/2017 14:29,1055.26,,,,
4/27/2017 14:30,1055.6,,,,
4/27/2017 14:31,1055.61,,,,
4/27/2017 14:32,1055.56,,,,
4/27/2017 14:33,1055.69,,,,
4/27/2017 14:34,1055.79,,,,
4/27/2017 14:35,1055.79,,,,
4/27/2017 14:36,1055.81,,,,
4/27/2017 14:37,1055.7,,,,
4/27/2017 14:38,1055.75,,,,
4/27/2017 14:39,1055.77,,,,
4/27/2017 14:40,1055.72,,,,
4/27/2017 14:41,1055.58,,,,
4/27/2017 14:42,1055.77,,,,
4/27/2017 14:43,1055.9,,,,
4/27/2017 14:44,1055.85,,,,
4/27/2017 14:45,1055.93,,,,
4/27/2017 14:46,1055.9,,,,
4/27/2017 14:47,1055.91,,,,
4/27/2017 14:48,1056.05,,,,
4/27/2017 14:49,1055.94,,,,
4/27/2017 14:50,1055.98,,,,
4/27/2017 14:51,1055.69,,,,
4/27/2017 14:52,1055.64,,,,
4/27/2017 14:53,1055.75,,,,
4/27/2017 14:54,1055.79,,,,
4/27/2017 14:55,1055.72,,,,
4/27/2017 14:56,1055.66,,,,
4/27/2017 14:57,1055.72,,,,
4/27/2017 14:58,1055.72,,,,
4/27/2017 14:59,1055.75,,,,
4/27/2017 15:00,1055.68,,,,
4/27/2017 15:01,1055.61,,,,
4/27/2017 15:02,1055.57,,,,
4/27/2017 15:03,1055.18,,,,
4/27/2017 15:04,1055.18,,,,
4/27/2017 15:05,1055.28,,,,
4/27/2017 15:06,1054.91,,,,
4/27/2017 15:07,1054.64,,,,
4/27/2017 15:08,1054.58,,,,
4/27/2017 15:09,1054.79,,,,
4/27/2017 15:10,1054.91,,,,
4/27/2017 15:11,1055.04,,,,
4/27/2017 15:12,1054.97,,,,
4/27/2017 15:13,1055.12,,,,
4/27/2017 15:14,1055.24,,,,
4/27/2017 15:15,1055.37,,,,
4/27/2017 15:16,1055.19,,,,
4/27/2017 15:17,1055.31,,,,
4/27/2017 15:18,1055.17,,,,
4/27/2017 15:19,1055.07,,,,
4/27/2017 15:20,1055.09,,,,
4/27/2017 15:21,1055.19,,,,
4/27/2017 15:22,1055.35,,,,
4/27/2017 15:23,1055.34,,,,
4/27/2017 15:24,1055.34,,,,
4/27/2017 15:25,1055.24,,,,
4/27/2017 15:26,1055.27,,,,
4/27/2017 15:27,1055.35,,,,
4/27/2017 15:28,1055.21,,,,
4/27/2017 15:29,1055.38,,,,
4/27/2017 15:30,1055.5,,,,
4/27/2017 15:31,1055.45,,,,
4/27/2017 15:32,1055.56,,,,
4/27/2017 15:33,1055.5,,,,
4/27/2017 15:34,1055.46,,,,
4/27/2017 15:35,1055.34,,,,
4/27/2017 15:36,1055.23,,,,
4/27/2017 15:37,1055.13,,,,
4/27/2017 15:38,1054.94,,,,
4/27/2017 15:39,1055.03,,,,
4/27/2017 15:40,1055.2,,,,
4/27/2017 15:41,1055.3,,,,
4/27/2017 15:42,1055.33,,,,
4/27/2017 15:43,1055.32,,,,
4/27/2017 15:44,1055.3,,,,
4/27/2017 15:45,1055.42,,,,
4/27/2017 15:46,1055.29,,,,
4/27/2017 15:47,1055.01,,,,
4/27/2017 15:48,1055.09,,,,
4/27/2017 15:49,1055.03,,,,
4/27/2017 15:50,1054.66,,,,
4/27/2017 15:51,1054.53,,,,
4/27/2017 15:52,1054.93,,,,
4/27/2017 15:53,1054.95,,,,
4/27/2017 15:54,1055.07,,,,
4/27/2017 15:55,1054.86,,,,
4/27/2017 15:56,1054.85,,,,
4/27/2017 15:57,1054.77,,,,
4/27/2017 15:58,1055.2,,,,
4/27/2017 15:59,1055.4,,,,
4/27/2017 16:00,1055.31,,,,
4/27/2017 16:01,1055.3,,,,
4/27/2017 16:02,1055.3,,,,
4/27/2017 16:03,1055.27,,,,
4/27/2017 16:04,1055.27,,,,
4/27/2017 16:05,1055.27,,,,
4/27/2017 16:06,1055.27,,,,
4/27/2017 16:07,1055.27,,,,
4/27/2017 16:08,1055.27,,,,
4/27/2017 16:09,1055.27,,,,
4/27/2017 16:10,1055.27,,,,
4/27/2017 16:11,1055.27,,,,
4/27/2017 16:12,1055.27,,,,
4/27/2017 16:13,1055.27,,,,
4/27/2017 16:14,1055.27,,,,
4/28/2017 9:30,1057.33,,,,
4/28/2017 9:31,1057.56,,,,
4/28/2017 9:32,1057.73,,,,
4/28/2017 9:33,1057.33,,,,
4/28/2017 9:34,1057.28,,,,
4/28/2017 9:35,1057.03,,,,
4/28/2017 9:36,1057.01,,,,
4/28/2017 9:37,1056.5,,,,
4/28/2017 9:38,1056.67,,,,
4/28/2017 9:39,1056.65,,,,
4/28/2017 9:40,1056.39,,,,
4/28/2017 9:41,1056.64,,,,
4/28/2017 9:42,1056.85,,,,
4/28/2017 9:43,1056.58,,,,
4/28/2017 9:44,1056.52,,,,
4/28/2017 9:45,1056.76,,,,
4/28/2017 9:46,1056.81,,,,
4/28/2017 9:47,1056.67,,,,
4/28/2017 9:48,1056.72,,,,
4/28/2017 9:49,1056.6,,,,
4/28/2017 9:50,1056.53,,,,
4/28/2017 9:51,1056.33,,,,
4/28/2017 9:52,1056.41,,,,
4/28/2017 9:53,1056.41,,,,
4/28/2017 9:54,1056.28,,,,
4/28/2017 9:55,1056.36,,,,
4/28/2017 9:56,1056.22,,,,
4/28/2017 9:57,1056.17,,,,
4/28/2017 9:58,1056.25,,,,
4/28/2017 9:59,1056.15,,,,
4/28/2017 10:00,1056.16,,,,
4/28/2017 10:01,1056.41,,,,
4/28/2017 10:02,1056.28,,,,
4/28/2017 10:03,1056.37,,,,
4/28/2017 10:04,1056.2,,,,
4/28/2017 10:05,1055.97,,,,
4/28/2017 10:06,1056.01,,,,
4/28/2017 10:07,1056,,,,
4/28/2017 10:08,1055.75,,,,
4/28/2017 10:09,1055.71,,,,
4/28/2017 10:10,1055.99,,,,
4/28/2017 10:11,1056.11,,,,
4/28/2017 10:12,1056.01,,,,
4/28/2017 10:13,1056.17,,,,
4/28/2017 10:14,1056.07,,,,
4/28/2017 10:15,1056.09,,,,
4/28/2017 10:16,1056,,,,
4/28/2017 10:17,1056.05,,,,
4/28/2017 10:18,1056.27,,,,
4/28/2017 10:19,1056.05,,,,
4/28/2017 10:20,1055.78,,,,
4/28/2017 10:21,1056.04,,,,
4/28/2017 10:22,1055.55,,,,
4/28/2017 10:23,1055.32,,,,
4/28/2017 10:24,1055.43,,,,
4/28/2017 10:25,1055.42,,,,
4/28/2017 10:26,1055.81,,,,
4/28/2017 10:27,1055.97,,,,
4/28/2017 10:28,1055.95,,,,
4/28/2017 10:29,1056.04,,,,
4/28/2017 10:30,1055.77,,,,
4/28/2017 10:31,1055.53,,,,
4/28/2017 10:32,1055.58,,,,
4/28/2017 10:33,1055.55,,,,
4/28/2017 10:34,1055.75,,,,
4/28/2017 10:35,1055.86,,,,
4/28/2017 10:36,1056.43,,,,
4/28/2017 10:37,1056.53,,,,
4/28/2017 10:38,1056.42,,,,
4/28/2017 10:39,1056.35,,,,
4/28/2017 10:40,1056.22,,,,
4/28/2017 10:41,1056.32,,,,
4/28/2017 10:42,1056.52,,,,
4/28/2017 10:43,1056.28,,,,
4/28/2017 10:44,1056.38,,,,
4/28/2017 10:45,1056.47,,,,
4/28/2017 10:46,1056.43,,,,
4/28/2017 10:47,1056.19,,,,
4/28/2017 10:48,1056.02,,,,
4/28/2017 10:49,1056.08,,,,
4/28/2017 10:50,1055.96,,,,
4/28/2017 10:51,1056.13,,,,
4/28/2017 10:52,1056.16,,,,
4/28/2017 10:53,1056.3,,,,
4/28/2017 10:54,1056.52,,,,
4/28/2017 10:55,1056.46,,,,
4/28/2017 10:56,1056.29,,,,
4/28/2017 10:57,1056.41,,,,
4/28/2017 10:58,1056.41,,,,
4/28/2017 10:59,1056.38,,,,
4/28/2017 11:00,1056.35,,,,
4/28/2017 11:01,1056.36,,,,
4/28/2017 11:02,1056.32,,,,
4/28/2017 11:03,1056.19,,,,
4/28/2017 11:04,1056.46,,,,
4/28/2017 11:05,1056.5,,,,
4/28/2017 11:06,1056.43,,,,
4/28/2017 11:07,1056.43,,,,
4/28/2017 11:08,1056.19,,,,
4/28/2017 11:09,1056.15,,,,
4/28/2017 11:10,1056.2,,,,
4/28/2017 11:11,1055.96,,,,
4/28/2017 11:12,1055.56,,,,
4/28/2017 11:13,1055.57,,,,
4/28/2017 11:14,1055.45,,,,
4/28/2017 11:15,1055.31,,,,
4/28/2017 11:16,1055.25,,,,
4/28/2017 11:17,1055.41,,,,
4/28/2017 11:18,1055.54,,,,
4/28/2017 11:19,1055.49,,,,
4/28/2017 11:20,1055.63,,,,
4/28/2017 11:21,1055.51,,,,
4/28/2017 11:22,1055.38,,,,
4/28/2017 11:23,1055.48,,,,
4/28/2017 11:24,1055.51,,,,
4/28/2017 11:25,1055.97,,,,
4/28/2017 11:26,1055.91,,,,
4/28/2017 11:27,1055.82,,,,
4/28/2017 11:28,1055.74,,,,
4/28/2017 11:29,1055.65,,,,
4/28/2017 11:30,1055.6,,,,
4/28/2017 11:31,1055.46,,,,
4/28/2017 11:32,1055.34,,,,
4/28/2017 11:33,1054.77,,,,
4/28/2017 11:34,1054.87,,,,
4/28/2017 11:35,1054.84,,,,
4/28/2017 11:36,1054.89,,,,
4/28/2017 11:37,1055.03,,,,
4/28/2017 11:38,1054.96,,,,
4/28/2017 11:39,1054.91,,,,
4/28/2017 11:40,1054.85,,,,
4/28/2017 11:41,1055.09,,,,
4/28/2017 11:42,1055.03,,,,
4/28/2017 11:43,1054.87,,,,
4/28/2017 11:44,1054.59,,,,
4/28/2017 11:45,1054.56,,,,
4/28/2017 11:46,1054.67,,,,
4/28/2017 11:47,1054.49,,,,
4/28/2017 11:48,1054.61,,,,
4/28/2017 11:49,1054.95,,,,
4/28/2017 11:50,1055,,,,
4/28/2017 11:51,1054.87,,,,
4/28/2017 11:52,1054.94,,,,
4/28/2017 11:53,1054.94,,,,
4/28/2017 11:54,1054.95,,,,
4/28/2017 11:55,1054.89,,,,
4/28/2017 11:56,1054.87,,,,
4/28/2017 11:57,1054.83,,,,
4/28/2017 11:58,1054.9,,,,
4/28/2017 11:59,1054.78,,,,
4/28/2017 12:00,1055.12,,,,
4/28/2017 12:01,1055.23,,,,
4/28/2017 12:02,1055.3,,,,
4/28/2017 12:03,1055.36,,,,
4/28/2017 12:04,1055.39,,,,
4/28/2017 12:05,1055.63,,,,
4/28/2017 12:06,1055.56,,,,
4/28/2017 12:07,1055.57,,,,
4/28/2017 12:08,1055.68,,,,
4/28/2017 12:09,1055.75,,,,
4/28/2017 12:10,1055.78,,,,
4/28/2017 12:11,1055.74,,,,
4/28/2017 12:12,1055.64,,,,
4/28/2017 12:13,1055.57,,,,
4/28/2017 12:14,1055.52,,,,
4/28/2017 12:15,1055.41,,,,
4/28/2017 12:16,1055.61,,,,
4/28/2017 12:17,1055.6,,,,
4/28/2017 12:18,1055.63,,,,
4/28/2017 12:19,1055.54,,,,
4/28/2017 12:20,1055.46,,,,
4/28/2017 12:21,1055.41,,,,
4/28/2017 12:22,1055.46,,,,
4/28/2017 12:23,1055.52,,,,
4/28/2017 12:24,1055.68,,,,
4/28/2017 12:25,1055.67,,,,
4/28/2017 12:26,1055.8,,,,
4/28/2017 12:27,1055.65,,,,
4/28/2017 12:28,1055.64,,,,
4/28/2017 12:29,1055.59,,,,
4/28/2017 12:30,1055.61,,,,
4/28/2017 12:31,1055.47,,,,
4/28/2017 12:32,1055.33,,,,
4/28/2017 12:33,1055.42,,,,
4/28/2017 12:34,1055.4,,,,
4/28/2017 12:35,1055.42,,,,
4/28/2017 12:36,1055.54,,,,
4/28/2017 12:37,1055.49,,,,
4/28/2017 12:38,1055.49,,,,
4/28/2017 12:39,1055.46,,,,
4/28/2017 12:40,1055.36,,,,
4/28/2017 12:41,1055.4,,,,
4/28/2017 12:42,1055.42,,,,
4/28/2017 12:43,1055.58,,,,
4/28/2017 12:44,1055.59,,,,
4/28/2017 12:45,1055.63,,,,
4/28/2017 12:46,1055.52,,,,
4/28/2017 12:47,1055.56,,,,
4/28/2017 12:48,1055.67,,,,
4/28/2017 12:49,1055.68,,,,
4/28/2017 12:50,1055.64,,,,
4/28/2017 12:51,1055.43,,,,
4/28/2017 12:52,1055.51,,,,
4/28/2017 12:53,1055.47,,,,
4/28/2017 12:54,1055.18,,,,
4/28/2017 12:55,1055.32,,,,
4/28/2017 12:56,1055.27,,,,
4/28/2017 12:57,1055.23,,,,
4/28/2017 12:58,1055.33,,,,
4/28/2017 12:59,1055.36,,,,
4/28/2017 13:00,1055.1,,,,
4/28/2017 13:01,1055.1,,,,
4/28/2017 13:02,1055.14,,,,
4/28/2017 13:03,1055.34,,,,
4/28/2017 13:04,1055.43,,,,
4/28/2017 13:05,1055.49,,,,
4/28/2017 13:06,1055.34,,,,
4/28/2017 13:07,1055.26,,,,
4/28/2017 13:08,1055.4,,,,
4/28/2017 13:09,1055.19,,,,
4/28/2017 13:10,1055.19,,,,
4/28/2017 13:11,1055.15,,,,
4/28/2017 13:12,1055.2,,,,
4/28/2017 13:13,1055.15,,,,
4/28/2017 13:14,1055.07,,,,
4/28/2017 13:15,1055.15,,,,
4/28/2017 13:16,1055.1,,,,
4/28/2017 13:17,1054.97,,,,
4/28/2017 13:18,1054.86,,,,
4/28/2017 13:19,1054.56,,,,
4/28/2017 13:20,1054.73,,,,
4/28/2017 13:21,1054.84,,,,
4/28/2017 13:22,1054.78,,,,
4/28/2017 13:23,1054.91,,,,
4/28/2017 13:24,1054.89,,,,
4/28/2017 13:25,1054.9,,,,
4/28/2017 13:26,1054.94,,,,
4/28/2017 13:27,1055.1,,,,
4/28/2017 13:28,1055.1,,,,
4/28/2017 13:29,1055.13,,,,
4/28/2017 13:30,1055.04,,,,
4/28/2017 13:31,1055.01,,,,
4/28/2017 13:32,1055.14,,,,
4/28/2017 13:33,1055.07,,,,
4/28/2017 13:34,1055.09,,,,
4/28/2017 13:35,1055.11,,,,
4/28/2017 13:36,1055.19,,,,
4/28/2017 13:37,1055.18,,,,
4/28/2017 13:38,1055.03,,,,
4/28/2017 13:39,1055.03,,,,
4/28/2017 13:40,1054.83,,,,
4/28/2017 13:41,1054.96,,,,
4/28/2017 13:42,1054.92,,,,
4/28/2017 13:43,1054.68,,,,
4/28/2017 13:44,1054.73,,,,
4/28/2017 13:45,1054.63,,,,
4/28/2017 13:46,1054.7,,,,
4/28/2017 13:47,1054.79,,,,
4/28/2017 13:48,1054.74,,,,
4/28/2017 13:49,1054.76,,,,
4/28/2017 13:50,1054.85,,,,
4/28/2017 13:51,1054.75,,,,
4/28/2017 13:52,1054.81,,,,
4/28/2017 13:53,1054.79,,,,
4/28/2017 13:54,1054.89,,,,
4/28/2017 13:55,1054.61,,,,
4/28/2017 13:56,1054.77,,,,
4/28/2017 13:57,1054.88,,,,
4/28/2017 13:58,1054.72,,,,
4/28/2017 13:59,1054.75,,,,
4/28/2017 14:00,1054.59,,,,
4/28/2017 14:01,1054.58,,,,
4/28/2017 14:02,1054.97,,,,
4/28/2017 14:03,1054.89,,,,
4/28/2017 14:04,1054.93,,,,
4/28/2017 14:05,1054.9,,,,
4/28/2017 14:06,1054.77,,,,
4/28/2017 14:07,1054.8,,,,
4/28/2017 14:08,1054.65,,,,
4/28/2017 14:09,1054.47,,,,
4/28/2017 14:10,1054.61,,,,
4/28/2017 14:11,1054.42,,,,
4/28/2017 14:12,1054.25,,,,
4/28/2017 14:13,1054.2,,,,
4/28/2017 14:14,1054.05,,,,
4/28/2017 14:15,1054.14,,,,
4/28/2017 14:16,1054.29,,,,
4/28/2017 14:17,1054.36,,,,
4/28/2017 14:18,1054.46,,,,
4/28/2017 14:19,1054.33,,,,
4/28/2017 14:20,1054.37,,,,
4/28/2017 14:21,1054.56,,,,
4/28/2017 14:22,1054.64,,,,
4/28/2017 14:23,1054.58,,,,
4/28/2017 14:24,1054.68,,,,
4/28/2017 14:25,1054.7,,,,
4/28/2017 14:26,1054.61,,,,
4/28/2017 14:27,1054.62,,,,
4/28/2017 14:28,1054.69,,,,
4/28/2017 14:29,1054.66,,,,
4/28/2017 14:30,1054.72,,,,
4/28/2017 14:31,1054.73,,,,
4/28/2017 14:32,1054.81,,,,
4/28/2017 14:33,1054.82,,,,
4/28/2017 14:34,1055.03,,,,
4/28/2017 14:35,1054.96,,,,
4/28/2017 14:36,1054.77,,,,
4/28/2017 14:37,1054.81,,,,
4/28/2017 14:38,1054.76,,,,
4/28/2017 14:39,1054.78,,,,
4/28/2017 14:40,1054.87,,,,
4/28/2017 14:41,1054.71,,,,
4/28/2017 14:42,1054.68,,,,
4/28/2017 14:43,1054.69,,,,
4/28/2017 14:44,1054.75,,,,
4/28/2017 14:45,1054.79,,,,
4/28/2017 14:46,1054.79,,,,
4/28/2017 14:47,1054.82,,,,
4/28/2017 14:48,1054.77,,,,
4/28/2017 14:49,1054.82,,,,
4/28/2017 14:50,1054.83,,,,
4/28/2017 14:51,1054.67,,,,
4/28/2017 14:52,1054.68,,,,
4/28/2017 14:53,1054.74,,,,
4/28/2017 14:54,1054.65,,,,
4/28/2017 14:55,1054.61,,,,
4/28/2017 14:56,1054.74,,,,
4/28/2017 14:57,1054.86,,,,
4/28/2017 14:58,1054.82,,,,
4/28/2017 14:59,1054.51,,,,
4/28/2017 15:00,1054.36,,,,
4/28/2017 15:01,1054.45,,,,
4/28/2017 15:02,1054.48,,,,
4/28/2017 15:03,1054.55,,,,
4/28/2017 15:04,1054.67,,,,
4/28/2017 15:05,1054.62,,,,
4/28/2017 15:06,1054.78,,,,
4/28/2017 15:07,1055.1,,,,
4/28/2017 15:08,1055.01,,,,
4/28/2017 15:09,1055.06,,,,
4/28/2017 15:10,1055.02,,,,
4/28/2017 15:11,1055.01,,,,
4/28/2017 15:12,1055.09,,,,
4/28/2017 15:13,1055.06,,,,
4/28/2017 15:14,1055.17,,,,
4/28/2017 15:15,1055,,,,
4/28/2017 15:16,1055.27,,,,
4/28/2017 15:17,1055.16,,,,
4/28/2017 15:18,1055.09,,,,
4/28/2017 15:19,1055.15,,,,
4/28/2017 15:20,1055.06,,,,
4/28/2017 15:21,1055.07,,,,
4/28/2017 15:22,1054.96,,,,
4/28/2017 15:23,1054.87,,,,
4/28/2017 15:24,1054.78,,,,
4/28/2017 15:25,1054.74,,,,
4/28/2017 15:26,1054.78,,,,
4/28/2017 15:27,1054.68,,,,
4/28/2017 15:28,1054.72,,,,
4/28/2017 15:29,1054.73,,,,
4/28/2017 15:30,1054.74,,,,
4/28/2017 15:31,1054.6,,,,
4/28/2017 15:32,1054.93,,,,
4/28/2017 15:33,1054.97,,,,
4/28/2017 15:34,1055.02,,,,
4/28/2017 15:35,1055.06,,,,
4/28/2017 15:36,1054.83,,,,
4/28/2017 15:37,1054.98,,,,
4/28/2017 15:38,1054.96,,,,
4/28/2017 15:39,1054.82,,,,
4/28/2017 15:40,1054.7,,,,
4/28/2017 15:41,1054.57,,,,
4/28/2017 15:42,1054.74,,,,
4/28/2017 15:43,1054.69,,,,
4/28/2017 15:44,1054.54,,,,
4/28/2017 15:45,1054.43,,,,
4/28/2017 15:46,1054.58,,,,
4/28/2017 15:47,1054.49,,,,
4/28/2017 15:48,1054.6,,,,
4/28/2017 15:49,1054.69,,,,
4/28/2017 15:50,1054.87,,,,
4/28/2017 15:51,1054.83,,,,
4/28/2017 15:52,1054.73,,,,
4/28/2017 15:53,1054.88,,,,
4/28/2017 15:54,1054.8,,,,
4/28/2017 15:55,1055.16,,,,
4/28/2017 15:56,1055.21,,,,
4/28/2017 15:57,1055.05,,,,
4/28/2017 15:58,1055.15,,,,
4/28/2017 15:59,1054.74,,,,
4/28/2017 16:00,1054.83,,,,
4/28/2017 16:01,1054.84,,,,
4/28/2017 16:02,1054.85,,,,
4/28/2017 16:03,1054.85,,,,
4/28/2017 16:04,1054.85,,,,
4/28/2017 16:05,1054.86,,,,
4/28/2017 16:06,1054.86,,,,
4/28/2017 16:07,1054.86,,,,
4/28/2017 16:08,1054.86,,,,
4/28/2017 16:09,1054.86,,,,
4/28/2017 16:10,1054.86,,,,
4/28/2017 16:11,1054.86,,,,
4/28/2017 16:12,1054.86,,,,
4/28/2017 16:13,1054.86,,,,
4/28/2017 16:14,1054.86,,,,
,,,,,
,,,,,
,,,,,
,,,,,
,,,,,
,,,,,
,,,,,
,,,,,
,,,,,
,,,,,
,,,,,
,,,,,
,,,,,
,,,,,
,,,,,
,,,,,
,,,,,
,,,,,
,,,,,
,,,,,
,,,,,
