"","mtd.ret","ytd.ret","ann.ret.incep","ann.std.incep","downrisk.incep","drawdown.incep","sharpe.incep","sortino.incep","inforatio.incep","alpha.incep","beta.incep","corr.bhf.incep","corr.bidx.incep","omega.incep","wl.incep","skewness.incep","kurtosis.incep"
"AAASYWB.KY.Equity",NA,0.107904891377651,0.0990479291576263,0.189873951013621,0.167110593267367,-0.356209095491683,0.495317702378666,0.562788554087383,0.304900205889401,0.000328513893891395,1.05356459745033,0.645602531606529,0.534900543609902,1.66389051830675,0.645161290322581,-0.491590305872598,1.77765585091862
"AESOPHK.KY.Equity",NA,0.239297106845278,0.212258891899095,0.154222429582738,0.131262821419362,-0.263892341836713,1.34389590709894,1.57896112286767,0.889149536541151,0.0110031518068906,0.757826941178793,0.604824380792609,0.474818201110777,2.95079773304388,0.666666666666667,-0.376403255336047,4.03830331891931
"AHPACOB.KY.Equity",NA,0.0577337486570848,0.068463673495698,0.0315300071830735,0.0236353202109159,-0.0264114405459999,2.01280237987918,2.68512010539158,0.513241773104087,0.00389554801467487,0.207137632345248,0.640392341988396,0.634804207230008,5.14831614633167,0.777777777777778,-0.268998343887965,1.64988413493446
"AISMERC.KY.Equity",NA,-0.111904075576025,0.0939429430395848,0.199961100898472,0.105828373108887,-0.223550562361312,0.444801227038376,0.8404451512079,0.1730466906275,0.0111158410385927,-0.252694709426897,-0.0423848401809375,-0.122978441136812,1.53405242646649,0.580645161290323,0.560232994229062,0.856355909909341
"AJAOPAR.KY.Equity",NA,0.341308111405412,0.11877041101645,0.133836189643848,0.10710849516065,-0.265028190457778,0.850072101717813,1.06219782890057,0.595036848583922,0.00423359828660737,0.728096960328506,0.673889221279184,0.525678860320263,2.03683501136733,0.682539682539683,-0.481508915460476,1.71276578840646
"ALASOPP.KY.Equity",NA,0.151802366905679,0.0447578415778425,0.122626306036986,0.0801607936082318,-0.286577621898878,0.324219515883084,0.495976147294027,0.142153628695963,-0.00206639253017067,0.782539618881222,0.601758386622965,0.616634113180634,1.3452402617542,0.587301587301587,-0.389108526646196,-0.0919458690398569
"ALCINDA.KY.Equity",0.072359,0.503595814428719,0.217767194456538,0.231218078020358,0.154253378176776,-0.352363103439851,0.920201379918938,1.37933572004307,0.630436368038571,0.0099432105765031,1.0759681251984,0.441540029907504,0.446167123417059,2.06824096952163,0.703125,-0.216961403859285,0.238437101561968
"ALLIVFD.AU.Equity",NA,0.0107170638306193,0.0372699415041393,0.117086122952558,0.125436697597955,-0.200078547929571,0.27560859212338,0.257260770748046,-0.158071871885349,0.00172044747390276,0.236415607411136,0.222838229604527,0.195108224431716,1.36840404131364,0.698412698412698,-1.61587576310637,4.11800378095049
"ALTACIF.MP.Equity",NA,0.261088231546693,0.119182757348952,0.129522156640329,0.0987081001173254,-0.167374601936871,0.881569302972825,1.15677190841717,0.450455670373552,0.00480792129843611,0.655258437521593,0.451201428999803,0.488847516396344,2.0047457456148,0.698412698412698,-0.53024500103086,0.44027858472975
"APEXGCE.US.Equity",NA,0.184615475874902,0.103173034865886,0.102357260158847,0.0444883756807808,-0.0905346604242415,0.959121362896318,2.20671205373536,0.53408246350236,0.00820548560719397,0.0529953128609079,0.144445933657177,0.0500292124393831,2.29187574359352,0.555555555555556,0.935887416561443,1.41508704257938
"APSASPH.KY.Equity",NA,-0.00690773118995791,0.083960147222957,0.161056297539152,0.0997546389969987,-0.251581737601589,0.490264264294055,0.791543611574121,0.311722017987813,0.00348806887748461,0.529854407987602,0.426946360770113,0.317895001294934,1.64230252772374,0.587301587301587,0.591161761452328,2.19220787078213
"APSCHIA.KY.Equity",0.056208,0.39085403851913,0.168841586386471,0.265325600527334,0.209018902376508,-0.430832761448108,0.617511412622212,0.783860141468648,0.451009118248444,0.00699928995860453,1.10241865949792,0.516461289896827,0.398370660780113,1.85092142881461,0.609375,-0.3285503812073,1.70651661441008
"APSCHIN.KY.Equity",-0.004776,0.0199071388072727,0.11165559479344,0.237439165143185,0.146146591325825,-0.377877387482623,0.449191247489108,0.729785031767574,0.315680224988331,0.0050546031489607,0.743339828873309,0.436040439125248,0.300161504240431,1.60351582851377,0.53125,0.377557321900638,1.97250870689434
"ARASALP.KY.Equity",NA,0.471504197477975,0.0988075224851994,0.13464034050884,0.0957740199686147,-0.2367676683224,0.696726717495493,0.979467318130118,0.5984891745818,0.000865225697356347,0.977445699013008,0.708341053482798,0.706473363494252,1.77475651113692,0.629032258064516,-0.433008482434288,0.451188527932231
"ARMACRO.KY.Equity",NA,0.046226221968152,0.116672029367722,0.0681015541279499,0.0387755733184105,-0.065866590551,1.63978679778601,2.87995817497559,0.707765133302589,0.00915652852769634,0.0332230762928524,0.170897842596779,0.0471397938403082,3.95666266685919,0.666666666666667,0.502304439396315,1.18882145120764
"ARMLLOA.KY.Equity",NA,0.0631587413608516,0.0355430674283381,0.0721160500666997,0.0440305439589383,-0.191087395256321,0.423526626875557,0.693679084610487,0.0775030792677495,0.00139678056723951,0.213562131343342,0.296999269429578,0.286152255338367,1.45914803086122,0.603174603174603,-0.0723680040269337,-0.0952943750098245
"ARNASIA.KY.Equity",NA,0.412077945109662,0.0862865926009284,0.12690781663923,0.0919342805484035,-0.225679993428451,0.640516831457338,0.884181527456789,0.53124673135103,8.33119447491409e-05,0.94426732878285,0.719743066835343,0.724077320164041,1.72213536707477,0.629032258064516,-0.414653658731922,0.685094611303402
"ARQVALA.KY.Equity",NA,0.15280259146678,0.177411729945633,0.110920102267734,0.0722352638924648,-0.154169549258209,1.55437766843628,2.38680833508547,0.867017947441361,0.0109425447301239,0.402361304352118,0.381801122475728,0.350518386859893,3.13969804065978,0.682539682539683,-0.221671842122747,1.21704271957974
"ASCREHA.KY.Equity",0.014663,0.119390614371381,0.0938334502988378,0.0802776980923095,0.0763270692654124,-0.0908180461510001,1.10657694988576,1.16385249890752,0.312777527159512,0.00397244751645832,0.464371863430175,0.610837132919446,0.554614134090271,2.52396307149075,0.734375,-0.984400110729624,3.53787771231995
"ATCHSTA.KY.Equity",NA,0.0144322574524987,0.116252369908888,0.225694559898312,0.169940159191597,-0.25847385877,0.492933325282688,0.654656147423387,0.396624787376532,0.0034752378955518,0.962099515433287,0.429242531723121,0.411911354076684,1.7986002332195,0.619047619047619,0.398801448679528,5.63138117855886
"ATHASIE.SP.Equity",0.008311,0.190625173147507,0.0110325472594943,0.0969606589575184,0.0715170386741509,-0.239372629539898,0.0622164424659838,0.0843511891897548,-0.0883031417969932,-0.00393123225323095,0.640418318438037,0.65043289964022,0.633268861669537,1.12773276935932,0.609375,-0.553615977531912,0.00320191609076526
"ATLRIVR.KY.Equity",NA,0.0491376465796967,0.0991180094246733,0.318023152376216,0.179510118400665,-0.449422287754659,0.295947036313046,0.524304759326173,0.197551080402264,0.00417002663998868,0.943878420839626,0.436240069095401,0.286788793815338,1.45415767588291,0.523809523809524,1.20796624908825,5.77590869321986
"ATMOSBE.KY.Equity",0.035506,0.166969884650553,0.0914361716341319,0.177910509377131,0.107531649250459,-0.280937259941886,0.485840729346157,0.803820756369201,0.076156945439481,0.000662356064053996,0.971449181767096,0.533741935480896,0.523526211024589,1.54979696612375,0.546875,0.144859328089233,0.752023157508238
"BRASCEH.KY.Equity",0.020372,0.354569307788012,0.0726881817617007,0.236501299115004,0.140770123146836,-0.534290531121032,0.28620638455261,0.480841958851565,0.198735548976947,-0.00250591981130749,1.33324845641242,0.554489124972062,0.544054801300283,1.35655666227761,0.587301587301587,0.0737418116216252,0.172689312067327
"BRASFXI.KY.Equity",0.015677,0.0180206374057634,0.0664814436246823,0.170961803572643,0.0759773884846783,-0.23745132794257,0.359620934851441,0.809207118734817,0.224510979601972,0.0057018766278713,0.0894372589789546,0.0981499585151618,0.050487571171814,1.93931204673416,0.492063492063492,4.96204522448577,32.3710148580306
"BRAXFDA.KY.Equity",NA,0.173683531462077,0.0473898601890066,0.153851262184908,0.0833598148610901,-0.346733360093342,0.275524942642718,0.508516726670334,0.182734855713872,-0.000247391207734901,0.625183404009594,0.406289814719337,0.392655093615753,1.34100817836518,0.571428571428571,0.546990041316651,1.10794765089395
"BRAXFDB.KY.Equity",NA,0.0987534970898742,0.0443966806657026,0.0435828257229488,0.0233248773401873,-0.0371512809086963,0.903949663937417,1.68904127945079,0.0497938482687765,0.00324365364155817,0.0566506474379855,0.141060968134771,0.125601362712863,2.71049795056424,0.619047619047619,2.16713978981953,11.2628550070486
"BRVBRZL.KY.Equity",NA,-0.0414218047843099,-0.200084118777618,0.277452722535535,0.172865880943073,-0.793470577689218,-0.739167800926343,-1.1863770783383,-0.564313887723165,-0.0269130804413272,1.46439120812153,0.503673636773535,0.513657400115174,0.603278560781445,0.451612903225806,0.468281720156625,1.21887652468327
"CAMAMAP.KY.Equity",NA,-0.0474191515112263,0.0157862441565289,0.0730900594728097,0.0358361031010944,-0.124698172722611,0.147574707618639,0.300988199696285,-0.123104705356811,0.00316146873005156,-0.202186701906087,-0.223128865644214,-0.267300106073288,1.21151170814841,0.444444444444444,0.714963777538207,0.775561565896465
"CAMCCGA.KY.Equity",0.002063,0.0474935824510594,0.112603314995273,0.0840741164324244,0.0207127649047634,-0.0857856552121451,1.27986257318279,5.19502420319203,0.795471191852412,0.00805975151881465,0.140485288218391,0.255998413466915,0.160209579797489,3.55113958572325,0.609375,2.51565163648548,9.60460638135607
"CAMGCSM.KY.Equity",NA,0.393074688763648,0.0933524929479774,0.174531205045892,0.156758513729076,-0.421621375138509,0.506227484791306,0.563621655029697,0.451374423736126,0.00240536056677887,0.782483909700218,0.600785189689601,0.43321869212993,1.59871039236883,0.714285714285714,-0.886304754917169,2.15802736629045
"CCASIAU.KY.Equity",0.033933,0.240612534129439,0.0426456274496143,0.109191970333091,0.0535536360546682,-0.23713081976552,0.344765529322127,0.702951848333607,-0.113860933937395,0.00120774700141571,0.349819154439377,0.315786092673694,0.308687003412489,1.35061340326046,0.523809523809524,0.053838138521697,-0.859564122684017
"CCIOIGF.KY.Equity",0.006575,0.32515451057756,0.127671506738172,0.145649974620786,0.127850003045936,-0.284028961162801,0.842235002495257,0.95949553238647,0.558842893505037,0.00497493610929002,0.731020812319265,0.621427969085931,0.481215131155305,2.0253639567597,0.640625,-0.987412920625473,2.22817259737471
"CDIFORD.VI.Equity",NA,0.241550928236709,0.0617708884235151,0.139137269030853,0.103172342897697,-0.268813253716364,0.408020718093341,0.550252973122919,0.226807413652377,-0.000987705459464793,0.837760368089076,0.659057620330339,0.58181001783994,1.49178640619955,0.603174603174603,-0.119479246426646,2.4442240387957
"CEASOPP.AU.Equity",-0.016644,0.172766602203731,0.114707841529707,0.102690696055355,0.0426381277879883,-0.124794484254684,1.06833282608747,2.57299856305165,0.289229385047007,0.00696274678904349,0.312592135896822,0.328419749017185,0.291854837908361,2.20428840576558,0.640625,0.117158338360393,-0.927446536589497
"CHCIMPE.KY.Equity",-0.01384,-0.0839839798016908,0.0965253186840807,0.239774556941211,0.0577308685981612,-0.224552657669024,0.381714056118645,1.58537920711271,0.292194637874393,0.0026865192768505,0.845313008947952,0.34526927846941,0.338013776922617,2.04244597722999,0.40625,5.72231680605032,38.1010809250112
"CHEAGLE.KY.Equity",NA,0.0830251548544636,0.0968273538352913,0.159629730343097,0.130500910086482,-0.321837755107156,0.575252201691527,0.70365297663011,0.281442321669488,0.00239319745854599,0.795525470406329,0.576190110447895,0.487950027623776,1.77078575925704,0.672131147540984,0.0782813291071803,3.35074116868365
"CHEETAH.US.Equity",NA,0.0616965417384123,-0.0757778493742289,0.326928298604454,0.175085190068666,-0.753864052570869,-0.247081239889731,-0.46136311896254,-0.139885440782864,-0.0153025511966685,1.50995932322665,0.477111234363403,0.452696717479065,0.933641954288339,0.533333333333333,1.09760712984364,4.12659528180267
"CHINABS.KY.Equity",NA,0.183205976214571,0.095328575607599,0.135707275551904,0.0862935160921125,-0.189721396647469,0.665613359639299,1.04675970684958,0.659063221096387,0.00364156001108841,0.582990049552351,0.504316232735409,0.415109687665407,1.79160565470156,0.555555555555556,0.0415603203946212,0.585841193043188
"CMCHCSF.KY.Equity",NA,0.104487354783644,0.0573921670073851,0.142116517461294,0.0894086989946339,-0.315505139155008,0.368656423217339,0.585985117740385,0.165089659976134,0.0020916909581268,0.426745503748504,0.470284974839151,0.292215165123737,1.43195608462784,0.596774193548387,0.282990420056886,2.30583911432861
"CNALPHA.KY.Equity",NA,0.24956139815371,0.128491903792264,0.138004815374434,0.0973547140133519,-0.255353304307302,0.894837643579368,1.26847379753308,0.49587874848922,0.00898789863771177,0.235437496717897,0.341590817429352,0.164848974339223,2.23813766744886,0.587301587301587,0.235188340743363,4.11432946275255
"CONSTEB.KY.Equity",0.00891,0.197004204591622,0.0348527402720096,0.151249897333456,0.0848888601323255,-0.291322223541087,0.197373623376379,0.351668525475249,-0.0483898147333294,-0.00262965877746402,0.785546945255538,0.514985569987414,0.497962916611024,1.24270533951747,0.53125,0.130964058777964,-0.220704974060239
"CONSTEQ.KY.Equity",0.028454,0.340504264572219,0.0322822947707451,0.265628269057436,0.152085029237828,-0.545418586280784,0.102708551569283,0.179388430981471,0.00260087145099705,-0.00562952566706111,1.3627611672246,0.505856745181465,0.491887066699486,1.20179408372314,0.515625,0.270746147938351,0.199595862983852
"COPLATA.KY.Equity",NA,0.129288117018346,0.124028302665337,0.0922826105013295,0.0280350301046999,-0.0804991694313022,1.28982374922762,4.2456991207362,0.409961869531283,0.00711495262339226,0.371727349640202,0.396766181564701,0.389232864310149,3.07290377286771,0.666666666666667,1.5894810252494,4.10813740924206
"CSVCHNO.VI.Equity",NA,0.95373699904213,0.149482781278641,0.232777525153319,0.153815096567275,-0.31586100105314,0.620690426120295,0.939327702566881,0.488381634086311,0.00473495153919604,1.12975725231228,0.482271215843591,0.468974198314334,1.72955200987012,0.603174603174603,-0.0544512809620957,1.19297225080206
"DALGCHI.KY.Equity",0.0244,0.079262829678699,0.0988777846014113,0.106165910114432,0.0697590235562495,-0.176188105608793,0.884255449797627,1.34574395992963,0.34163013381191,0.00446492087366757,0.47485486254831,0.546717718936801,0.428840455690274,2.20859502262443,0.578125,0.105316649379974,2.01908948988266
"DBDHAAB.KY.Equity",NA,0.0639396407713178,0.0434570095844971,0.0517481816294439,0.0371210376802177,-0.117937286164743,0.743156732730791,1.03598961634069,-0.0672801913787845,0.00117871200152013,0.30632813142231,0.660518931770907,0.572000813264521,1.80645104901217,0.698412698412698,-0.709578904418421,-0.0327422997545326
"DORASPS.KY.Equity",NA,0.277613654662126,0.17881338856741,0.122893118415501,0.0762451176400355,-0.149165087123547,1.41434598461199,2.27966581923328,0.866260258108296,0.0102818043941156,0.51006134581026,0.43930655456087,0.401051094749641,2.85949628076584,0.666666666666667,-0.0256673679775664,1.44774402158451
"DRAGALT.KY.Equity",-0.008701,0.172788285092139,-0.0363116092285896,0.225425462468486,0.172264378653191,-0.531235836113908,-0.183260616508061,-0.239815158256017,-0.0781874962394162,-0.0102502122370979,1.13770562533308,0.58619222938106,0.483890262244949,0.957039921497431,0.46875,-0.140808449181629,3.8851600421828
"EMMENAA.BH.Equity",0.011387,0.170450926655565,0.0974937706372403,0.112364891500105,0.064987394962043,-0.308498121358896,0.823155430512331,1.42325708995203,0.410317972855264,0.00497406949993805,0.406403960252227,0.364228587264074,0.346774569250273,1.94984168440636,0.625,0.032829595024846,-0.120005770152729
"ENAMIND.KY.Equity",0.069353,0.688182713104476,0.273889623344067,0.207319211776468,0.147018321104778,-0.221235468139018,1.29698362751825,1.82895316259552,0.671278983715621,0.0135885141879408,1.04446118496137,0.467375736724203,0.483028440345607,2.64409375137866,0.65625,-0.223550210385379,0.715011187065619
"EVENSTR.KY.Equity",NA,0.277087942385585,0.169976643660466,0.050624508757959,0.0185946164144357,-0.0211700252500001,3.25882952166976,8.87228001823092,2.24472706173593,0.0112315992225219,0.257649986149671,0.534868040240424,0.495071359053933,24.0330888528078,0.919354838709677,0.88124185990772,0.715200358789013
"EXPIRES.KY.Equity",NA,0.0984671734680529,-0.0622350740148551,0.230939322231418,0.13969699903674,-0.581909729490321,-0.291137400790848,-0.481292185791137,-0.240731601244846,-0.0128615191259702,1.19875774566417,0.48831323601528,0.50157790570155,0.886284938879374,0.507936507936508,0.0985530260919291,-0.354726466653739
"FABRAFF.KY.Equity",NA,0.379193267148757,-0.0429553631548566,0.307258194657317,0.167679668993441,-0.760781330413384,-0.156075131562694,-0.28599390398804,-0.139752935437734,-0.0118459944550722,1.48030483875744,0.503219862013463,0.46553521951186,1.00444508393553,0.476190476190476,0.481981851291485,0.593854894976803
"FAFRICA.BH.Equity",NA,0.226106470707226,-0.0236053140479759,0.128426464572768,0.0894636224403955,-0.491552395456482,-0.222736911298899,-0.319742407781823,-0.0624316455502596,-0.00574982902198927,0.548537462564285,0.45220228302445,0.412721054437092,0.915220235859376,0.523809523809524,-0.392102349788822,-0.521092186043951
"FAVRORC.KY.Equity",NA,0.210427105042751,0.0422262158889195,0.133605260209598,0.0707658902052889,-0.371645679912643,0.278628370099498,0.526047447165969,0.0454881781264179,-0.00337032445446678,0.931689072916975,0.674565310138046,0.673833041885984,1.30610335622416,0.571428571428571,0.0952014292364503,-0.364996170844935
"FBDREOI.KY.Equity",NA,0.24822356960084,0.0584165550353901,0.131862536731335,0.0711823309752984,-0.360845155537979,0.405092730350124,0.750418738800879,0.189127160346549,-0.00196749278709927,0.915135224416871,0.68397660471494,0.670607959919579,1.42980205989907,0.571428571428571,0.180255803352364,-0.11803509394716
"FIREFND.KY.Equity",NA,0.198373696061812,0.0332752184069944,0.157249962746699,0.0881848886857171,-0.424439104696556,0.179810652499427,0.320635642096967,-0.134392554486837,-0.00430896620290009,1.02996473716957,0.68996539118393,0.635961276587925,1.22548054137628,0.532258064516129,-0.0401000791629405,-0.514180472540261
"FOUCHOP.KY.Equity",NA,0.574821989615199,0.183712070312079,0.177497055075737,0.13923480284575,-0.33829519529855,1.0068452698318,1.28353017104541,0.52219190761711,0.010821727353661,0.571494666508731,0.48085584526721,0.311118537122169,2.26148858591853,0.682539682539683,-0.489021783850608,1.45429533462608
"FPP395A.KY.Equity",0.048824,-0.0423930334737141,-0.0921192418985711,0.138669702408094,0.0882035354689664,-0.492288631559266,-0.700363815685973,-1.10108105510965,-1.43302670076285,-0.0143811160922194,0.875562748283718,0.668264224211221,0.605376612180334,0.639711486755044,0.421875,-0.0864964238445692,-0.150879780404446
"FRTNHDG.KY.Equity",NA,0.278808461228241,0.144608044904273,0.183786530637193,0.164663727488999,-0.371179892899014,0.759620655660937,0.847837268311567,0.684067330632472,0.00541642181218146,0.90202394405125,0.594907319716324,0.474252080375534,1.97737481547938,0.650793650793651,-0.602211851121151,3.7737811756495
"GAMCOFA.KY.Equity",NA,0.121317451632671,0.0276946959501112,0.208500285066379,0.122816900029586,-0.268397866450163,0.10884731377171,0.184784797081217,0.0646457195216646,0.00334528676339536,0.0794704289690589,0.196714826880803,0.0371232776367372,1.2531945058088,0.5,1.32955823005018,5.477150485829
"GBAMBOO.KY.Equity",NA,0.120623641202378,0.0862904341057056,0.259380651566543,0.183031140714142,-0.471003018922411,0.313402073804456,0.444134445037771,0.118137534516426,-0.00123963790194819,1.34842574975076,0.605361214944684,0.502336018107369,1.42468050290224,0.603174603174603,-0.0106236145553601,2.13973812213272
"GHKNCVF.KY.Equity",NA,0.27597377288968,0.240182922853515,0.330353823979642,0.164106884262122,-0.414833380212699,0.711912215879203,1.43310820817161,0.524385189337836,0.0151467330321103,0.833458321537505,0.327900123853162,0.243786362346191,2.31633812464404,0.587301587301587,3.17985944794801,18.5930700318855
"GLDCHPL.KY.Equity",NA,0.632313800017947,0.179249873273999,0.195655474291284,0.155377982831579,-0.352362138998092,0.890595440302284,1.12145794467467,1.02728342060157,0.00730837441002103,1.000365084545,0.573313341315074,0.494050541846012,2.0940556640108,0.682539682539683,-0.421716129297982,2.12461704832008
"GLXCDVA.KY.Equity",NA,0.138997615650317,0.0710371935316771,0.14807276127684,0.0744033655698728,-0.185694644379639,0.445977997318579,0.887556537609324,0.195034290457248,0.00370576416108398,0.358897052826326,0.317316381708807,0.236070720744544,1.64420822235784,0.516129032258065,1.83511167498366,7.2675403547484
"GOLDCHI.KY.Equity",NA,0.453182722663366,0.222373579969058,0.171238339744712,0.108065766493177,-0.184053454605696,1.26942120726659,2.01149343610849,1.04214348346361,0.011589482090359,0.797349448310581,0.52372597343822,0.449937869888759,2.70919731461318,0.682539682539683,0.209556292776981,1.27129633434075
"GREASHI.KY.Equity",NA,0.0407926471907765,-0.050563977016689,0.0868015491606113,0.0705204790241586,-0.341475126770108,-0.640126559422084,-0.7879126430445,-1.00790212852404,-0.00464267851783194,0.0793434128934821,0.162164198197304,0.0883259382600641,0.644243394580125,0.46031746031746,-0.84333525399056,1.68942883517329
"GRECVPD.MV.Equity",-0.008276,0.303596801941227,0.0812321406271055,0.148929005447696,0.138414083172441,-0.332607931593305,0.511868996895157,0.550754221534904,0.568694797291287,-0.000480275523157049,0.971614360630832,0.710784241325979,0.625510468229264,1.62957538912557,0.65625,-0.992831439624303,2.87892316216284
"GRNDRGN.KY.Equity",NA,0.107600601672329,0.0552218659870141,0.179752581260534,0.139856424941933,-0.342862902379082,0.279394407773329,0.359095879991683,0.117223769109254,-0.00356304895900579,1.16050545322633,0.692770627686634,0.623845301098093,1.3488013099878,0.571428571428571,-0.625814416456978,1.75664650875332
"GRSPOPA.KY.Equity",NA,0.028868007467008,0.0329102187169092,0.061335563120324,0.10128866813402,-0.100766,0.455041370732292,0.275551246068118,-0.129460970835807,0.00222236118500531,0.0786726309139548,0.146613820069288,0.123941336566281,2.20616272375521,0.825396825396825,-1.99034803691348,20.8081587894788
"HALCYON.KY.Equity",NA,0.0935853143501084,-0.102678992350037,0.313855003662705,0.203703127673137,-0.792721147338678,-0.34308515427002,-0.528607457234625,-0.2128764939466,-0.0135526365829541,1.06623796460264,0.400334868715033,0.328269053906816,0.863332436631209,0.476190476190476,0.156917216481869,0.841355528673879
"HARMFDR.KY.Equity",NA,0.566203422006407,0.174751422409319,0.425398710649614,0.21406987105956,-0.610288180670328,0.399040754378631,0.792972040246102,0.466606825668087,0.0167668029173528,0.370470072253618,0.194993233287406,0.080098894866271,1.61376017595461,0.60655737704918,1.05181843254882,2.45871823601411
"HARUSFD.KY.Equity",NA,0.64803532600862,0.161308008997568,0.421084937620121,0.207218617125296,-0.629549995096966,0.371203040130064,0.754314506900965,0.577996337342865,0.0145831361576899,0.545311207442504,0.247639402843083,0.124727535730758,1.56905279274813,0.596774193548387,1.02905298362062,2.29213669255556
"HKPTRLP.US.Equity",NA,0.074769308223942,0.0730995984070182,0.180945694115422,0.142133795076128,-0.332245114549084,0.37635379355078,0.479123197762667,0.329506696777387,0.000159800302517719,0.853498558508504,0.562277160390445,0.462562552743646,1.4643186662509,0.65,-0.234816351235108,1.76408452447355
"ILASCON.US.Equity",NA,0.24703425300538,0.019719669754265,0.225434763040761,0.113241297186898,-0.524221191855894,0.0652945870269506,0.129984997698949,-0.125432809140858,-0.00709192230969231,1.32899158932749,0.561663947016678,0.569647510528861,1.14902816523795,0.53968253968254,0.436654862450141,0.914143796341791
"INDMAXG.MP.Equity",NA,0.621120009521515,0.104349658489501,0.205682947261734,0.156333875167154,-0.338625063411613,0.483023312394862,0.635496679035654,0.263230958030511,0.00209174190592293,0.982192048427058,0.409813992379897,0.46142698102342,1.60833784817082,0.603174603174603,-0.275591444786189,0.9378728308037
"INDSMLI.MP.Equity",NA,0.368863038321505,0.136027644297465,0.227323680071431,0.163216118508402,-0.383383004676108,0.57639241216002,0.802786180034787,0.291660462493657,0.00382146406723611,0.974878703959659,0.405812921496132,0.396525376456985,1.70815388225511,0.629032258064516,-0.109285479161939,0.895862452938735
"INFCOPP.KY.Equity",NA,0.295287427298534,0.0429619322925232,0.174548599790832,0.138760161664218,-0.406260939926725,0.217486318068517,0.273579475818039,0.223585968815832,-0.00229961371160927,0.874546932689745,0.606989902154769,0.48414071799551,1.28473723903004,0.587301587301587,-0.64899870612409,1.6415866480401
"IVMAOPP.KY.Equity",NA,0.311229551602321,0.0322149260638318,0.144530570896266,0.123002071608892,-0.335574068671137,0.188298751572529,0.221255835026638,0.205187148806633,-0.0045608073113342,0.997281356470925,0.715257225318142,0.66674971760912,1.25870628783568,0.634920634920635,-0.832934102544031,1.47728149893913
"JABEMX1.KY.Equity",NA,0.0581179937594614,0.067272552527051,0.0549386880066261,0.0302152787424792,-0.0958425351608335,1.13349180307219,2.06096237131525,0.188987943164623,0.00316797277167422,0.295496896561935,0.6190612388753,0.519732049490808,2.60946677627198,0.666666666666667,0.389716657634667,0.783829921497742
"K2AARFA.AU.Equity",-0.015693,0.1131731675782,0.0762240789242099,0.138940268976242,0.157917653526,-0.374746560780165,0.512623729959734,0.451020372541713,0.0519321365525576,0.00164674592997041,0.653693158413404,0.548222621420991,0.451092649859267,1.64715105649286,0.703125,-2.58720426371757,11.7047546643541
"KINGSMD.KY.Equity",NA,0.156606330021503,0.0696058983194296,0.213920124498692,0.136892670631271,-0.38805860649437,0.30200944614645,0.471945634645772,0.0843882102860912,0.00835820479697684,-0.110573643183591,0.0752638963924998,-0.04994647402715,1.44395924446052,0.53968253968254,0.636328403948334,4.82579912203993
"KISCUSD.KY.Equity",NA,0.0470415892471061,0.0749038737813579,0.0440873408709098,0.020924624419275,-0.0254244563296089,1.58557700238806,3.34074688179182,0.479966588823671,0.00559885793736024,0.0623439545440387,0.200989975115857,0.138172626446733,3.51778645279472,0.666666666666667,0.265534512195402,0.269434275626901
"KISGLMS.AU.Equity",NA,0.0589056891110133,0.106540800024207,0.043930076741089,0.0221828349090011,-0.023305,2.31141868070614,4.57744920524134,0.913034611741384,0.00807460068104608,0.0573398095507626,0.193414577901356,0.127536899758402,5.88653205067149,0.733333333333333,0.0746410120428252,-0.114055068168753
"KKSPCFA.KY.Equity",0.005842,0.0818513893654957,0.0914130402920117,0.00862805955602886,NA,0,10.0153504656363,NA,0.997723904494433,0.0072859928251548,0.0040490427945195,0.155309408594742,0.0449944739908165,Inf,1,1.08487913347944,1.57037533623685
"KNIASPR.VI.Equity",NA,-0.00619559054355034,0.0363256823198486,0.0706294067306249,0.0467112735240269,-0.095561915176,0.44352181010556,0.670623598042892,-0.567831626496971,0.00216117232928766,0.128773824300315,0.281165311943636,0.177353815426229,1.62068401089129,0.5,0.585432241197516,3.05024740220361
"KNOSSPA.KY.Equity",NA,-0.106351992514728,0.0542877375894266,0.22480082874371,0.153804228168349,-0.450924135784713,0.219250693446591,0.320457624451507,0.193701830896391,0.000186891267428052,0.774911574915849,0.296512023098777,0.333088085538152,1.34022221442874,0.571428571428571,0.332990920170567,2.97186483513256
"KOMOFUN.KY.Equity",NA,0.0843012938193326,0.0293470460918475,0.191254994072675,0.153095371073035,-0.393630693796226,0.12730149196834,0.159031889215205,0.089707860177916,-0.00310220684089615,0.867291482523419,0.37147546499739,0.438184645480905,1.23944584836322,0.53968253968254,-0.148196820442542,2.66537092259957
"KONDORA.KY.Equity",0.021615,-0.0719855037488529,0.00268115342488695,0.0621846746749559,0.0421723371967975,-0.0916201345407543,-0.0372896792856735,-0.0549850145675383,-0.547867467600604,0.00208249524327624,-0.213266720394911,-0.225759578733897,-0.330905761382658,1.06050056596655,0.53968253968254,-0.00807243633602075,1.59074415680734
"LBNCHPO.KY.Equity",NA,0.545453547659424,0.129211438167354,0.171134092660271,0.118591737306041,-0.309682873735837,0.725813519892462,1.04738695113987,0.554968584796629,0.00503613633723238,0.781193518907874,0.539401352253282,0.441089737262295,1.90287483626305,0.571428571428571,0.111853598070788,2.15773455121949
"LEGCHNA.KY.Equity",NA,0.415326493693525,0.139121179052056,0.298917071217478,0.224605546423769,-0.465546516591764,0.448690262171327,0.597140993121361,0.331206383788865,0.00359430502908981,1.3527296967633,0.539785046250437,0.437285588039752,1.63669755469041,0.587301587301587,0.259403082731627,4.55690438456679
"LHASTRF.KY.Equity",NA,0.0321860459148913,0.0366467118664189,0.00202984043927334,NA,0,15.5907386876912,NA,-0.120112098571605,0.00300247404510383,0.000180444885348494,0.0560754148130256,0.00858988865703148,Inf,1,-1.068796013122,7.65510000192784
"LUASVAL.KY.Equity",NA,0.170845028963486,0.0858721357356831,0.167034428948589,0.149421295636656,-0.318130290365407,0.48416446983259,0.541235674547609,0.434262172743431,-0.00020174272828794,1.01813903619691,0.663853128325895,0.588987327308265,1.63108826988048,0.682539682539683,-0.500567155521022,3.61012321648961
"LWLASDF.NT.Equity",NA,0.0392085039419117,0.0477506876863629,0.0226309214304815,0.0610510823491279,-0.033309,1.88903875689225,0.700244549996477,-0.0253441819672321,0.00387463267055583,0.00507469987266427,0.0744584716650324,0.0216677084749546,6.91675061159879,0.968253968253968,-1.42397141593077,22.4022733532321
"LYNASIA.KY.Equity",-0.004373,0.120547173865293,0.051244908593018,0.144971132320492,0.0922836394013716,-0.25830297321656,0.318993911772606,0.501117087416588,0.161396132290666,-0.00157502940232467,0.808245186828707,0.564879837420117,0.53454164074216,1.37380340015413,0.578125,0.0120731329909424,-0.191005585045559
"MERINHE.KY.Equity",0.021969,0.111641524697169,0.0176143869630072,0.109135444738571,0.0665034443822615,-0.181070203780649,0.115584693801582,0.189680204990583,-0.0544265752148558,0.000188249598954194,0.214373137742606,0.248763124427566,0.188332160473458,1.19106042473596,0.484375,0.378461325233676,1.18555651375039
"MERINTF.KY.Equity",0.012296,0.0911871165419338,0.0147741090316076,0.093362613028306,0.0580725017523216,-0.162795027947888,0.104689754437831,0.1683087302368,-0.108256918097295,-0.000207395230460956,0.218444752961585,0.281735364146996,0.224330624621431,1.1823342436478,0.546875,0.314765463817272,1.58807625182709
"MIDASEQ.KY.Equity",NA,0.150688692991784,0.0232990938556406,0.0882709611265901,0.0361069902602692,-0.133505036300676,0.207305931895289,0.506801971688463,0.231403790773172,0.0022365085894953,-0.00126721727027745,0.102570966258815,-0.00138719682462607,1.31799795941503,0.523809523809524,2.8538023163671,14.825222311722
"MNJAPAR.KY.Equity",NA,0.24261376223796,0.0816524864748573,0.074577647974559,0.0561198107612842,-0.162929870700686,1.02782118445202,1.36587214808889,0.550186385652992,0.00562824554241762,0.141733286726051,0.180951217273555,0.185099874679916,2.75598703070818,0.709677419354839,0.551807857858939,3.2864684485991
"NAVABRT.KY.Equity",NA,0.0455960193979408,0.0695897583784251,0.00381621492292319,NA,0,16.9250840644347,NA,0.505477379170853,0.00561619241729923,0.000790986506361852,0.0306195198534241,0.0200281625571418,Inf,1,-1.22193803563062,1.01360320672836
"NAVASIA.KY.Equity",NA,0.332390235338047,0.0616434880782919,0.120736942433424,0.0918481699644913,-0.240935744379774,0.469147942101695,0.616707857110168,0.289098563000696,-0.000525516944126923,0.755902012299249,0.621320032862044,0.604964912027755,1.52750262363997,0.603174603174603,-0.59531832382061,0.389208676888611
"NAVYILD.KY.Equity",NA,0.13011951479439,0.0593710991380643,0.12399339298708,0.0850582415231384,-0.189486499053984,0.438499970266396,0.639221998532308,0.0779203824073938,-0.00200244809467592,0.919910360290997,0.695175553530112,0.716888847214824,1.47965710057313,0.571428571428571,-0.473279526452641,0.759149099603091
"NEWHBAS.KY.Equity",0.01516,0.241778748306895,0.0677660753116787,0.114781919005855,0.0930604525152208,-0.237297129272327,0.546828941834271,0.674465614718699,0.147296345460863,-0.000692847714173582,0.821418680632855,0.697609714697313,0.686137317643103,1.67303219317301,0.65625,-0.42105382804444,1.44010846941971
"NHINDIA.MP.Equity",NA,0.308290837583144,0.146209035504428,0.201548956347992,0.131268241445218,-0.301294864720149,0.700619036005418,1.07572885832678,0.583882821618506,0.00399949334141438,1.1223265168251,0.512215079990629,0.538075884950982,1.79619537681924,0.603174603174603,-0.130586966093518,-0.0159149142557617
"NORASXD.KY.Equity",NA,0.019836056450568,0.0510045018832688,0.135683155845328,0.0644421915437056,-0.17027590610331,0.339058312703986,0.71388791692579,0.131538463366642,0.00453362228386982,0.044517814563653,0.241151552416771,0.0317039050140641,1.39507661320804,0.492063492063492,0.645211356539264,0.413941286400539
"NTADUSA.KY.Equity",NA,0.246664550655873,0.106911206700282,0.134568532474148,0.115183666408023,-0.331938913848592,0.757318258782826,0.884771338492338,0.607039055591454,0.00231341902423985,0.856883277463551,0.686696263114967,0.615294466605441,1.84790063657601,0.650793650793651,-1.04588870771871,1.87759673638464
"NTASIAN.KY.Equity",NA,0.246885980646407,0.107557901495785,0.134732435968193,0.115182321093419,-0.331508457911677,0.761196817669034,0.890396204228296,0.614287289359106,0.00235329970335055,0.858227807851382,0.686673707653057,0.615510234455845,1.85373128679318,0.650793650793651,-1.03843752858089,1.86634237728859
"OCMFUND.KY.Equity",NA,0.334980055993004,0.195396467563739,0.15310202180645,0.114328224893068,-0.263345991129813,1.24359211796978,1.66534963471896,1.11272000993031,0.0102580704943938,0.717618971566303,0.588024950067517,0.455943980528829,2.64042186905989,0.758064516129032,-0.136358410428861,1.83680807183192
"OCTAPAF.KY.Equity",NA,0.220350877154797,0.0529697628027288,0.0695481421226089,0.0355972592116952,-0.0883874407586406,0.68973464047625,1.34756899449632,0.172857800813968,0.00249928674084384,0.247598776589969,0.420250474364477,0.344007427707276,1.86960743770007,0.571428571428571,0.794008066888808,1.88431892586213
"OPAFFRA.VI.Equity",NA,0.293115327763118,-0.00350475103322312,0.165480740117913,0.1176733610161,-0.507913231910038,-0.0513942047102464,-0.0722742255323149,0.0573252020747163,-0.00493510461095482,0.713044634724155,0.483907247997705,0.4163649088047,1.04664274685943,0.555555555555556,-0.312132105950876,0.22594706216809
"OZASIAM.KY.Equity",NA,0.240317670833893,0.101587831308582,0.0746956829225902,0.0440559849360358,-0.0904581337000238,1.29308452014127,2.19238842234071,0.642954524941984,0.00578532136927095,0.323689662221815,0.477622395684843,0.424937068950839,2.5939875355175,0.672131147540984,-0.196069952133038,-0.17724471731281
"PANGOLN.KY.Equity",NA,0.236893264351013,0.0800129828760687,0.111674012952392,0.0858245927230596,-0.235695348452727,0.671713865141104,0.874026668767565,0.432797337306565,0.0014527015019561,0.67859930547741,0.541991320289715,0.587173093779252,1.7329314043419,0.634920634920635,-0.801045686507838,1.46824095078784
"PANNOTI.VI.Equity",-0.001086,0.127322414348292,0.0539876649030988,0.13095118079277,0.0638172889075056,-0.176476724158383,0.374091051386712,0.767623723002394,0.238004728891005,0.000825423725640955,0.519097632949119,0.413411733572015,0.380066486501105,1.4766066535916,0.5,1.47164961366192,5.51263173512385
"PARAMEE.BM.Equity",NA,0.034024018861208,0.0414537743270462,0.00235824998381747,NA,0,15.4579771343985,NA,-0.0391238553956221,0.00342085609606444,-0.00371314933815038,-0.174888254211281,-0.152144912413556,Inf,0.984126984126984,0.219572668542856,18.5095363377652
"PASINLD.KY.Equity",NA,0.391667353154665,0.29113669009362,0.301233763683354,0.178807675594766,-0.454491997347341,0.949882531741683,1.60024836261557,0.663827723810637,0.0175839806190688,0.939614612218306,0.281927263695594,0.301405360720084,2.11515337979226,0.555555555555556,-0.0894085621526139,-0.30671077631629
"PASINLP.US.Equity",NA,0.384700103395762,0.291576926971728,0.312267883437699,0.180600573144163,-0.476015929506819,0.917727829762242,1.58679965396882,0.635286813922317,0.0181490318973681,0.905932217911892,0.256414454671602,0.280332366706023,2.07081713618937,0.555555555555556,-0.0374725378004946,-0.376152309950514
"PELAALA.NA.Equity",0.007244,0.0375815917457945,0.019361856996831,0.0535648808999923,0.0323510122191069,-0.0752368532935241,0.268120767852451,0.443938412175824,-0.145154887544442,0.00173222302682044,-0.00191374945815818,0.191301052974024,-0.00342550719073392,1.3411673369253,0.5,0.249642626304879,1.40271878157027
"PENASEF.AU.Equity",0.016126,0.0140264563389987,0.00532545745431778,0.08455501867492,0.105897015603489,-0.144441189409933,0.00384906134985359,0.00307333924816538,-0.346990465948658,-0.00201737537776111,0.338235902478424,0.433823207332159,0.383530812976979,1.09842488913754,0.71875,-2.36164876485619,6.22601027757142
"PENASEU.KY.Equity",0.015771,0.0770070882666816,0.0380746227354174,0.0505042086131431,0.048769931046842,-0.0804516633371365,0.65488844679788,0.678176532660057,-0.0738610213868065,0.00113483946758501,0.255594942803057,0.500781395836194,0.485226635778802,1.82469237440203,0.71875,-1.15414868558535,3.21568995524176
"PERUEQU.KY.Equity",NA,0.252977917213054,-0.00845444102151716,0.164757024219846,0.0962292375402016,-0.555876009250933,-0.0816623211376045,-0.139816560594656,-0.308718001591951,-0.00491072608536212,0.669066674734974,0.430787484660584,0.395024434720381,1.02329190878199,0.483870967741935,0.753254116543082,2.54347645609886
"PHALJAM.US.Equity",NA,-0.0227083653064115,0.0572126461133811,0.106582863745984,0.0971818222812942,-0.234483575270898,0.489878431469229,0.537267617417698,0.176839544109899,0.0064138522085542,-0.15877142408718,-0.0618407820814541,-0.143942755941967,1.59903858279983,0.619047619047619,-1.51349697595779,7.26402771532265
"PPASIAS.KY.Equity",NA,0.191643893322996,0.103400746547068,0.0881487913904701,0.0572678645089178,-0.102030669667433,1.11630284425778,1.71825416210071,0.712928177750716,0.00673582164698721,0.22261111680338,0.376384212242748,0.244025574947623,3.04237178757165,0.714285714285714,2.01598036515382,11.5313128540477
"PPCHINA.KY.Equity",NA,0.331973500476049,0.153259682212475,0.124428562715458,0.103842758708002,-0.127505925886205,1.19152450994322,1.4277325068893,0.789076018828752,0.0107193608281494,0.229606870008983,0.309999921434319,0.178307516888651,2.72527161549999,0.73015873015873,0.214349152379047,5.10885533458451
"PRUENHN.KY.Equity",NA,0.145035369949793,0.132653804825739,0.0801504185458521,0.062195016498356,-0.10418314668242,1.59267795654381,2.05247642034331,1.01009789057393,0.00768978339867268,0.371029467065454,0.570527808581078,0.44730882476308,3.38245640084706,0.793650793650794,-0.412458509989928,1.6296292353471
"PSAARFL.KY.Equity",NA,0.286533071323859,0.0949839333578106,0.0982914719521757,0.0684999764694392,-0.165203372027151,0.915480575991301,1.31363451486668,0.504827906430297,0.00338091241262696,0.568383309840386,0.620989801422606,0.558766468369842,2.04314244136633,0.714285714285714,-0.511517154708972,0.394128912147039
"PSFZAR1.SJ.Equity",0.029031,-0.00429832515325945,0.214858906457889,0.149032808316849,0.0912276621805841,-0.120052,1.40813897844374,2.30038676254221,0.762788352909345,0.0168539230286542,0.0486504705010141,0.0527796857736568,0.0312986139868697,2.9454600557857,0.625,-0.089517860318997,0.684296504950371
"PSLATON.US.Equity",NA,0.128677117144647,0.160864113690451,0.0645368009887166,0.0229691798647044,-0.0532486925968887,2.4151199207674,6.78579359857595,1.14858874539639,0.0117026747184992,0.122943076121971,0.251415994565708,0.185308415190443,6.17713322046627,0.758064516129032,0.453546198654186,-0.0218765207295077
"PXPVEEF.KY.Equity",NA,0.413102323608743,0.196648213408991,0.152249523339887,0.0601020145326261,-0.119881834764607,1.25877709962447,3.18871530179667,0.973003375635036,0.0115285570966337,0.551402081692282,0.355080276377913,0.349959121807167,2.54208724843511,0.603174603174603,0.480208992110009,-0.0383902105099319
"QIEFMLB.MP.Equity",NA,0.187366459598111,0.125219104088604,0.20079339461958,0.129570415973155,-0.294373623567245,0.598720412672782,0.92782834095023,0.477318942790174,0.00229023614803715,1.16634676751925,0.533807572646915,0.565036845720011,1.70955210033366,0.612903225806452,0.0339608603064026,0.985381864440055
"QUPANEF.VI.Equity",NA,0.0508806859399178,0.0641398183644517,0.121450494332859,0.0842488991899597,-0.192373566134239,0.486945884323594,0.70196547293878,-0.151190303578735,0.00114032335653016,0.575024732743048,0.523658966718211,0.45750105119682,1.53717311194634,0.603174603174603,-0.318140042217951,0.19694021966126
"REALRTA.ID.Equity",0.03882,0.388968734251881,0.0880666835505379,0.110606888627074,0.0779226229684661,-0.238918928014156,0.751008229067979,1.0660149823775,0.429725915676905,0.00367840325647952,0.474606635293026,0.522238359746286,0.411406904674538,1.88742859029819,0.65625,-0.0961756654401995,1.37901940256817
"ROCIMAS.KY.Equity",NA,0.383336889729756,0.0761957938705982,0.178530500896632,0.155187168994598,-0.386676725862531,0.398787845847248,0.458773713908503,0.241581708815448,0.00236713657949928,0.627425373073924,0.507453014633491,0.339589702431925,1.52590881646909,0.682539682539683,-0.121001590727773,4.54241669700945
"RVCCLSA.KY.Equity",NA,0.0793047051715559,0.083743768422371,0.0396958532722343,0.0253488192387732,-0.0439445733107146,1.98367743558366,3.10640774549078,0.84513646078788,0.00483975765501561,0.24043726544069,0.611697416119395,0.585277052462,4.8922087022998,0.825396825396825,0.0992545765269594,1.09835635219092
"RVCUSCA.KY.Equity",NA,0.0793004813636811,0.0826445946275942,0.0399406619220453,0.0258046115920814,-0.0467415786677242,1.94399869434157,3.00894258185311,0.822195863414032,0.00474810724962079,0.241342035397356,0.611476823746386,0.583878618010917,4.76093034852451,0.825396825396825,0.076507814622892,1.1250013033112
"SALAOPA.KY.Equity",0.009698,0.159299898448666,0.104152721649266,0.0843682290930356,0.052917497968844,-0.154934372794143,1.17523767791697,1.87372278461925,1.0051713631574,0.00667030580985694,0.27061751849632,0.320173722769814,0.293524166453107,2.51901198908704,0.619047619047619,-0.223115204437379,0.49548254465514
"SCICTFA.KY.Equity",NA,0.0679019209533751,0.0642255497786017,0.0217758601008925,NA,-0.0407,2.71978004561916,NA,0.343968208357626,0.00487831868267741,0.0422344751103083,0.211152374675658,0.187411674785116,9.08105651105651,0.984126984126984,-6.26802350734075,43.7610853530617
"SENTCAP.KY.Equity",NA,0.0626400668291651,0.0682248527166593,0.0278055296642203,0.0274435770360449,-0.0282280000000001,2.27382299420881,2.30381238690636,0.633311099069431,0.0041813981699389,0.168458510172051,0.629857765784745,0.5854187681375,6.06835784527021,0.841269841269841,-1.04132364241384,3.62611892468918
"SENTCRE.KY.Equity",NA,0.0626400668291651,0.0682248527166593,0.0278055296642203,0.0274435770360449,-0.0282280000000001,2.27382299420881,2.30381238690636,0.633311099069431,0.0041813981699389,0.168458510172051,0.629857765784745,0.5854187681375,6.06835784527021,0.841269841269841,-1.04132364241384,3.62611892468918
"SERICAB.KY.Equity",NA,0.0786956451066989,0.105837883073468,0.0989299660586963,0.0768256426448878,-0.10547954904171,1.01928553188465,1.31255502202009,0.271451509037323,0.00415393226593753,0.575029900599169,0.579543485157927,0.561652150516642,2.5505766062603,0.746031746031746,0.426749171765418,3.53008621950094
"SMCCNMI.KY.Equity",NA,0.205696073297469,0.163797541529172,0.210409389962115,0.142076139755021,-0.312522331151586,0.754707485049805,1.11769324393936,0.296429910213723,0.0140416154694719,0.0489348310008856,0.195364826541305,0.0215924916954656,1.95459458409921,0.639344262295082,0.236828306419012,2.28074055677852
"SPCHOPA.KY.Equity",NA,0.32434108242405,0.240470752263392,0.232504577239201,0.194184383142469,-0.342564505000766,1.01275749088216,1.21261426100693,0.904503105989548,0.0116156644459317,1.08280873463828,0.566897144113604,0.450013043233899,2.27245974871112,0.698412698412698,-0.775763434898121,2.32553954795935
"SPGRCHC.KY.Equity",0.028583,0.128761674319223,0.11403583712404,0.161331030447668,0.0975053560166971,-0.237860318873687,0.675851612808043,1.11825484853743,0.602333660775059,0.007196448812605,0.353333860843425,0.323802533897367,0.209984528574952,1.82970225500505,0.671875,0.513677225620123,2.20462193305865
"SQEBLBE.KY.Equity",0.0249,0.131082181472195,0.00276462100626573,0.210339503126995,0.118030449807454,-0.472583967994639,-0.0106274806230032,-0.0189390025826462,-0.0851550002324679,-0.00646706550015105,1.03820564222031,0.498132486889086,0.473241135200895,1.09029107501247,0.484375,0.431971954676296,0.930820424794293
"SQEBLOE.KY.Equity",0.0311,0.180844961129155,0.00181793542803188,0.258376236459265,0.148115609789374,-0.517954918011888,-0.0123156239736846,-0.0214836544000536,-0.0857204279701441,-0.00778270691422758,1.30216407207677,0.495780096131657,0.483206855274112,1.10414945756142,0.5,0.297113762587906,0.430188335879345
"SVGRCMN.KY.Equity",NA,0.231296125963437,0.11704484918204,0.0697325908811996,0.0305194587679027,-0.0635884599351269,1.60677880695593,3.67125937698073,0.74685907906718,0.00930810502217431,0.0196278414625692,0.138084513800091,0.0273948175680834,3.12455555957855,0.661290322580645,-0.0421124580721605,-0.772462995312009
"TANTALF.KY.Equity",NA,0.331624121751073,0.0931615157992227,0.175268555604192,0.105255335233517,-0.230271757681688,0.503008172203561,0.837596646323247,0.0751168694090736,0.010485651804626,-0.222751470675994,-0.0933585872194606,-0.125535951621266,1.57370294556736,0.583333333333333,0.157842128122339,1.39415867997523
"TARPLNG.US.Equity",NA,0.0844689176082494,-0.110444161279235,0.230078438443733,0.142954462842996,-0.637469754761375,-0.501760017410181,-0.807558987549937,-0.429341926961642,-0.0152783769885661,0.960508715784694,0.417377780065187,0.4033947550833,0.760621762183469,0.444444444444444,-0.153960059394972,-0.578168917731141
"TELLGNT.KY.Equity",0.011501,0.469416557683453,0.0995924226459666,0.135070285096977,0.106306250755877,-0.2658945884974,0.700320004344789,0.889810542403472,0.55682224987146,0.00177170968215333,0.847676950195312,0.701833377699741,0.601714537092862,1.76307755549466,0.671875,-0.769723161504595,0.988655955411668
"TICHVIA.KY.Equity",NA,0.106779188385927,0.041879125545873,0.158544020941492,0.128386783059161,-0.299227277625069,0.232611266743908,0.287250172230572,0.314555680408123,-0.00136818737220461,0.739074010753384,0.54005456278575,0.45345747255719,1.3096290171054,0.596774193548387,-0.782028359049208,3.12556337485844
"TK5YRGA.CH.Equity",-0.002038,0.00711646111837339,0.0330008274651379,0.0258892536916634,0.0193781799026034,-0.0631686921221924,1.08156178616127,1.44496684445457,-0.176048620417622,0.00276001478065146,-0.00283246552311457,-0.0293477777583952,-0.0104897478165455,2.47327383906267,0.65625,-0.822905350357654,1.14970832358433
"TKFUNDS.CH.Equity",0.001991,0.083176371599049,0.147169243956341,0.169287472370569,0.131135972995175,-0.22864083069029,0.839809597045281,1.0841361123814,0.527860261991287,0.0083843066098534,0.524884130293162,0.442060274813527,0.297275123356416,2.16768121970915,0.640625,-0.0308122221402022,2.04935297334835
"TKPROST.CH.Equity",0.0262,0.214576270559586,0.253570604867857,0.24039590848639,0.206656364253489,-0.239528880565,1.03400513940914,1.20282095238526,0.575924301115057,0.01382891098635,0.925196286073402,0.482183086599963,0.36900033071079,2.48387757557234,0.71875,-0.350031558500384,1.63921461143511
"TKYJULB.CH.Equity",0.017551,0.163070660377234,0.156404167509874,0.158688798699125,0.118769876994848,-0.201977483044754,0.954094862088765,1.27476908573746,0.641871177245851,0.00749545570334587,0.698950372679405,0.523824742421981,0.422298962732602,2.28624114511064,0.671875,-0.0952762843865647,1.1418164716992
"TKYJULS.CH.Equity",0.004025,0.0356152663326406,0.087715746674575,0.0418581547859355,0.0251055183188307,-0.029308,1.97609634484815,3.29472371867077,0.751989568040122,0.00601641363109215,0.132827843291481,0.326256014883405,0.304248879789449,5.55717193186489,0.765625,0.635805915414333,2.71958254996786
"TOCCATA.KY.Equity",NA,0.079764021490029,0.0398159967483831,0.0985664538220293,0.0585011446143618,-0.165469930976199,0.353223590768991,0.595133599143903,0.0158979908500355,-0.000311386041114212,0.531606344970986,0.47443689123285,0.516480910955612,1.40533282762594,0.548387096774194,0.278146405133684,0.894778276965909
"TROPHY1.KY.Equity",NA,0.289037636377989,-0.0917446032701789,0.500577537348509,0.306515876051302,-0.877320430361795,-0.193265969908721,-0.315626728757066,-0.12471294061149,-0.0164131134087507,1.93218131309531,0.444944471071873,0.36243173722391,1.04122129052115,0.433333333333333,0.929950505419551,2.88022940259571
"UGFMSTA.KY.Equity",NA,0.547833795863571,0.220530399481151,0.236918715329283,0.143265688528494,-0.222825005584354,0.909722978961768,1.50441045371645,1.13562410297637,0.0136332653906114,0.658300588310778,0.29904707731034,0.268491000021376,2.17633787288916,0.619047619047619,0.585566254739314,2.47889828540675
"UGHDSOA.KY.Equity",NA,0.698052718370279,0.223053606781143,0.262098914997599,0.178309719418754,-0.306544878979544,0.831951581269005,1.22289243397356,1.06985367729798,0.0124233277378595,0.89563915494487,0.383309442082534,0.330196683361044,2.06457783329685,0.650793650793651,0.250536825071992,2.11802583443637
"UIFLORG.BM.Equity",-0.009804,0.383562184946958,-0.21777137507567,0.263962730060806,0.209833530265962,-0.818181273653776,-0.843950110018761,-1.06165766163925,-0.259762965837486,-0.0147260827385553,-0.261992918544406,-0.011412711717807,-0.094517730519519,0.545293815723422,0.409836065573771,-0.867403310453466,1.75679333304445
"VAPAHED.KY.Equity",NA,0.482906268110459,0.103161417764778,0.123549966849763,0.0917475991203466,-0.264291759352426,0.79450784381142,1.06990720962647,0.54322332524717,0.00688198184924372,0.241563148252342,0.357572763751985,0.188926511803141,2.05501985359865,0.619047619047619,-0.128943437784697,3.17718364628398
"VERAIUS.ID.Equity",0.019233,0.310216519181915,0.0828919846988787,0.122119919013558,0.0860039258348129,-0.290868872197051,0.6378319387047,0.90567940873403,0.439273959758419,0.00353278308381848,0.456442818493153,0.490789551591947,0.358360238701216,1.80622387930287,0.609375,0.233667696039516,2.77295099190337
"VICTLAT.KY.Equity",NA,0.0342351812986572,-0.00938811794132655,0.124514185872642,0.066438063018396,-0.249068887854511,-0.115554045834129,-0.216564380230992,-0.230042533372342,0.00138833258261193,-0.19045035782325,-0.115893820826219,-0.147797748408859,0.98906375987913,0.46031746031746,0.427504175662278,0.404594666349256
"VISDYHE.KY.Equity",NA,-0.0668723827452999,0.0490681712320045,0.0832326682379903,0.0559806897009255,-0.127847999661785,0.52945762961724,0.787203077836962,0.0717129436308673,-0.000478755133274764,0.587711659608911,0.658332436280431,0.682299963092528,1.57456799478912,0.619047619047619,-0.343282479593336,0.864546407458898
"VISFICH.KY.Equity",NA,0.108593961673005,0.135377733957023,0.234253519555655,0.140269839626628,-0.303357688912533,0.556566809345408,0.929478028235176,0.378328032787621,0.00682396596868089,0.757355023317272,0.381113279452183,0.314493653917946,1.70139330785069,0.596774193548387,0.647070876011958,2.89721972802618
"VITCHBA.KY.Equity",NA,-0.128357484569957,0.0263841056188512,0.0997173486895706,0.0658469493341596,-0.233514561432325,0.214447193992511,0.32475469000593,0.0358580960711067,0.00406720259881351,-0.184032048032219,-0.0968670448347283,-0.178331307892037,1.32010439537678,0.53968253968254,0.580958300311266,3.266477703082
"WFASREC.KY.Equity",NA,0.413565700468755,0.168091084879256,0.124792131116029,0.0778509909754379,-0.119352396261115,1.30690199310418,2.09491340875432,0.904705868303342,0.00798684698636351,0.722223449303228,0.603267138806994,0.5624209761754,2.68862824519997,0.629032258064516,-0.0355815889004595,0.569253520635854
"WFASSCF.KY.Equity",NA,0.408478215355671,0.176720621549452,0.119526333560928,0.0841423442779451,-0.11983902001999,1.43667605651033,2.0408347666451,1.05666176796855,0.00855907976202851,0.722076861798137,0.616503882059074,0.5870795558552,2.98442422239161,0.709677419354839,-0.182324384062398,1.16871591755217
"WYCAASV.KY.Equity",NA,0.044198889974449,0.155280320610307,0.127489845668836,0.0999988067332727,-0.218793806349227,1.17876306008457,1.50282113876769,0.428128353497752,0.00866198203008677,0.506030419319494,0.450796066320227,0.383535781859487,2.68054574410721,0.714285714285714,-0.111999577009923,2.45085884201657
"YECYOSP.KY.Equity",NA,0.247528275582637,0.128279638058905,0.126185061486422,0.0873248072882046,-0.20687463172401,0.976974901836302,1.41173673194646,0.593259606588728,0.0054594394573963,0.646897016803914,0.641189935940704,0.499239360352228,2.09514400266523,0.645161290322581,-0.477770099258182,0.337446457551857
"ZEALCHI.KY.Equity",NA,0.282041284962525,0.115832127385171,0.122072632190827,0.0941854684369922,-0.207499132522405,0.907919534428614,1.17674338965904,0.465195122302455,0.0072121657241191,0.317833057932818,0.377735922208923,0.251585504838586,2.12986280085603,0.619047619047619,-0.41718933170526,2.74723041003974
"ZENUSOF.KY.Equity",NA,0.301778425304969,0.123092923779581,0.0847335918122099,0.0612506737635696,-0.11970207083981,1.39369665859679,1.9280265264579,0.868838957850633,0.00677374388800597,0.395317487593212,0.502338977274298,0.454330636944529,2.87808559355613,0.693548387096774,-0.461931058095428,1.29450579368186
