Date,TPTRAN Index
1/4/1995,-1.69655
1/5/1995,0.05028
1/6/1995,-1.22812
1/9/1995,0.85675
1/10/1995,-0.3939
1/11/1995,1.16033
1/12/1995,0.43328
1/13/1995,-0.20533
1/17/1995,-0.93618
1/18/1995,-1.37769
1/19/1995,-1.45385
1/20/1995,-1.85938
1/23/1995,-4.32893
1/24/1995,1.0478
1/25/1995,0.65413
1/26/1995,0.06092
1/27/1995,-0.38251
1/30/1995,2.0505
1/31/1995,-2.94515
2/1/1995,0.28976
2/2/1995,-0.08699
2/3/1995,-0.77357
2/6/1995,0.82498
2/7/1995,-0.82454
2/8/1995,-0.20996
2/9/1995,-1.02074
2/10/1995,0.3943
2/13/1995,0.24319
2/14/1995,-1.36836
2/15/1995,-0.83352
2/16/1995,-0.07841
2/17/1995,0.83068
2/20/1995,-0.03186
2/21/1995,0.12781
2/22/1995,0.16624
2/23/1995,-0.8252
2/24/1995,-1.35546
2/27/1995,-3.71952
2/28/1995,2.36032
3/1/1995,-1.64364
3/2/1995,3.78346
3/3/1995,1.35167
3/6/1995,2.38287
3/7/1995,1.47764
3/8/1995,-2.47739
3/9/1995,1.01498
3/10/1995,-1.75404
3/13/1995,0.3324
3/14/1995,-1.24724
3/15/1995,3.42567
3/16/1995,-2.08956
3/17/1995,0.02806
3/20/1995,-0.99382
3/22/1995,-0.318
3/23/1995,-0.12542
3/24/1995,-1.27059
3/27/1995,2.01687
3/28/1995,2.45937
3/29/1995,0.80771
3/30/1995,-0.81552
3/31/1995,4.32177
4/3/1995,-3.96928
4/4/1995,0.82893
4/5/1995,0.80781
4/6/1995,0.47971
4/7/1995,0.68141
4/10/1995,2.37538
4/11/1995,0.25393
4/12/1995,0.2178
4/13/1995,0.24738
4/14/1995,-1.57472
4/17/1995,2.26838
4/18/1995,0.72356
4/19/1995,-0.11592
4/20/1995,-1.61496
4/21/1995,2.10285
4/24/1995,-1.71816
4/25/1995,2.35853
4/26/1995,-2.85109
4/27/1995,-0.48045
4/28/1995,-1.12141
5/1/1995,1.26871
5/2/1995,0.71191
5/8/1995,-0.9164
5/9/1995,-1.50395
5/10/1995,-2.65035
5/11/1995,-4.22338
5/12/1995,-0.21488
5/15/1995,1.63004
5/16/1995,-0.57486
5/17/1995,0.00186
5/18/1995,-0.01709
5/19/1995,-0.95422
5/22/1995,-1.64957
5/23/1995,-0.75834
5/24/1995,1.4264
5/25/1995,0.60738
5/26/1995,3.11083
5/29/1995,-1.11634
5/30/1995,1.06549
5/31/1995,-2.99699
6/1/1995,0.60555
6/2/1995,1.46632
6/5/1995,-0.20642
6/6/1995,-1.53682
6/7/1995,0.88835
6/8/1995,-2.34716
6/9/1995,-1.2872
6/12/1995,-0.60928
6/13/1995,-1.87187
6/14/1995,0.74648
6/15/1995,1.05904
6/16/1995,-0.3584
6/19/1995,0.87921
6/20/1995,0.55429
6/21/1995,1.77499
6/22/1995,-0.18299
6/23/1995,2.21859
6/26/1995,0.12707
6/27/1995,-0.9355
6/28/1995,-2.94497
6/29/1995,1.86678
6/30/1995,0.28203
7/3/1995,0.46273
7/4/1995,0.67847
7/5/1995,0.45145
7/6/1995,0.93635
7/7/1995,2.62036
7/10/1995,2.00851
7/11/1995,0.59792
7/12/1995,-0.3528
7/13/1995,0.493
7/14/1995,-0.12192
7/17/1995,-0.12558
7/18/1995,-0.79007
7/19/1995,-0.94687
7/20/1995,0.48011
7/21/1995,0.17913
7/24/1995,0.79363
7/25/1995,-2.41985
7/26/1995,0.65828
7/27/1995,0.55898
7/28/1995,-0.33373
7/31/1995,0.46859
8/1/1995,-1.73839
8/2/1995,-2.07783
8/3/1995,2.8973
8/4/1995,-1.27165
8/7/1995,0.36309
8/8/1995,-0.11698
8/9/1995,0.58751
8/10/1995,-2.35068
8/11/1995,-0.82252
8/14/1995,0.47993
8/15/1995,-0.95108
8/16/1995,5.60718
8/17/1995,0.35463
8/18/1995,-0.43116
8/21/1995,0.12146
8/22/1995,-0.19458
8/23/1995,-0.61424
8/24/1995,0.0842
8/25/1995,-0.22235
8/28/1995,0.11543
8/29/1995,0.11628
8/30/1995,-1.63932
8/31/1995,1.42548
9/1/1995,-0.3704
9/4/1995,-1.81059
9/5/1995,0.02476
9/6/1995,-1.37549
9/7/1995,0.04853
9/8/1995,1.31758
9/11/1995,1.40918
9/12/1995,-1.10746
9/13/1995,-1.19235
9/14/1995,1.10455
9/18/1995,-2.73176
9/19/1995,-1.42365
9/20/1995,0.0373
9/21/1995,2.562
9/22/1995,-2.12576
9/25/1995,-0.1812
9/26/1995,-0.09569
9/27/1995,3.14244
9/28/1995,0.06602
9/29/1995,0.73381
10/2/1995,-1.85866
10/3/1995,0.95954
10/4/1995,1.56826
10/5/1995,1.72553
10/6/1995,0.0517
10/9/1995,-0.77465
10/11/1995,-2.0048
10/12/1995,0.5504
10/13/1995,-0.9273
10/16/1995,0.89365
10/17/1995,-0.03293
10/18/1995,-0.65096
10/19/1995,0.56125
10/20/1995,1.39905
10/23/1995,0.78569
10/24/1995,-1.0884
10/25/1995,-1.63599
10/26/1995,-0.75421
10/27/1995,-2.1146
10/30/1995,0.93788
10/31/1995,0.17323
11/1/1995,-1.15974
11/2/1995,1.73737
11/6/1995,0.3979
11/7/1995,0.57022
11/8/1995,-0.18235
11/9/1995,1.94089
11/10/1995,-0.48067
11/13/1995,-1.17292
11/14/1995,0.41741
11/15/1995,-0.20017
11/16/1995,-0.53237
11/17/1995,0.97338
11/20/1995,1.60272
11/21/1995,-0.02096
11/22/1995,0.33414
11/24/1995,-1.32287
11/27/1995,0.66144
11/28/1995,1.40971
11/29/1995,-0.86797
11/30/1995,0.38736
12/1/1995,1.44477
12/4/1995,0.26256
12/5/1995,-0.56475
12/6/1995,0.5136
12/7/1995,1.66993
12/8/1995,0.21649
12/11/1995,-0.16022
12/12/1995,-0.2438
12/13/1995,-0.73726
12/14/1995,1.19388
12/15/1995,-0.26605
12/18/1995,0.25484
12/19/1995,-1.36442
12/20/1995,0.96499
12/21/1995,1.02718
12/22/1995,1.0368
12/25/1995,0.17858
12/26/1995,0.1586
12/27/1995,0.105
12/28/1995,-0.19208
12/29/1995,0.08269
1/4/1996,3.68015
1/5/1996,-0.92734
1/8/1996,-0.04753
1/9/1996,0.86976
1/10/1996,-0.62527
1/11/1996,-0.56217
1/12/1996,-1.72405
1/16/1996,0.69293
1/17/1996,1.72034
1/18/1996,-0.88795
1/19/1996,0.24413
1/22/1996,-0.90422
1/23/1996,-0.91065
1/24/1996,-0.61255
1/25/1996,1.19542
1/26/1996,0.86491
1/29/1996,-0.05471
1/30/1996,-0.07743
1/31/1996,0.8717
2/1/1996,1.25698
2/2/1996,0.09884
2/5/1996,0.6504
2/6/1996,-0.38013
2/7/1996,0.17138
2/8/1996,-0.43267
2/9/1996,-0.6053
2/13/1996,-0.14968
2/14/1996,1.11564
2/15/1996,0.66331
2/16/1996,-0.01129
2/19/1996,1.0314
2/20/1996,-2.26035
2/21/1996,-0.09418
2/22/1996,-0.60445
2/23/1996,-0.19473
2/26/1996,1.17804
2/27/1996,-1.08934
2/28/1996,-0.43951
2/29/1996,0.34895
3/1/1996,-0.27122
3/4/1996,-0.02399
3/5/1996,-0.12285
3/6/1996,-0.44462
3/7/1996,-1.03502
3/8/1996,0.13452
3/11/1996,-0.91329
3/12/1996,0.86474
3/13/1996,-0.61703
3/14/1996,-0.06536
3/15/1996,1.09394
3/18/1996,0.42795
3/19/1996,0.70472
3/21/1996,1.33669
3/22/1996,0.20872
3/25/1996,1.35889
3/26/1996,0.24032
3/27/1996,0.90014
3/28/1996,0.10999
3/29/1996,-0.85387
4/1/1996,0.09881
4/2/1996,0.17529
4/3/1996,0.17717
4/4/1996,0.04433
4/5/1996,-0.08005
4/8/1996,-0.63616
4/9/1996,0.08101
4/10/1996,0.43561
4/11/1996,0.17696
4/12/1996,-0.13319
4/15/1996,0.70162
4/16/1996,-0.57463
4/17/1996,0.37859
4/18/1996,1.10873
4/19/1996,-0.23695
4/22/1996,1.41281
4/23/1996,0.39498
4/24/1996,-0.15552
4/25/1996,0.30261
4/26/1996,1.56898
4/30/1996,0.16048
5/1/1996,-0.74973
5/2/1996,-0.09247
5/7/1996,-1.4641
5/8/1996,0.8458
5/9/1996,-0.2984
5/10/1996,-0.95283
5/13/1996,-0.3676
5/14/1996,-0.60553
5/15/1996,1.67535
5/16/1996,0.41182
5/17/1996,-0.3424
5/20/1996,-0.32696
5/21/1996,0.65939
5/22/1996,0.89403
5/23/1996,-1.33161
5/24/1996,-0.51626
5/27/1996,0.04535
5/28/1996,0.0459
5/29/1996,0.78372
5/30/1996,0.53815
5/31/1996,0.0082
6/3/1996,-1.25145
6/4/1996,0.73959
6/5/1996,0.56595
6/6/1996,-0.66257
6/7/1996,-0.49456
6/10/1996,-0.22174
6/11/1996,-0.04457
6/12/1996,1.51696
6/13/1996,1.36959
6/14/1996,0.52853
6/17/1996,0.2195
6/18/1996,1.70499
6/19/1996,0.25115
6/20/1996,0.2154
6/21/1996,0.66744
6/24/1996,1.97232
6/25/1996,-0.68343
6/26/1996,-0.17437
6/27/1996,-0.31088
6/28/1996,-0.595
7/1/1996,-0.99621
7/2/1996,-1.35036
7/3/1996,0.15928
7/4/1996,-0.29247
7/5/1996,0.28617
7/8/1996,-1.51249
7/9/1996,1.06718
7/10/1996,-1.46682
7/11/1996,0.18891
7/12/1996,-1.70728
7/15/1996,0.67204
7/16/1996,0.66511
7/17/1996,-0.93473
7/18/1996,0.70828
7/19/1996,-1.00474
7/22/1996,-1.40202
7/23/1996,0.03447
7/24/1996,-2.28997
7/25/1996,1.21858
7/26/1996,1.75549
7/29/1996,0.40199
7/30/1996,0.07589
7/31/1996,1.42777
8/1/1996,1.09959
8/2/1996,0.29515
8/5/1996,0.76724
8/6/1996,-1.33564
8/7/1996,-2.58474
8/8/1996,0.20942
8/9/1996,-0.47961
8/12/1996,0.77347
8/13/1996,0.74025
8/14/1996,-0.02342
8/15/1996,-0.24951
8/16/1996,-0.75985
8/19/1996,0.7493
8/20/1996,0.07463
8/21/1996,0.84242
8/22/1996,0.64396
8/23/1996,-0.46501
8/26/1996,-0.83713
8/27/1996,-0.11584
8/28/1996,-0.83126
8/29/1996,-0.96881
8/30/1996,-1.63258
9/2/1996,-0.52448
9/3/1996,0.53986
9/4/1996,0.35767
9/5/1996,1.22214
9/6/1996,-0.69789
9/9/1996,0.04911
9/10/1996,1.02631
9/11/1996,-0.02175
9/12/1996,-0.04179
9/13/1996,1.12145
9/17/1996,2.14771
9/18/1996,0.38285
9/19/1996,0.4466
9/20/1996,-0.95545
9/24/1996,-0.13297
9/25/1996,0.19657
9/26/1996,0.56659
9/27/1996,0.62071
9/30/1996,-0.49303
10/1/1996,0.42831
10/2/1996,-0.41331
10/3/1996,-0.73289
10/4/1996,-1.66857
10/7/1996,-0.34976
10/8/1996,-1.1864
10/9/1996,-0.63655
10/11/1996,0.18107
10/14/1996,0.55317
10/15/1996,1.09611
10/16/1996,0.27891
10/17/1996,-0.02366
10/18/1996,0.63728
10/21/1996,-1.30191
10/22/1996,-1.14683
10/23/1996,-0.74237
10/24/1996,0.53665
10/25/1996,-1.23054
10/28/1996,-0.49482
10/29/1996,0.39494
10/30/1996,-0.06438
10/31/1996,-1.05608
11/1/1996,1.51574
11/5/1996,-0.96591
11/6/1996,1.74836
11/7/1996,1.89944
11/8/1996,1.02674
11/11/1996,0.08274
11/12/1996,-0.51916
11/13/1996,0.17554
11/14/1996,0.10718
11/15/1996,0.01572
11/18/1996,-0.35592
11/19/1996,0.37951
11/20/1996,1.20818
11/21/1996,0.87632
11/22/1996,0.30363
11/25/1996,1.09879
11/26/1996,0.48962
11/27/1996,0.99661
11/28/1996,-1.41385
11/29/1996,-0.67956
12/2/1996,-2.41488
12/3/1996,0.41215
12/4/1996,0.58506
12/5/1996,4.07897
12/6/1996,-2.51184
12/9/1996,1.45746
12/10/1996,0.41795
12/11/1996,-1.10362
12/12/1996,-1.97622
12/13/1996,-0.38783
12/16/1996,0.2532
12/17/1996,0.60378
12/18/1996,-1.41992
12/19/1996,-1.20231
12/20/1996,0.89678
12/24/1996,-1.88286
12/25/1996,2.15683
12/26/1996,-0.2931
12/27/1996,-0.09751
12/30/1996,0.09808
1/6/1997,0.82538
1/7/1997,-1.87017
1/8/1997,-1.28316
1/9/1997,-2.50425
1/10/1997,-3.48397
1/13/1997,2.05435
1/14/1997,1.36325
1/16/1997,1.18606
1/17/1997,-1.12479
1/20/1997,-2.8064
1/21/1997,0.75796
1/22/1997,0.81453
1/23/1997,-0.82164
1/24/1997,0.23897
1/27/1997,-1.83843
1/28/1997,0.46482
1/29/1997,0.87001
1/30/1997,-1.58412
1/31/1997,0.54633
2/3/1997,-1.89364
2/4/1997,-0.59059
2/5/1997,-1.59037
2/6/1997,0.06977
2/7/1997,1.85996
2/10/1997,2.28592
2/12/1997,1.52853
2/13/1997,1.25191
2/14/1997,0.56455
2/17/1997,0.10879
2/18/1997,-0.83385
2/19/1997,-1.06533
2/20/1997,2.88329
2/21/1997,-1.02212
2/24/1997,-1.45946
2/25/1997,0.2465
2/26/1997,-1.91442
2/27/1997,2.54047
2/28/1997,-1.52307
3/3/1997,-0.8352
3/4/1997,0.55936
3/5/1997,-0.96727
3/6/1997,-1.66243
3/7/1997,-0.35647
3/10/1997,0.66959
3/11/1997,0.49437
3/12/1997,-0.59555
3/13/1997,-2.0323
3/14/1997,-0.15815
3/17/1997,0.65773
3/18/1997,2.1252
3/19/1997,-0.64884
3/21/1997,-0.02948
3/24/1997,-2.09163
3/25/1997,0.73743
3/26/1997,-0.06742
3/27/1997,1.02228
3/28/1997,-0.01946
3/31/1997,0.06122
4/1/1997,0.53687
4/2/1997,0.62356
4/3/1997,0.31759
4/4/1997,-1.49132
4/7/1997,0.61919
4/8/1997,3.2116
4/9/1997,-1.1498
4/10/1997,-1.05231
4/11/1997,0.6906
4/14/1997,-1.49099
4/15/1997,0.56011
4/16/1997,0.65018
4/17/1997,-0.62502
4/18/1997,0.44575
4/21/1997,1.50477
4/22/1997,-0.76866
4/23/1997,1.92431
4/24/1997,1.50881
4/25/1997,0.67991
4/28/1997,-0.92556
4/30/1997,1.60594
5/1/1997,0.75031
5/2/1997,2.07379
5/6/1997,5.59396
5/7/1997,-0.71021
5/8/1997,0.85829
5/9/1997,0.26124
5/12/1997,0.03532
5/13/1997,-1.09546
5/14/1997,0.59493
5/15/1997,0.00081
5/16/1997,0.81603
5/19/1997,0.82377
5/20/1997,0.61096
5/21/1997,-2.47988
5/22/1997,-4.24045
5/23/1997,2.31021
5/26/1997,1.4305
5/27/1997,-1.49665
5/28/1997,2.15832
5/29/1997,-1.37184
5/30/1997,-2.49665
6/2/1997,1.93614
6/3/1997,0.57819
6/4/1997,0.23606
6/5/1997,-0.26886
6/6/1997,0.77032
6/9/1997,0.51839
6/10/1997,0.44821
6/11/1997,0.00786
6/12/1997,-2.10334
6/13/1997,-0.17819
6/16/1997,1.53045
6/17/1997,-0.27141
6/18/1997,-1.39622
6/19/1997,-1.70986
6/20/1997,0.13585
6/23/1997,0.09404
6/24/1997,1.20879
6/25/1997,2.65947
6/26/1997,-0.12453
6/27/1997,-1.72803
6/30/1997,1.02982
7/1/1997,-1.74245
7/2/1997,0.93548
7/3/1997,-0.10548
7/4/1997,-1.56168
7/7/1997,-0.2646
7/8/1997,0.60356
7/9/1997,0.44341
7/10/1997,0.18034
7/11/1997,0.08431
7/14/1997,1.22148
7/15/1997,-1.6181
7/16/1997,1.25761
7/17/1997,0.80904
7/18/1997,-2.16979
7/22/1997,0.63864
7/23/1997,-0.0333
7/24/1997,1.17062
7/25/1997,-0.15195
7/28/1997,0.3604
7/29/1997,-0.40229
7/30/1997,-0.0653
7/31/1997,0.0283
8/1/1997,-2.33605
8/4/1997,-4.18112
8/5/1997,-2.85408
8/6/1997,2.2146
8/7/1997,-0.30042
8/8/1997,4.92712
8/11/1997,-5.07306
8/12/1997,0.12975
8/13/1997,0.28299
8/14/1997,1.12621
8/15/1997,1.53326
8/18/1997,-0.79573
8/19/1997,-1.48528
8/20/1997,0.21897
8/21/1997,-1.08742
8/22/1997,-2.36918
8/25/1997,0.04382
8/26/1997,2.40721
8/27/1997,-2.93209
8/28/1997,0.56776
8/29/1997,-2.00646
9/1/1997,-2.0816
9/2/1997,1.35803
9/3/1997,3.38694
9/4/1997,0.81437
9/5/1997,-0.05234
9/8/1997,0.0149
9/9/1997,1.85992
9/10/1997,-0.53201
9/11/1997,-2.27083
9/12/1997,-1.54064
9/16/1997,0.8634
9/17/1997,-0.72789
9/18/1997,0.68037
9/19/1997,1.84478
9/22/1997,2.82399
9/24/1997,2.02464
9/25/1997,-1.93265
9/26/1997,-1.63913
9/29/1997,-0.10951
9/30/1997,0.79666
10/1/1997,-0.17535
10/2/1997,-2.38796
10/3/1997,0.90063
10/6/1997,0.27296
10/7/1997,-2.0459
10/8/1997,1.55022
10/9/1997,-0.9085
10/13/1997,-0.37014
10/14/1997,0.14677
10/15/1997,3.02238
10/16/1997,2.43298
10/17/1997,-0.25931
10/20/1997,-2.01068
10/21/1997,0.12738
10/22/1997,0.5101
10/23/1997,-4.32966
10/24/1997,0.03024
10/27/1997,-0.56769
10/28/1997,-2.82607
10/29/1997,2.73812
10/30/1997,-2.71
10/31/1997,-1.24406
11/4/1997,-1.27976
11/5/1997,-2.98351
11/6/1997,0.63444
11/7/1997,-4.00335
11/10/1997,0.4142
11/11/1997,0.4168
11/12/1997,-1.99186
11/13/1997,0.43232
11/14/1997,-1.09835
11/17/1997,5.08846
11/18/1997,1.47085
11/19/1997,-4.21678
11/20/1997,2.00806
11/21/1997,2.50997
11/25/1997,-5.60119
11/26/1997,2.60792
11/27/1997,2.47554
11/28/1997,0.16141
12/1/1997,0.87565
12/2/1997,-0.56974
12/3/1997,-0.62882
12/4/1997,-2.41643
12/5/1997,0.00717
12/8/1997,-0.61667
12/9/1997,2.61242
12/10/1997,0.12308
12/11/1997,-1.8377
12/12/1997,-2.58081
12/15/1997,0.88588
12/16/1997,-0.70181
12/17/1997,3.97963
12/18/1997,-0.97479
12/19/1997,-2.42946
12/22/1997,-4.20734
12/24/1997,1.50493
12/25/1997,3.20856
12/26/1997,-1.35441
12/29/1997,1.07548
12/30/1997,1.28721
1/5/1998,-5.20785
1/6/1998,-0.07006
1/7/1998,3.27871
1/8/1998,-1.0397
1/9/1998,0.06834
1/12/1998,-2.77527
1/13/1998,0.85779
1/14/1998,3.17089
1/16/1998,4.6438
1/19/1998,1.22512
1/20/1998,-0.20699
1/21/1998,1.35823
1/22/1998,-2.05754
1/23/1998,2.11639
1/26/1998,0.40401
1/27/1998,-0.12793
1/28/1998,0.08006
1/29/1998,-0.68875
1/30/1998,-1.72409
2/2/1998,-0.27263
2/3/1998,1.33435
2/4/1998,0.61808
2/5/1998,0.05626
2/6/1998,-1.35799
2/9/1998,0.42436
2/10/1998,0.64403
2/12/1998,-1.1844
2/13/1998,-2.49832
2/16/1998,0.89874
2/17/1998,-1.03886
2/18/1998,-1.43597
2/19/1998,-0.16534
2/20/1998,0.10411
2/23/1998,0.11925
2/24/1998,-1.49552
2/25/1998,-0.13237
2/26/1998,2.59464
2/27/1998,3.08928
3/2/1998,1.61988
3/3/1998,-1.86457
3/4/1998,-0.21422
3/5/1998,-1.42919
3/6/1998,0.53573
3/9/1998,-0.84771
3/10/1998,-0.35312
3/11/1998,-3.79704
3/12/1998,-0.6737
3/13/1998,3.36785
3/16/1998,-1.3104
3/17/1998,0.48899
3/18/1998,-2.24095
3/19/1998,0.09046
3/20/1998,0.73434
3/23/1998,-0.1553
3/24/1998,-0.45858
3/25/1998,0.85244
3/26/1998,2.25517
3/27/1998,-2.53246
3/30/1998,-2.38069
3/31/1998,2.77816
4/1/1998,-1.80612
4/2/1998,-3.20626
4/3/1998,-2.02419
4/6/1998,1.10632
4/7/1998,1.13296
4/8/1998,4.16895
4/9/1998,2.26615
4/10/1998,0.78034
4/13/1998,-1.14975
4/14/1998,0.09064
4/15/1998,-0.84801
4/16/1998,-3.20685
4/17/1998,-0.21266
4/20/1998,-1.19716
4/21/1998,1.44433
4/22/1998,0.55465
4/23/1998,-0.17231
4/24/1998,2.1251
4/27/1998,-2.88597
4/28/1998,-0.53409
4/30/1998,0.39212
5/1/1998,-0.45665
5/6/1998,-0.68168
5/7/1998,-1.56325
5/8/1998,0.4411
5/11/1998,2.55771
5/12/1998,-0.18622
5/13/1998,-0.69313
5/14/1998,0.12209
5/15/1998,-1.09188
5/18/1998,-0.53602
5/19/1998,0.11711
5/20/1998,-0.21159
5/21/1998,1.96278
5/22/1998,-0.25674
5/25/1998,-0.92884
5/26/1998,-0.21653
5/27/1998,-0.27441
5/28/1998,-0.61808
5/29/1998,-0.77785
6/1/1998,-2.96996
6/2/1998,1.93203
6/3/1998,-0.03399
6/4/1998,0.85781
6/5/1998,-2.00463
6/8/1998,-0.10734
6/9/1998,1.26267
6/10/1998,-1.23491
6/11/1998,-2.00871
6/12/1998,0.39316
6/15/1998,-0.92883
6/16/1998,0.77859
6/17/1998,4.77902
6/18/1998,-0.23779
6/19/1998,2.59387
6/22/1998,-3.46108
6/23/1998,-1.13031
6/24/1998,0.16342
6/25/1998,0.18293
6/26/1998,-1.45404
6/29/1998,1.68874
6/30/1998,5.80241
7/1/1998,1.78765
7/2/1998,-2.70291
7/3/1998,1.91013
7/6/1998,-1.84002
7/7/1998,1.93585
7/8/1998,-0.18232
7/9/1998,-1.36809
7/10/1998,-1.34701
7/13/1998,1.86523
7/14/1998,1.52012
7/15/1998,-0.36725
7/16/1998,1.15611
7/17/1998,0.39003
7/21/1998,-1.3099
7/22/1998,-1.97077
7/23/1998,-0.37893
7/24/1998,0.99607
7/27/1998,-2.4463
7/28/1998,1.49107
7/29/1998,-1.81956
7/30/1998,0.30385
7/31/1998,0.45594
8/3/1998,-1.43095
8/4/1998,0.58102
8/5/1998,-0.25115
8/6/1998,-0.64254
8/7/1998,-1.26711
8/10/1998,-1.16147
8/11/1998,-1.836
8/12/1998,0.18011
8/13/1998,0.09987
8/14/1998,-1.96041
8/17/1998,-1.40296
8/18/1998,1.47412
8/19/1998,2.69769
8/20/1998,0.59388
8/21/1998,-1.67656
8/24/1998,-1.02326
8/25/1998,-0.45639
8/26/1998,-0.8154
8/27/1998,-3.0926
8/28/1998,-2.03437
8/31/1998,2.79211
9/1/1998,3.45028
9/2/1998,-1.20453
9/3/1998,2.84147
9/4/1998,-0.31125
9/7/1998,6.92433
9/8/1998,-0.90106
9/9/1998,-5.71136
9/10/1998,2.21718
9/11/1998,-2.79416
9/14/1998,-2.77445
9/16/1998,-0.67186
9/17/1998,-0.30669
9/18/1998,1.00141
9/21/1998,-3.54372
9/22/1998,-0.59851
9/24/1998,3.44315
9/25/1998,-2.18653
9/28/1998,4.95547
9/29/1998,1.30672
9/30/1998,-4.56995
10/1/1998,-2.15508
10/2/1998,-0.96148
10/5/1998,-1.27898
10/6/1998,2.00413
10/7/1998,12.36799
10/8/1998,-6.24335
10/9/1998,-3.368
10/12/1998,7.3036
10/13/1998,-5.03651
10/14/1998,0.03426
10/15/1998,2.03412
10/16/1998,7.23768
10/19/1998,2.14267
10/20/1998,-1.0647
10/21/1998,3.62267
10/22/1998,-3.29198
10/23/1998,-1.44324
10/26/1998,-3.42549
10/27/1998,0.73361
10/28/1998,-0.47403
10/29/1998,1.90035
10/30/1998,-1.73984
11/2/1998,5.99219
11/4/1998,3.21276
11/5/1998,-1.55064
11/6/1998,-3.17755
11/9/1998,-2.8825
11/10/1998,-0.8241
11/11/1998,4.13701
11/12/1998,-3.52574
11/13/1998,1.84327
11/16/1998,5.79102
11/17/1998,-1.55023
11/18/1998,0.33192
11/19/1998,-0.57738
11/20/1998,4.29937
11/24/1998,2.4107
11/25/1998,-2.19999
11/26/1998,0.88628
11/27/1998,-1.55333
11/30/1998,-2.62321
12/1/1998,0.65113
12/2/1998,1.15537
12/3/1998,-0.71891
12/4/1998,-1.27082
12/7/1998,-0.30582
12/8/1998,1.86319
12/9/1998,3.76862
12/10/1998,0.63086
12/11/1998,-3.56886
12/14/1998,-0.87013
12/15/1998,-2.69766
12/16/1998,0.48742
12/17/1998,-0.1478
12/18/1998,1.32494
12/21/1998,-1.2781
12/22/1998,-3.06639
12/24/1998,-0.1759
12/25/1998,1.37217
12/28/1998,0.71193
12/29/1998,3.57286
12/30/1998,-0.71346
1/4/1999,-0.48865
1/5/1999,-1.91567
1/6/1999,0.17013
1/7/1999,4.52055
1/8/1999,-3.51358
1/11/1999,1.14289
1/12/1999,-3.4921
1/13/1999,-2.09222
1/14/1999,2.16607
1/18/1999,2.45509
1/19/1999,-0.98385
1/20/1999,2.36407
1/21/1999,0.36364
1/22/1999,-2.37415
1/25/1999,1.52343
1/26/1999,2.2531
1/27/1999,-0.30626
1/28/1999,-1.89364
1/29/1999,3.48738
2/1/1999,-0.3507
2/2/1999,1.95376
2/3/1999,-2.71756
2/4/1999,0.44348
2/5/1999,-0.81874
2/8/1999,-0.47335
2/9/1999,-0.13925
2/10/1999,-0.19783
2/12/1999,0.5941
2/15/1999,-0.94779
2/16/1999,-1.25833
2/17/1999,0.27528
2/18/1999,-0.9252
2/19/1999,-1.0925
2/22/1999,2.17787
2/23/1999,0.80515
2/24/1999,0.39391
2/25/1999,1.66629
2/26/1999,-0.04047
3/1/1999,-1.49395
3/2/1999,-2.14525
3/3/1999,-0.78917
3/4/1999,-0.86618
3/5/1999,6.30222
3/8/1999,1.39198
3/9/1999,1.18774
3/10/1999,2.38646
3/11/1999,2.00321
3/12/1999,-0.51577
3/15/1999,3.39566
3/16/1999,0.90161
3/17/1999,1.77131
3/18/1999,-4.45988
3/19/1999,2.82901
3/23/1999,-2.11786
3/24/1999,-3.55762
3/25/1999,0.85033
3/26/1999,2.42913
3/29/1999,0.43228
3/30/1999,0.31185
3/31/1999,1.44065
4/1/1999,3.06666
4/2/1999,0.70286
4/5/1999,-0.6335
4/6/1999,2.57043
4/7/1999,-0.93941
4/8/1999,0.23125
4/9/1999,-3.74583
4/12/1999,-2.94657
4/13/1999,3.40098
4/14/1999,3.772
4/15/1999,-2.17619
4/16/1999,2.80189
4/19/1999,0.46777
4/20/1999,0.31941
4/21/1999,-4.74569
4/22/1999,0.36738
4/23/1999,1.57543
4/26/1999,0.32664
4/27/1999,0.18597
4/28/1999,-1.0102
4/30/1999,-2.0966
5/6/1999,3.81389
5/7/1999,-2.86079
5/10/1999,-0.32631
5/11/1999,-0.60061
5/12/1999,1.84012
5/13/1999,-2.32816
5/14/1999,-1.28077
5/17/1999,-2.77171
5/18/1999,1.79741
5/19/1999,-3.2431
5/20/1999,1.53382
5/21/1999,-0.00148
5/24/1999,1.19296
5/25/1999,0.27876
5/26/1999,-0.23258
5/27/1999,0.37545
5/28/1999,-0.65273
5/31/1999,-1.05471
6/1/1999,3.51751
6/2/1999,1.54008
6/3/1999,-1.05025
6/4/1999,-0.64792
6/7/1999,2.75777
6/8/1999,2.48549
6/9/1999,-0.0717
6/10/1999,2.30463
6/11/1999,1.37397
6/14/1999,-2.78064
6/15/1999,0.82759
6/16/1999,0.59607
6/17/1999,1.39017
6/18/1999,-2.18125
6/21/1999,-0.1255
6/22/1999,2.09385
6/23/1999,-1.30307
6/24/1999,0.30375
6/25/1999,-0.39976
6/28/1999,0.54231
6/29/1999,0.91237
6/30/1999,0.17345
7/1/1999,2.105
7/2/1999,0.68371
7/5/1999,-0.97049
7/6/1999,-0.74719
7/7/1999,0.27782
7/8/1999,0.06292
7/9/1999,0.7692
7/12/1999,0.75074
7/13/1999,-0.10167
7/14/1999,1.02736
7/15/1999,0.00012
7/16/1999,-1.32012
7/19/1999,2.98673
7/21/1999,0.08518
7/22/1999,-1.67718
7/23/1999,-1.09873
7/26/1999,0.36034
7/27/1999,1.96429
7/28/1999,1.61649
7/29/1999,1.32993
7/30/1999,1.46183
8/2/1999,-1.71882
8/3/1999,-0.68046
8/4/1999,0.29713
8/5/1999,-1.79505
8/6/1999,-1.4154
8/9/1999,-0.62433
8/10/1999,0.45465
8/11/1999,-0.87715
8/12/1999,0.93943
8/13/1999,0.31113
8/16/1999,2.33806
8/17/1999,0.57258
8/18/1999,1.48649
8/19/1999,-0.50949
8/20/1999,-0.58061
8/23/1999,-3.04932
8/24/1999,0.86965
8/25/1999,-1.35332
8/26/1999,-2.44635
8/27/1999,0.86514
8/30/1999,2.17029
8/31/1999,-4.04318
9/1/1999,3.5393
9/2/1999,-0.01352
9/3/1999,-0.95418
9/6/1999,2.32413
9/7/1999,-0.11893
9/8/1999,-1.46615
9/9/1999,2.48584
9/10/1999,-2.34159
9/13/1999,4.15352
9/14/1999,0.19226
9/16/1999,-1.10485
9/17/1999,-0.45153
9/20/1999,1.06929
9/21/1999,2.59222
9/22/1999,-4.8588
9/24/1999,-2.86247
9/27/1999,-1.56448
9/28/1999,0.85457
9/29/1999,-0.85932
9/30/1999,3.31346
10/1/1999,2.87429
10/4/1999,-1.19207
10/5/1999,-0.39689
10/6/1999,0.23017
10/7/1999,0.98182
10/8/1999,0.63832
10/12/1999,-1.60761
10/13/1999,-2.32948
10/14/1999,0.05429
10/15/1999,1.27263
10/18/1999,-1.20741
10/19/1999,-0.47606
10/20/1999,-0.06332
10/21/1999,1.24431
10/22/1999,0.6159
10/25/1999,0.99468
10/26/1999,0.28134
10/27/1999,-1.20268
10/28/1999,-1.6256
10/29/1999,4.20587
11/1/1999,-0.16616
11/2/1999,0.66521
11/4/1999,1.0283
11/5/1999,-2.55163
11/8/1999,0.56651
11/9/1999,0.11049
11/10/1999,-0.17937
11/11/1999,-2.76839
11/12/1999,-1.9125
11/15/1999,-1.63942
11/16/1999,1.4468
11/17/1999,2.0766
11/18/1999,1.89288
11/19/1999,0.78667
11/22/1999,-0.13121
11/24/1999,-1.34739
11/25/1999,-1.86229
11/26/1999,3.94128
11/29/1999,-2.00514
11/30/1999,-2.37263
12/1/1999,0.52637
12/2/1999,2.5502
12/3/1999,-1.02088
12/6/1999,-1.50207
12/7/1999,1.17463
12/8/1999,-2.11211
12/9/1999,2.08018
12/10/1999,1.34444
12/13/1999,-0.60666
12/14/1999,-1.09925
12/15/1999,0.59645
12/16/1999,5.40048
12/17/1999,6.7234
12/20/1999,3.44893
12/21/1999,-3.05982
12/22/1999,0.93352
12/24/1999,-2.49575
12/27/1999,-1.8105
12/28/1999,4.60233
12/29/1999,-0.59797
12/30/1999,0.84305
1/4/2000,-1.24149
1/5/2000,-1.06307
1/6/2000,-7.60369
1/7/2000,1.69855
1/11/2000,2.0271
1/12/2000,-1.34181
1/13/2000,0.77937
1/14/2000,1.48806
1/17/2000,1.09495
1/18/2000,-2.7873
1/19/2000,-3.2594
1/20/2000,3.0939
1/21/2000,2.20007
1/24/2000,0.21448
1/25/2000,-3.94824
1/26/2000,1.94936
1/27/2000,0.02294
1/28/2000,-0.36453
1/31/2000,0.73837
2/1/2000,0.68114
2/2/2000,-0.78325
2/3/2000,0.23352
2/4/2000,2.55729
2/7/2000,0.41863
2/8/2000,-1.39964
2/9/2000,0.33501
2/10/2000,-1.98732
2/14/2000,-2.51583
2/15/2000,-2.68181
2/16/2000,-0.22268
2/17/2000,1.68977
2/18/2000,-0.18723
2/21/2000,-2.2092
2/22/2000,-1.32786
2/23/2000,1.26964
2/24/2000,1.31053
2/25/2000,0.11461
2/28/2000,-0.77755
2/29/2000,-2.13368
3/1/2000,2.67393
3/2/2000,-1.35862
3/3/2000,-0.18839
3/6/2000,0.33207
3/7/2000,5.09592
3/8/2000,-1.20094
3/9/2000,0.585
3/10/2000,4.44339
3/13/2000,-0.0186
3/14/2000,-0.62719
3/15/2000,-1.91893
3/16/2000,2.55746
3/17/2000,0.40733
3/21/2000,-0.15725
3/22/2000,-1.38869
3/23/2000,1.17704
3/24/2000,2.849
3/27/2000,2.24588
3/28/2000,1.74049
3/29/2000,2.34443
3/30/2000,-2.3919
3/31/2000,5.07141
4/3/2000,-0.10795
4/4/2000,0.87407
4/5/2000,-1.06612
4/6/2000,-4.18751
4/7/2000,-0.00027
4/10/2000,2.91575
4/11/2000,-0.41203
4/12/2000,2.35934
4/13/2000,0.81566
4/14/2000,2.10097
4/17/2000,-4.49183
4/18/2000,2.77147
4/19/2000,-1.84766
4/20/2000,2.29749
4/21/2000,-1.92319
4/24/2000,0.69799
4/25/2000,2.00244
4/26/2000,-3.17526
4/27/2000,0.29218
4/28/2000,-2.05524
5/1/2000,3.50638
5/2/2000,-0.78958
5/8/2000,-1.15903
5/9/2000,-0.68546
5/10/2000,0.57821
5/11/2000,-1.43733
5/12/2000,0.26049
5/15/2000,-3.29541
5/16/2000,-2.59089
5/17/2000,-1.26629
5/18/2000,4.34529
5/19/2000,0.89895
5/22/2000,-3.36186
5/23/2000,1.56191
5/24/2000,-0.4846
5/25/2000,0.03523
5/26/2000,-0.93447
5/29/2000,-1.62648
5/30/2000,1.31073
5/31/2000,-2.50437
6/1/2000,1.71803
6/2/2000,-0.10919
6/5/2000,3.42466
6/6/2000,0.22722
6/7/2000,-0.09228
6/8/2000,-0.47165
6/9/2000,-0.64684
6/12/2000,-0.03348
6/13/2000,-2.41673
6/14/2000,-3.9039
6/15/2000,-1.95276
6/16/2000,0.72428
6/19/2000,2.38177
6/20/2000,2.43368
6/21/2000,0.96356
6/22/2000,1.0447
6/23/2000,-2.129
6/26/2000,-1.16082
6/27/2000,2.0227
6/28/2000,1.85948
6/29/2000,1.54388
6/30/2000,-1.31506
7/3/2000,-1.07236
7/4/2000,1.27669
7/5/2000,-1.04168
7/6/2000,-0.11285
7/7/2000,-0.50251
7/10/2000,3.76539
7/11/2000,0.45326
7/12/2000,-0.99141
7/13/2000,-1.44032
7/14/2000,-0.04585
7/17/2000,-1.14695
7/18/2000,-2.82974
7/19/2000,-1.10326
7/21/2000,-1.59389
7/24/2000,-0.39693
7/25/2000,1.90522
7/26/2000,-0.40039
7/27/2000,-0.78646
7/28/2000,-0.42253
7/31/2000,0.61726
8/1/2000,1.0214
8/2/2000,1.50103
8/3/2000,-0.24838
8/4/2000,-0.25124
8/7/2000,2.15251
8/8/2000,-1.91238
8/9/2000,0.10609
8/10/2000,-1.48982
8/11/2000,1.52578
8/14/2000,-0.49444
8/15/2000,-0.37668
8/16/2000,-1.54916
8/17/2000,-0.70122
8/18/2000,0.44341
8/21/2000,-2.27034
8/22/2000,0.54776
8/23/2000,0.90231
8/24/2000,1.71683
8/25/2000,1.28846
8/28/2000,0.56427
8/29/2000,-0.01919
8/30/2000,-0.68443
8/31/2000,-0.05536
9/1/2000,0.90137
9/4/2000,-0.57785
9/5/2000,-0.75095
9/6/2000,-0.85895
9/7/2000,0.28377
9/8/2000,-0.23301
9/11/2000,-1.6461
9/12/2000,-1.41468
9/13/2000,0.60095
9/14/2000,-1.28088
9/18/2000,0.30144
9/19/2000,-0.10412
9/20/2000,1.06188
9/21/2000,-1.08042
9/22/2000,-3.23983
9/25/2000,1.49309
9/26/2000,0.75469
9/27/2000,-1.8587
9/28/2000,0.85707
9/29/2000,2.76339
10/2/2000,0.57099
10/3/2000,0.26886
10/4/2000,0.64766
10/5/2000,0.09921
10/6/2000,0.52325
10/10/2000,-0.67296
10/11/2000,-0.28803
10/12/2000,0.81202
10/13/2000,-2.11706
10/16/2000,-0.59577
10/17/2000,-1.12049
10/18/2000,-0.10589
10/19/2000,0.28595
10/20/2000,0.89582
10/23/2000,0.108
10/24/2000,0.47037
10/25/2000,-0.35149
10/26/2000,-0.06015
10/27/2000,0.02556
10/30/2000,0.43253
10/31/2000,0.92218
11/1/2000,1.01886
11/2/2000,0.44245
11/6/2000,1.40443
11/7/2000,0.33387
11/8/2000,0.86336
11/9/2000,-0.35864
11/10/2000,-0.72618
11/13/2000,-1.94863
11/14/2000,-0.99849
11/15/2000,-1.44906
11/16/2000,-3.29042
11/17/2000,0.40686
11/20/2000,-1.27528
11/21/2000,-0.78721
11/22/2000,-0.03918
11/24/2000,-1.56264
11/27/2000,1.32402
11/28/2000,-0.93036
11/29/2000,-1.24762
11/30/2000,1.8499
12/1/2000,0.83413
12/4/2000,-0.52559
12/5/2000,-2.3239
12/6/2000,0.62135
12/7/2000,-1.11367
12/8/2000,-1.13122
12/11/2000,2.82466
12/12/2000,0.12263
12/13/2000,-0.39436
12/14/2000,-0.03869
12/15/2000,-1.28102
12/18/2000,-0.16462
12/19/2000,-0.91237
12/20/2000,-1.7653
12/21/2000,-0.35673
12/22/2000,-1.62515
12/25/2000,2.32032
12/26/2000,-1.15458
12/27/2000,-0.67861
12/28/2000,0.27075
12/29/2000,-0.43691
1/4/2001,-0.01605
1/5/2001,1.83984
1/9/2001,-0.60134
1/10/2001,-2.12726
1/11/2001,-5.79055
1/12/2001,0.08254
1/15/2001,1.50456
1/16/2001,7.39736
1/17/2001,-0.45783
1/18/2001,0.35007
1/19/2001,0.81918
1/22/2001,0.3805
1/23/2001,-1.38021
1/24/2001,-0.85299
1/25/2001,1.70968
1/26/2001,-1.03478
1/29/2001,1.65788
1/30/2001,2.04906
1/31/2001,-0.20845
2/1/2001,2.08934
2/2/2001,-1.90185
2/5/2001,-0.96644
2/6/2001,0.29001
2/7/2001,-0.01423
2/8/2001,-0.24268
2/9/2001,0.18679
2/13/2001,0.83238
2/14/2001,0.84184
2/15/2001,0.8185
2/16/2001,-1.09381
2/19/2001,-1.47389
2/20/2001,0.72609
2/21/2001,-1.00768
2/22/2001,1.6601
2/23/2001,1.15192
2/26/2001,0.04746
2/27/2001,0.05728
2/28/2001,-1.5913
3/1/2001,-2.2988
3/2/2001,-2.46802
3/5/2001,0.64266
3/6/2001,1.34117
3/7/2001,-0.3857
3/8/2001,2.3404
3/9/2001,1.63859
3/12/2001,-1.45055
3/13/2001,-1.75041
3/14/2001,-2.19116
3/15/2001,3.25541
3/16/2001,-0.56108
3/19/2001,3.72317
3/21/2001,5.66143
3/22/2001,-3.06907
3/23/2001,0.95564
3/26/2001,3.54318
3/27/2001,-1.01889
3/28/2001,-0.82585
3/29/2001,-3.90031
3/30/2001,-2.55401
4/2/2001,-0.96653
4/3/2001,3.08237
4/4/2001,-0.08352
4/5/2001,0.27625
4/6/2001,-0.64749
4/9/2001,-3.77939
4/10/2001,-0.37631
4/11/2001,1.80487
4/12/2001,0.39144
4/13/2001,-1.22017
4/16/2001,-0.64193
4/17/2001,0.6017
4/18/2001,2.55552
4/19/2001,0.4864
4/20/2001,-0.46002
4/23/2001,-0.64283
4/24/2001,0.04553
4/25/2001,0.04133
4/26/2001,0.72259
4/27/2001,-0.29565
5/1/2001,4.58163
5/2/2001,1.82914
5/7/2001,-0.10616
5/8/2001,-2.39708
5/9/2001,-0.2337
5/10/2001,-1.14828
5/11/2001,-0.38936
5/14/2001,-1.88592
5/15/2001,0.53118
5/16/2001,-0.53471
5/17/2001,3.39661
5/18/2001,-1.47924
5/21/2001,1.43992
5/22/2001,-1.38856
5/23/2001,3.75349
5/24/2001,-1.28765
5/25/2001,0.51736
5/28/2001,-0.17661
5/29/2001,0.2459
5/30/2001,-1.62679
5/31/2001,0.8091
6/1/2001,-1.53117
6/4/2001,0.00995
6/5/2001,-0.61895
6/6/2001,-0.06513
6/7/2001,0.18217
6/8/2001,-0.29357
6/11/2001,-0.40922
6/12/2001,-1.25131
6/13/2001,0.18494
6/14/2001,1.74569
6/15/2001,-1.42963
6/18/2001,-0.27371
6/19/2001,1.0667
6/20/2001,0.18496
6/21/2001,1.53516
6/22/2001,0.45761
6/25/2001,0.45301
6/26/2001,0.46715
6/27/2001,-0.82192
6/28/2001,-0.45938
6/29/2001,1.55121
7/2/2001,0.60575
7/3/2001,0.04481
7/4/2001,-0.07789
7/5/2001,-0.6081
7/6/2001,-1.45063
7/9/2001,0.65668
7/10/2001,-0.7146
7/11/2001,-0.41091
7/12/2001,-0.65797
7/13/2001,-0.44327
7/16/2001,0.10382
7/17/2001,-0.16944
7/18/2001,-0.93681
7/19/2001,-0.009
7/23/2001,-2.12179
7/24/2001,1.27606
7/25/2001,0.34998
7/26/2001,-0.40049
7/27/2001,1.04899
7/30/2001,-2.05322
7/31/2001,1.0709
8/1/2001,-0.08315
8/2/2001,1.59078
8/3/2001,-2.03656
8/6/2001,-0.08647
8/7/2001,0.49511
8/8/2001,0.53181
8/9/2001,-0.54007
8/10/2001,-0.66611
8/13/2001,-0.51168
8/14/2001,0.92211
8/15/2001,1.18508
8/16/2001,-3.03576
8/17/2001,-1.37604
8/20/2001,-1.66998
8/21/2001,-0.1411
8/22/2001,0.47698
8/23/2001,-0.65061
8/24/2001,0.11778
8/27/2001,-0.66057
8/28/2001,-0.87076
8/29/2001,-1.25558
8/30/2001,-0.01121
8/31/2001,-1.07021
9/3/2001,-2.43686
9/4/2001,2.11455
9/5/2001,-0.71993
9/6/2001,1.1733
9/7/2001,0.55077
9/10/2001,-1.32086
9/11/2001,1.77144
9/12/2001,-7.20233
9/13/2001,-3.57271
9/14/2001,1.33975
9/17/2001,-4.70186
9/18/2001,-0.87298
9/19/2001,-1.11731
9/20/2001,-4.72335
9/21/2001,-6.88646
9/25/2001,6.16445
9/26/2001,-2.26497
9/27/2001,1.73524
9/28/2001,3.52499
10/1/2001,4.24759
10/2/2001,1.84818
10/3/2001,-2.34563
10/4/2001,3.8744
10/5/2001,1.07448
10/9/2001,-5.15952
10/10/2001,-0.47074
10/11/2001,3.61076
10/12/2001,1.97147
10/15/2001,-2.72082
10/16/2001,-1.09367
10/17/2001,-0.37741
10/18/2001,-0.47265
10/19/2001,-0.8512
10/22/2001,-1.35591
10/23/2001,2.97865
10/24/2001,0.86999
10/25/2001,0.57211
10/26/2001,-1.90606
10/29/2001,-0.20261
10/30/2001,-0.6358
10/31/2001,-2.12331
11/1/2001,1.24195
11/2/2001,0.43478
11/5/2001,1.89833
11/6/2001,0.61198
11/7/2001,-2.05267
11/8/2001,2.57189
11/9/2001,-0.14783
11/12/2001,-2.77281
11/13/2001,-1.8984
11/14/2001,0.18352
11/15/2001,1.157
11/16/2001,-0.24155
11/19/2001,4.81902
11/20/2001,1.11852
11/21/2001,-0.04287
11/22/2001,-2.0837
11/26/2001,1.70924
11/27/2001,-1.12142
11/28/2001,-1.75004
11/29/2001,0.72144
11/30/2001,-0.73232
12/3/2001,-1.52638
12/4/2001,-1.90515
12/5/2001,2.66581
12/6/2001,1.38592
12/7/2001,-1.70023
12/10/2001,-2.43685
12/11/2001,-0.59907
12/12/2001,0.91889
12/13/2001,-2.49807
12/14/2001,0.10119
12/17/2001,-0.99904
12/18/2001,0.86609
12/19/2001,0.14036
12/20/2001,0.47676
12/21/2001,0.81662
12/25/2001,-0.11056
12/26/2001,0.0331
12/27/2001,1.58469
12/28/2001,2.26636
1/4/2002,4.21172
1/7/2002,-1.49115
1/8/2002,-2.20166
1/9/2002,0.97909
1/10/2002,-0.40669
1/11/2002,1.27562
1/15/2002,-1.68642
1/16/2002,0.79794
1/17/2002,-1.99664
1/18/2002,2.34167
1/21/2002,0.98462
1/22/2002,-2.70838
1/23/2002,-0.52349
1/24/2002,2.72288
1/25/2002,1.79843
1/28/2002,2.21309
1/29/2002,-3.96373
1/30/2002,-1.5077
1/31/2002,0.32092
2/1/2002,1.00451
2/4/2002,0.02433
2/5/2002,-5.18527
2/6/2002,0.33437
2/7/2002,1.87325
2/8/2002,0.09525
2/12/2002,4.59319
2/13/2002,1.61874
2/14/2002,-1.47013
2/15/2002,0.75537
2/18/2002,-0.12197
2/19/2002,-4.09693
2/20/2002,-0.55691
2/21/2002,3.96558
2/22/2002,-0.39692
2/25/2002,-0.01198
2/26/2002,-1.48595
2/27/2002,2.32977
2/28/2002,1.94586
3/1/2002,1.33968
3/4/2002,6.19482
3/5/2002,-1.24325
3/6/2002,1.9463
3/7/2002,4.12572
3/8/2002,-4.27579
3/11/2002,1.56113
3/12/2002,-0.93027
3/13/2002,-0.34521
3/14/2002,0.75743
3/15/2002,0.78255
3/18/2002,-1.90565
3/19/2002,2.78494
3/20/2002,-1.40653
3/22/2002,-2.82343
3/25/2002,-0.414
3/26/2002,-0.48891
3/27/2002,1.70081
3/28/2002,0.99818
3/29/2002,-3.39138
4/1/2002,0.59952
4/2/2002,0.47793
4/3/2002,0.82613
4/4/2002,-0.00344
4/5/2002,0.58918
4/8/2002,-0.04668
4/9/2002,-1.87662
4/10/2002,1.35633
4/11/2002,-1.46058
4/12/2002,-0.69346
4/15/2002,1.41915
4/16/2002,0.99018
4/17/2002,1.395
4/18/2002,1.38301
4/19/2002,-0.14046
4/22/2002,1.15665
4/23/2002,0.10406
4/24/2002,-0.54369
4/25/2002,0.86827
4/26/2002,-1.2
4/30/2002,-0.21788
5/1/2002,2.01015
5/2/2002,-2.08245
5/7/2002,-1.27843
5/8/2002,1.10695
5/9/2002,1.00126
5/10/2002,0.44474
5/13/2002,0.22644
5/14/2002,-0.06557
5/15/2002,0.8635
5/16/2002,0.82277
5/17/2002,1.57796
5/20/2002,-0.60678
5/21/2002,-0.00458
5/22/2002,-1.16618
5/23/2002,-2.34813
5/24/2002,2.97782
5/27/2002,-0.85731
5/28/2002,0.63207
5/29/2002,-0.27122
5/30/2002,0.12537
5/31/2002,-3.93479
6/3/2002,1.55402
6/4/2002,-1.26448
6/5/2002,-0.9606
6/6/2002,-0.04838
6/7/2002,-0.25164
6/10/2002,-1.06027
6/11/2002,0.17356
6/12/2002,1.0868
6/13/2002,-1.0461
6/14/2002,-1.54997
6/17/2002,-3.2189
6/18/2002,2.44293
6/19/2002,-1.91321
6/20/2002,0.05383
6/21/2002,-0.63106
6/24/2002,-0.00132
6/25/2002,0.76896
6/26/2002,-1.62963
6/27/2002,0.71542
6/28/2002,3.68301
7/1/2002,-0.33164
7/2/2002,0.70629
7/3/2002,1.17638
7/4/2002,-1.71926
7/5/2002,-0.03329
7/8/2002,0.45265
7/9/2002,1.67889
7/10/2002,-1.11466
7/11/2002,-0.01059
7/12/2002,0.33004
7/15/2002,-0.54558
7/16/2002,-0.90295
7/17/2002,-1.04861
7/18/2002,1.54257
7/19/2002,0.05491
7/22/2002,0.19198
7/23/2002,0.23815
7/24/2002,-0.38488
7/25/2002,-3.32509
7/26/2002,-4.12736
7/29/2002,0.90287
7/30/2002,4.30421
7/31/2002,-1.75827
8/1/2002,-0.12696
8/2/2002,-0.28586
8/5/2002,-0.61743
8/6/2002,-3.10192
8/7/2002,4.30502
8/8/2002,0.44654
8/9/2002,4.33322
8/12/2002,-1.52985
8/13/2002,-1.00107
8/14/2002,0.61957
8/15/2002,0.02387
8/16/2002,-0.97154
8/19/2002,-2.91995
8/20/2002,1.33786
8/21/2002,1.40452
8/22/2002,0.01652
8/23/2002,1.21955
8/26/2002,2.06683
8/27/2002,-0.2647
8/28/2002,-1.69144
8/29/2002,-1.53742
8/30/2002,0.5049
9/2/2002,-1.37771
9/3/2002,-1.41427
9/4/2002,-2.0952
9/5/2002,1.47139
9/6/2002,0.6306
9/9/2002,1.02862
9/10/2002,-0.27739
9/11/2002,1.7207
9/12/2002,1.15771
9/13/2002,-3.13787
9/17/2002,4.22256
9/18/2002,1.17387
9/19/2002,2.93353
9/20/2002,-4.10514
9/24/2002,-0.01105
9/25/2002,-2.18742
9/26/2002,2.08556
9/27/2002,1.64472
9/30/2002,-1.81017
10/1/2002,-2.66235
10/2/2002,-1.59544
10/3/2002,0.30379
10/4/2002,1.07674
10/7/2002,-3.71282
10/8/2002,0.57912
10/9/2002,-1.71422
10/10/2002,-2.68784
10/11/2002,1.47798
10/15/2002,3.11521
10/16/2002,2.62871
10/17/2002,0.31379
10/18/2002,0.60386
10/21/2002,-0.03624
10/22/2002,-1.61176
10/23/2002,1.59659
10/24/2002,1.18572
10/25/2002,1.88727
10/28/2002,-0.42993
10/29/2002,-4.26327
10/30/2002,-0.31075
10/31/2002,-0.33867
11/1/2002,2.89313
11/5/2002,0.81617
11/6/2002,-0.61361
11/7/2002,0.23311
11/8/2002,0.59438
11/11/2002,-2.65245
11/12/2002,0.55515
11/13/2002,0.22031
11/14/2002,-0.33222
11/15/2002,2.85741
11/18/2002,-2.41743
11/19/2002,0.04081
11/20/2002,1.01681
11/21/2002,-1.25016
11/22/2002,0.5591
11/25/2002,1.97915
11/26/2002,-0.44526
11/27/2002,0.20785
11/28/2002,1.28994
11/29/2002,-0.68237
12/2/2002,-1.36153
12/3/2002,0.72662
12/4/2002,-0.87186
12/5/2002,-1.08725
12/6/2002,0.78717
12/9/2002,-0.10749
12/10/2002,0.00889
12/11/2002,-0.09499
12/12/2002,1.318
12/13/2002,0.04564
12/16/2002,-0.70185
12/17/2002,-0.27037
12/18/2002,-2.13253
12/19/2002,1.02618
12/20/2002,-0.11037
12/24/2002,1.33757
12/25/2002,-0.90821
12/26/2002,1.97867
12/27/2002,0.40094
12/30/2002,1.12018
1/6/2003,1.02312
1/7/2003,-1.04154
1/8/2003,0.01018
1/9/2003,-1.03459
1/10/2003,-0.46623
1/14/2003,0.85076
1/15/2003,0.47673
1/16/2003,-0.13372
1/17/2003,-0.52608
1/20/2003,-1.50452
1/21/2003,1.26883
1/22/2003,-1.72257
1/23/2003,1.2622
1/24/2003,-0.92474
1/27/2003,-1.13399
1/28/2003,-0.68237
1/29/2003,-1.50746
1/30/2003,-1.74383
1/31/2003,-0.15328
2/3/2003,2.61092
2/4/2003,0.70215
2/5/2003,0.03069
2/6/2003,-0.1142
2/7/2003,-0.46222
2/10/2003,-0.51512
2/12/2003,1.20844
2/13/2003,-0.13406
2/14/2003,0.61604
2/17/2003,0.28147
2/18/2003,-0.04865
2/19/2003,1.15057
2/20/2003,0.66118
2/21/2003,-1.77608
2/24/2003,0.72329
2/25/2003,-2.1688
2/26/2003,0.06769
2/27/2003,-0.53214
2/28/2003,-0.34364
3/3/2003,2.30144
3/4/2003,-0.42167
3/5/2003,-0.9787
3/6/2003,-1.57615
3/7/2003,-1.01264
3/10/2003,-0.23349
3/11/2003,-3.00878
3/12/2003,1.80803
3/13/2003,-2.32808
3/14/2003,1.22812
3/17/2003,-0.88859
3/18/2003,0.92422
3/19/2003,-0.10629
3/20/2003,2.93777
3/24/2003,2.32751
3/25/2003,-2.93499
3/26/2003,2.10911
3/27/2003,-0.53546
3/28/2003,-1.67165
3/31/2003,-3.03463
4/1/2003,0.97209
4/2/2003,-0.39301
4/3/2003,-0.35327
4/4/2003,-0.72588
4/7/2003,2.3298
4/8/2003,-1.58026
4/9/2003,-0.54962
4/10/2003,-0.74304
4/11/2003,-3.13268
4/14/2003,-0.00842
4/15/2003,2.92739
4/16/2003,-0.4873
4/17/2003,0.88419
4/18/2003,0.6317
4/21/2003,0.65012
4/22/2003,-0.64274
4/23/2003,-0.16347
4/24/2003,1.52471
4/25/2003,-3.51067
4/28/2003,-0.71823
4/30/2003,6.18894
5/1/2003,0.26203
5/2/2003,0.30774
5/6/2003,2.78206
5/7/2003,2.20463
5/8/2003,-1.82386
5/9/2003,0.6564
5/12/2003,0.45517
5/13/2003,-1.62158
5/14/2003,1.04787
5/15/2003,-1.53429
5/16/2003,-0.5248
5/19/2003,-0.63498
5/20/2003,0.96859
5/21/2003,-1.61387
5/22/2003,0.42606
5/23/2003,1.15329
5/26/2003,0.03781
5/27/2003,-1.58987
5/28/2003,-0.54495
5/29/2003,2.4481
5/30/2003,2.27457
6/2/2003,1.46479
6/3/2003,-0.34858
6/4/2003,1.3652
6/5/2003,1.71742
6/6/2003,0.53989
6/9/2003,2.02259
6/10/2003,-0.45199
6/11/2003,1.05286
6/12/2003,0.08076
6/13/2003,0.64341
6/16/2003,-1.36678
6/17/2003,1.61508
6/18/2003,2.13181
6/19/2003,1.49382
6/20/2003,-0.58515
6/23/2003,0.97272
6/24/2003,-3.92228
6/25/2003,0.59246
6/26/2003,-0.40658
6/27/2003,1.78457
6/30/2003,-0.46362
7/1/2003,0.50273
7/2/2003,2.34605
7/3/2003,3.00339
7/4/2003,-0.87642
7/7/2003,1.78806
7/8/2003,1.95333
7/9/2003,2.1947
7/10/2003,-0.47079
7/11/2003,-3.42187
7/14/2003,0.40998
7/15/2003,-1.19035
7/16/2003,-1.46917
7/17/2003,-2.26941
7/18/2003,1.1481
7/22/2003,-1.31149
7/23/2003,1.47597
7/24/2003,0.15975
7/25/2003,0.74486
7/28/2003,-0.12593
7/29/2003,-1.644
7/30/2003,-1.67969
7/31/2003,0.01378
8/1/2003,0.52385
8/4/2003,-0.96064
8/5/2003,0.09302
8/6/2003,0.81912
8/7/2003,1.62724
8/8/2003,-0.95988
8/11/2003,1.47958
8/12/2003,-0.04089
8/13/2003,1.58894
8/14/2003,1.9427
8/15/2003,0.94222
8/18/2003,0.32622
8/19/2003,0.97712
8/20/2003,1.1929
8/21/2003,1.82138
8/22/2003,-2.19302
8/25/2003,-1.01166
8/26/2003,0.02882
8/27/2003,0.04428
8/28/2003,-0.68912
8/29/2003,1.0115
9/1/2003,1.7414
9/2/2003,0.13476
9/3/2003,0.58
9/4/2003,1.12268
9/5/2003,1.55733
9/8/2003,-0.62064
9/9/2003,1.49344
9/10/2003,-0.19611
9/11/2003,-0.79189
9/12/2003,3.41445
9/16/2003,4.25434
9/17/2003,1.75169
9/18/2003,-1.20183
9/19/2003,-1.67953
9/22/2003,-3.62822
9/24/2003,-0.3124
9/25/2003,-2.96799
9/26/2003,1.344
9/29/2003,-0.77651
9/30/2003,-1.01498
10/1/2003,1.52447
10/2/2003,1.90617
10/3/2003,0.32231
10/6/2003,1.09519
10/7/2003,2.52096
10/8/2003,-4.65666
10/9/2003,0.4202
10/10/2003,1.8933
10/14/2003,0.60954
10/15/2003,-0.81993
10/16/2003,1.03516
10/17/2003,-0.5248
10/20/2003,-0.13278
10/21/2003,0.63197
10/22/2003,-0.8435
10/23/2003,-4.61439
10/24/2003,0.66994
10/27/2003,0.83106
10/28/2003,-0.59418
10/29/2003,1.49527
10/30/2003,-0.90817
10/31/2003,-1.93176
11/4/2003,6.92044
11/5/2003,-1.66217
11/6/2003,-0.62862
11/7/2003,1.93912
11/10/2003,1.53693
11/11/2003,-4.01503
11/12/2003,-0.74908
11/13/2003,1.88388
11/14/2003,-0.27844
11/17/2003,-2.50761
11/18/2003,-1.16427
11/19/2003,-3.25196
11/20/2003,1.23318
11/21/2003,-0.07206
11/25/2003,-0.75696
11/26/2003,2.91033
11/27/2003,0.37797
11/28/2003,0.98538
12/1/2003,1.82569
12/2/2003,1.1549
12/3/2003,-0.32463
12/4/2003,1.61946
12/5/2003,0.14422
12/8/2003,-1.23232
12/9/2003,0.21218
12/10/2003,-2.11484
12/11/2003,2.37345
12/12/2003,0.97333
12/15/2003,1.88409
12/16/2003,-1.91695
12/17/2003,-1.52605
12/18/2003,2.20837
12/19/2003,1.63019
12/22/2003,1.40889
12/24/2003,-0.53093
12/25/2003,-0.37696
12/26/2003,-0.46883
12/29/2003,0.07342
12/30/2003,0.97671
1/5/2004,4.05683
1/6/2004,-0.99977
1/7/2004,-1.52595
1/8/2004,-1.0301
1/9/2004,1.64028
1/13/2004,-1.32736
1/14/2004,-0.26323
1/15/2004,-1.52419
1/16/2004,0.60491
1/19/2004,1.18989
1/20/2004,1.4919
1/21/2004,-1.10494
1/22/2004,0.73994
1/23/2004,-0.50391
1/26/2004,-1.44957
1/27/2004,-0.51717
1/28/2004,-0.04369
1/29/2004,-1.64212
1/30/2004,-0.94703
2/2/2004,1.98836
2/3/2004,-0.58795
2/4/2004,-2.94036
2/5/2004,1.78455
2/6/2004,0.74221
2/9/2004,-0.75139
2/10/2004,0.10699
2/12/2004,-0.35349
2/13/2004,0.84589
2/16/2004,0.83267
2/17/2004,1.71661
2/18/2004,-0.89154
2/19/2004,0.85744
2/20/2004,-1.30893
2/23/2004,3.10971
2/24/2004,-1.93072
2/25/2004,-2.42151
2/26/2004,1.3673
2/27/2004,2.35499
3/1/2004,1.91445
3/2/2004,-0.22884
3/3/2004,-0.17398
3/4/2004,-0.77575
3/5/2004,1.43387
3/8/2004,-0.23903
3/9/2004,0.81977
3/10/2004,-1.55706
3/11/2004,-1.38618
3/12/2004,-0.04406
3/15/2004,1.61286
3/16/2004,-1.10069
3/17/2004,1.79312
3/18/2004,0.96686
3/19/2004,-0.86675
3/22/2004,-1.33529
3/23/2004,0.85693
3/24/2004,0.51048
3/25/2004,0.77169
3/26/2004,1.9873
3/29/2004,1.47059
3/30/2004,0.06371
3/31/2004,0.54999
4/1/2004,-2.32587
4/2/2004,0.42449
4/5/2004,1.73001
4/6/2004,0.23645
4/7/2004,0.00366
4/8/2004,-0.41489
4/9/2004,-1.22682
4/12/2004,1.47065
4/13/2004,-2.0207
4/14/2004,-1.99595
4/15/2004,-0.53521
4/16/2004,2.28486
4/19/2004,-0.87956
4/20/2004,1.47062
4/21/2004,-0.20671
4/22/2004,1.81912
4/23/2004,0.43644
4/26/2004,0.54256
4/27/2004,-1.55478
4/28/2004,-1.06861
4/30/2004,-2.21752
5/6/2004,-0.89689
5/7/2004,-3.56395
5/10/2004,-3.86704
5/11/2004,0.60361
5/12/2004,4.90861
5/13/2004,-3.48817
5/14/2004,-0.21133
5/17/2004,-1.90631
5/18/2004,1.27408
5/19/2004,2.31961
5/20/2004,-1.01362
5/21/2004,1.74409
5/24/2004,-0.50016
5/25/2004,-0.45787
5/26/2004,0.90852
5/27/2004,1.72409
5/28/2004,1.93125
5/31/2004,0.84011
6/1/2004,-0.66944
6/2/2004,-0.39764
6/3/2004,-0.43323
6/4/2004,1.35847
6/7/2004,3.5821
6/8/2004,-0.3999
6/9/2004,-0.95804
6/10/2004,1.37973
6/11/2004,-0.91909
6/14/2004,-0.79795
6/15/2004,2.51499
6/16/2004,1.06443
6/17/2004,0.49032
6/18/2004,-0.16231
6/21/2004,2.13393
6/22/2004,-0.95862
6/23/2004,1.37494
6/24/2004,1.91883
6/25/2004,-0.96801
6/28/2004,0.70926
6/29/2004,0.33018
6/30/2004,-0.66488
7/1/2004,1.8922
7/2/2004,-1.79916
7/5/2004,-1.70822
7/6/2004,-0.42819
7/7/2004,-0.91901
7/8/2004,-0.88676
7/9/2004,1.1827
7/12/2004,1.66693
7/13/2004,1.25422
7/14/2004,-2.01029
7/15/2004,-0.75129
7/16/2004,0.39867
7/20/2004,-0.54036
7/21/2004,-0.02068
7/22/2004,-0.44037
7/23/2004,-0.67166
7/26/2004,0.13801
7/27/2004,-1.89538
7/28/2004,0.97305
7/29/2004,1.24582
7/30/2004,2.31182
8/2/2004,-0.19856
8/3/2004,-0.81253
8/4/2004,-1.95744
8/5/2004,-0.51849
8/6/2004,-0.55667
8/9/2004,-0.28252
8/10/2004,-1.61039
8/11/2004,2.48081
8/12/2004,-1.02996
8/13/2004,-1.57306
8/16/2004,-1.12073
8/17/2004,1.12803
8/18/2004,1.38175
8/19/2004,0.24301
8/20/2004,0.37106
8/23/2004,0.45015
8/24/2004,1.13366
8/25/2004,1.08772
8/26/2004,1.5728
8/27/2004,0.28099
8/30/2004,-0.07005
8/31/2004,-0.07533
9/1/2004,-0.10796
9/2/2004,-0.39967
9/3/2004,-3.18677
9/6/2004,2.73927
9/7/2004,0.59955
9/8/2004,0.33381
9/9/2004,-1.68074
9/10/2004,0.47179
9/13/2004,0.44247
9/14/2004,1.64492
9/15/2004,-1.73633
9/16/2004,0.22425
9/17/2004,-0.60628
9/21/2004,-0.11068
9/22/2004,-0.8304
9/24/2004,-0.68814
9/27/2004,-1.66556
9/28/2004,-0.8143
9/29/2004,0.0547
9/30/2004,3.49983
10/1/2004,0.13347
10/4/2004,1.22575
10/5/2004,-0.06079
10/6/2004,0.28115
10/7/2004,-0.42038
10/8/2004,2.03719
10/12/2004,-2.13856
10/13/2004,-1.25141
10/14/2004,-0.52517
10/15/2004,-0.41051
10/18/2004,-0.19155
10/19/2004,1.8027
10/20/2004,-1.03662
10/21/2004,-0.07487
10/22/2004,0.41282
10/25/2004,-1.04806
10/26/2004,-0.87975
10/27/2004,0.38821
10/28/2004,2.65659
10/29/2004,0.44108
11/1/2004,-1.5248
11/2/2004,-0.07266
11/4/2004,1.35556
11/5/2004,1.51168
11/8/2004,-1.35151
11/9/2004,0.26796
11/10/2004,-1.37515
11/11/2004,-0.17317
11/12/2004,2.1298
11/15/2004,1.3079
11/16/2004,-0.46929
11/17/2004,-0.41447
11/18/2004,-2.11798
11/19/2004,1.12726
11/22/2004,-2.67187
11/24/2004,0.88628
11/25/2004,0.33853
11/26/2004,-0.39451
11/29/2004,0.49722
11/30/2004,-1.53888
12/1/2004,-0.76467
12/2/2004,1.55638
12/3/2004,1.57792
12/6/2004,-1.86089
12/7/2004,-0.51876
12/8/2004,-0.12966
12/9/2004,-0.3146
12/10/2004,-0.96055
12/13/2004,1.53481
12/14/2004,0.76934
12/15/2004,1.91836
12/16/2004,-0.92226
12/17/2004,1.34625
12/20/2004,-0.37661
12/21/2004,0.34296
12/22/2004,0.79611
12/24/2004,1.78484
12/27/2004,0.82859
12/28/2004,-0.5146
12/29/2004,-1.14085
12/30/2004,1.90388
1/4/2005,-0.7553
1/5/2005,-0.23238
1/6/2005,-0.31514
1/7/2005,-0.2776
1/11/2005,2.94941
1/12/2005,0.13287
1/13/2005,-1.0011
1/14/2005,1.15184
1/17/2005,-0.18983
1/18/2005,-0.94767
1/19/2005,-0.2071
1/20/2005,-1.92622
1/21/2005,1.02148
1/24/2005,-0.11035
1/25/2005,-2.08354
1/26/2005,2.27913
1/27/2005,-1.24097
1/28/2005,-0.75526
1/31/2005,0.93573
2/1/2005,-0.18709
2/2/2005,0.62758
2/3/2005,-0.78448
2/4/2005,0.35662
2/7/2005,-0.99732
2/8/2005,-0.27274
2/9/2005,0.67777
2/10/2005,0.42722
2/14/2005,0.65314
2/15/2005,0.65132
2/16/2005,-1.21533
2/17/2005,-0.25981
2/18/2005,0.60965
2/21/2005,-0.54897
2/22/2005,0.73031
2/23/2005,-1.65976
2/24/2005,-0.50448
2/25/2005,0.90812
2/28/2005,1.47927
3/1/2005,-0.60003
3/2/2005,0.77426
3/3/2005,-0.01896
3/4/2005,0.48535
3/7/2005,-0.01367
3/8/2005,0.23529
3/9/2005,1.1425
3/10/2005,-1.07867
3/11/2005,0.0531
3/14/2005,-1.57391
3/15/2005,0.00672
3/16/2005,0.66763
3/17/2005,-1.55582
3/18/2005,0.13497
3/22/2005,-0.74896
3/23/2005,-1.19695
3/24/2005,-0.93416
3/25/2005,1.49166
3/28/2005,-0.31836
3/29/2005,-1.52734
3/30/2005,0.37482
3/31/2005,0.50236
4/1/2005,0.0344
4/4/2005,-0.68808
4/5/2005,1.60507
4/6/2005,0.85357
4/7/2005,0.60345
4/8/2005,-0.05456
4/11/2005,-0.59186
4/12/2005,-1.37753
4/13/2005,0.57993
4/14/2005,-1.30428
4/15/2005,-1.01126
4/18/2005,-3.0592
4/19/2005,1.34051
4/20/2005,0.36281
4/21/2005,-1.29861
4/22/2005,1.70714
4/25/2005,0.55959
4/26/2005,-0.54194
4/27/2005,-0.36982
4/28/2005,-0.36566
5/2/2005,0.20901
5/6/2005,2.9697
5/9/2005,-1.24574
5/10/2005,0.13085
5/11/2005,-0.65769
5/12/2005,-1.8753
5/13/2005,-1.19903
5/16/2005,-0.17523
5/17/2005,-0.19456
5/18/2005,-0.42739
5/19/2005,1.52812
5/20/2005,-0.437
5/23/2005,1.37941
5/24/2005,0.55114
5/25/2005,-0.91184
5/26/2005,-0.85759
5/27/2005,0.99038
5/30/2005,0.5508
5/31/2005,-0.79327
6/1/2005,0.42296
6/2/2005,0.32712
6/3/2005,-0.13072
6/6/2005,0.23982
6/7/2005,-0.53627
6/8/2005,0.45414
6/9/2005,-1.26617
6/10/2005,-0.45476
6/13/2005,-0.14585
6/14/2005,0.99155
6/15/2005,0.4813
6/16/2005,0.26286
6/17/2005,1.21974
6/20/2005,-0.94355
6/21/2005,0.52007
6/22/2005,0.16846
6/23/2005,-0.19669
6/24/2005,-0.35521
6/27/2005,-1.35474
6/28/2005,-0.02896
6/29/2005,0.25013
6/30/2005,0.11684
7/1/2005,0.07659
7/4/2005,0.67295
7/5/2005,-0.27123
7/6/2005,0.39982
7/7/2005,0.07433
7/8/2005,-0.87317
7/11/2005,1.22467
7/12/2005,1.22462
7/13/2005,-1.10302
7/14/2005,0.46378
7/15/2005,0.68398
7/19/2005,-0.37509
7/20/2005,0.22445
7/21/2005,3.46714
7/22/2005,-2.35186
7/25/2005,-0.31459
7/26/2005,-0.52066
7/27/2005,1.38031
7/28/2005,0.22977
7/29/2005,0.36223
8/1/2005,0.72939
8/2/2005,0.21831
8/3/2005,0.94294
8/4/2005,-0.99275
8/5/2005,-2.76529
8/8/2005,1.03023
8/9/2005,0.36973
8/10/2005,3.26807
8/11/2005,1.39106
8/12/2005,0.1245
8/15/2005,-0.90535
8/16/2005,0.09345
8/17/2005,-0.26102
8/18/2005,0.09475
8/19/2005,-0.15994
8/22/2005,1.59979
8/23/2005,0.51139
8/24/2005,0.15781
8/25/2005,0.61187
8/26/2005,0.38554
8/29/2005,-1.99704
8/30/2005,0.52857
8/31/2005,-0.13263
9/1/2005,0.40768
9/2/2005,0.77203
9/5/2005,1.01722
9/6/2005,-0.28506
9/7/2005,0.02964
9/8/2005,-0.37877
9/9/2005,1.38667
9/12/2005,0.38757
9/13/2005,0.69385
9/14/2005,0.15503
9/15/2005,0.77102
9/16/2005,-0.52762
9/20/2005,1.97742
9/21/2005,0.08221
9/22/2005,-0.67712
9/26/2005,2.42445
9/27/2005,-1.80087
9/28/2005,3.20618
9/29/2005,3.09084
9/30/2005,-2.09296
10/3/2005,0.61725
10/4/2005,0.60798
10/5/2005,-0.39275
10/6/2005,-2.24836
10/7/2005,-0.74312
10/11/2005,1.8826
10/12/2005,-0.49997
10/13/2005,-0.30847
10/14/2005,0.51949
10/17/2005,0.32127
10/18/2005,-0.64618
10/19/2005,-1.39169
10/20/2005,-1.10846
10/21/2005,-1.93063
10/24/2005,0.39377
10/25/2005,1.92137
10/26/2005,0.1968
10/27/2005,1.21329
10/28/2005,-0.49655
10/31/2005,0.81156
11/1/2005,1.91331
11/2/2005,-0.92834
11/4/2005,-0.66391
11/7/2005,0.48351
11/8/2005,0.12686
11/9/2005,-0.91903
11/10/2005,-0.32134
11/11/2005,-0.53838
11/14/2005,-1.66666
11/15/2005,-0.20585
11/16/2005,2.62682
11/17/2005,1.83731
11/18/2005,2.39111
11/21/2005,0.22409
11/22/2005,0.44949
11/24/2005,-0.94864
11/25/2005,-0.51639
11/28/2005,2.74162
11/29/2005,-1.01201
11/30/2005,-1.29013
12/1/2005,0.29449
12/2/2005,1.40067
12/5/2005,0.66738
12/6/2005,-1.48987
12/7/2005,0.09976
12/8/2005,-0.43977
12/9/2005,-0.09419
12/12/2005,1.6188
12/13/2005,0.60247
12/14/2005,1.36808
12/15/2005,-2.03225
12/16/2005,0.85457
12/19/2005,0.74013
12/20/2005,-0.31745
12/21/2005,1.19798
12/22/2005,1.47725
12/26/2005,0.19855
12/27/2005,-1.52356
12/28/2005,0.69706
12/29/2005,0.99281
12/30/2005,-0.59822
1/4/2006,2.37708
1/5/2006,0.91114
1/6/2006,1.54996
1/10/2006,-2.19424
1/11/2006,1.54997
1/12/2006,-0.26929
1/13/2006,-1.43167
1/16/2006,-2.04173
1/17/2006,-1.4838
1/18/2006,-1.45005
1/19/2006,2.04689
1/20/2006,0.93907
1/23/2006,-1.32953
1/24/2006,1.10774
1/25/2006,-1.517
1/26/2006,0.71692
1/27/2006,1.0171
1/30/2006,0.80641
1/31/2006,1.25188
2/1/2006,-1.32019
2/2/2006,0.99095
2/3/2006,-0.77809
2/6/2006,0.98545
2/7/2006,0.5994
2/8/2006,-2.04615
2/9/2006,0.52932
2/10/2006,1.09734
2/13/2006,-0.47636
2/14/2006,0.92861
2/15/2006,-0.51194
2/16/2006,0.69751
2/17/2006,0.39827
2/20/2006,-0.92304
2/21/2006,0.41462
2/22/2006,-0.33098
2/23/2006,2.336
2/24/2006,-0.5477
2/27/2006,-0.06395
2/28/2006,0.23471
3/1/2006,-1.5761
3/2/2006,0.64135
3/3/2006,-1.79459
3/6/2006,0.00604
3/7/2006,0.50696
3/8/2006,-0.27054
3/9/2006,0.69411
3/10/2006,-0.07734
3/13/2006,1.23882
3/14/2006,1.21702
3/15/2006,-0.03337
3/16/2006,-0.41103
3/17/2006,1.01871
3/20/2006,1.19127
3/22/2006,-0.82887
3/23/2006,-0.71018
3/24/2006,0.63975
3/27/2006,1.64254
3/28/2006,-0.5325
3/29/2006,0.02733
3/30/2006,1.39955
3/31/2006,-0.86431
4/3/2006,1.00306
4/4/2006,-0.23087
4/5/2006,0.66682
4/6/2006,2.93301
4/7/2006,-0.18382
4/10/2006,-0.36911
4/11/2006,0.09005
4/12/2006,-1.62355
4/13/2006,-0.26336
4/14/2006,0.66741
4/17/2006,-0.42659
4/18/2006,0.32155
4/19/2006,0.15794
4/20/2006,1.09983
4/21/2006,3.26644
4/24/2006,-0.60175
4/25/2006,-1.15934
4/26/2006,0.23224
4/27/2006,2.05737
4/28/2006,-0.42593
5/1/2006,0.672
5/2/2006,1.51198
5/8/2006,1.2672
5/9/2006,-0.16488
5/10/2006,-0.55565
5/11/2006,-1.51376
5/12/2006,-2.2782
5/15/2006,-1.55655
5/16/2006,-0.77936
5/17/2006,0.65126
5/18/2006,-1.7968
5/19/2006,-1.4183
5/22/2006,-0.5316
5/23/2006,-2.03376
5/24/2006,1.38681
5/25/2006,-1.14304
5/26/2006,0.91873
5/29/2006,0.42301
5/30/2006,0.68161
5/31/2006,-3.12737
6/1/2006,0.79086
6/2/2006,2.07726
6/5/2006,-1.39259
6/6/2006,-2.62634
6/7/2006,-1.95965
6/8/2006,-3.93102
6/9/2006,0.4781
6/12/2006,0.43553
6/13/2006,-4.84229
6/14/2006,1.09761
6/15/2006,1.14482
6/16/2006,3.21041
6/19/2006,-0.02292
6/20/2006,-0.24947
6/21/2006,-0.2839
6/22/2006,1.05668
6/23/2006,-1.4634
6/26/2006,0.2788
6/27/2006,-0.12722
6/28/2006,-2.28148
6/29/2006,0.89068
6/30/2006,5.0762
7/3/2006,0.0876
7/4/2006,0.74507
7/5/2006,-2.41133
7/6/2006,-0.57105
7/7/2006,2.17641
7/10/2006,0.89374
7/11/2006,-0.59311
7/12/2006,-2.65261
7/13/2006,-1.40317
7/14/2006,-2.39957
7/18/2006,-3.43202
7/19/2006,1.29825
7/20/2006,2.98268
7/21/2006,-0.25731
7/24/2006,-0.00057
7/25/2006,2.50713
7/26/2006,0.0282
7/27/2006,3.01201
7/28/2006,1.2316
7/31/2006,0.34052
8/1/2006,-0.72961
8/2/2006,-0.15457
8/3/2006,0.87603
8/4/2006,0.44935
8/7/2006,-2.02209
8/8/2006,2.31261
8/9/2006,1.35225
8/10/2006,-0.13282
8/11/2006,-1.33257
8/14/2006,0.46047
8/15/2006,0.26384
8/16/2006,2.43573
8/17/2006,0.42019
8/18/2006,0.71306
8/21/2006,-1.75855
8/22/2006,0.41387
8/23/2006,0.17396
8/24/2006,-1.71161
8/25/2006,-1.39501
8/28/2006,-0.36094
8/29/2006,1.37007
8/30/2006,-0.36554
8/31/2006,1.38185
9/1/2006,-0.08621
9/4/2006,1.78913
9/5/2006,-0.32183
9/6/2006,-0.82571
9/7/2006,-1.70818
9/8/2006,-0.26536
9/11/2006,-2.03049
9/12/2006,-0.86311
9/13/2006,0.84299
9/14/2006,1.59013
9/15/2006,-0.69342
9/19/2006,0.58897
9/20/2006,-0.22057
9/21/2006,1.94498
9/22/2006,-0.91837
9/25/2006,0.04797
9/26/2006,-1.4999
9/27/2006,1.80523
9/28/2006,0.47047
9/29/2006,0.3409
10/2/2006,1.97182
10/3/2006,-0.2492
10/4/2006,-0.08892
10/5/2006,2.8492
10/6/2006,-0.90073
10/10/2006,-0.32916
10/11/2006,1.04763
10/12/2006,-0.09915
10/13/2006,-0.20582
10/16/2006,0.82243
10/17/2006,-1.07761
10/18/2006,-0.2251
10/19/2006,0.42095
10/20/2006,0.84594
10/23/2006,0.43277
10/24/2006,0.79743
10/25/2006,0.13574
10/26/2006,1.66175
10/27/2006,1.35059
10/30/2006,-2.33279
10/31/2006,0.40433
11/1/2006,-0.03961
11/2/2006,0.38614
11/6/2006,-0.30981
11/7/2006,1.67736
11/8/2006,0.85984
11/9/2006,0.29452
11/10/2006,-0.72215
11/13/2006,-1.31546
11/14/2006,1.86523
11/15/2006,-0.15569
11/16/2006,-1.15307
11/17/2006,0.77
11/20/2006,-3.78641
11/21/2006,0.00007
11/22/2006,1.6743
11/24/2006,-0.6898
11/27/2006,-0.39949
11/28/2006,-0.78191
11/29/2006,1.3352
11/30/2006,1.8014
12/1/2006,-0.06586
12/4/2006,-0.70103
12/5/2006,-0.32982
12/6/2006,0.76814
12/7/2006,0.4392
12/8/2006,-1.19559
12/11/2006,1.17087
12/12/2006,0.88638
12/13/2006,0.2119
12/14/2006,0.5519
12/15/2006,0.20327
12/18/2006,1.14723
12/19/2006,-0.61868
12/20/2006,1.09483
12/21/2006,1.31148
12/22/2006,0.6175
12/25/2006,-0.16809
12/26/2006,-0.39965
12/27/2006,1.69823
12/28/2006,0.19021
12/29/2006,0.21096
1/4/2007,1.16429
1/5/2007,-1.96035
1/9/2007,-0.38062
1/10/2007,-2.44704
1/11/2007,-0.66741
1/12/2007,2.0139
1/15/2007,1.33164
1/16/2007,-0.42806
1/17/2007,0.24111
1/18/2007,0.2254
1/19/2007,0.15526
1/22/2007,-0.11525
1/23/2007,0.57574
1/24/2007,1.83137
1/25/2007,-1.54439
1/26/2007,-0.85354
1/29/2007,0.10286
1/30/2007,0.91673
1/31/2007,-0.42208
2/1/2007,0.64298
2/2/2007,-0.9821
2/5/2007,-1.72773
2/6/2007,1.41998
2/7/2007,-0.44894
2/8/2007,-0.03187
2/9/2007,1.01542
2/13/2007,0.98904
2/14/2007,0.70823
2/15/2007,1.06443
2/16/2007,-0.49311
2/19/2007,-0.28919
2/20/2007,-0.09072
2/21/2007,-0.79312
2/22/2007,0.04574
2/23/2007,0.37719
2/26/2007,0.8028
2/27/2007,1.79708
2/28/2007,-3.6101
3/1/2007,-0.71366
3/2/2007,-0.90193
3/5/2007,-2.48538
3/6/2007,2.02721
3/7/2007,0.00402
3/8/2007,0.84335
3/9/2007,-0.96978
3/12/2007,0.98898
3/13/2007,-0.06577
3/14/2007,-3.05242
3/15/2007,0.35142
3/16/2007,-0.36635
3/19/2007,0.13708
3/20/2007,1.60117
3/22/2007,-0.17995
3/23/2007,1.02684
3/26/2007,-0.20695
3/27/2007,-1.27115
3/28/2007,-0.9002
3/29/2007,-0.72348
3/30/2007,0.06028
4/2/2007,-1.6108
4/3/2007,-0.17786
4/4/2007,1.87923
4/5/2007,-1.01944
4/6/2007,-0.72755
4/9/2007,1.62234
4/10/2007,-0.86566
4/11/2007,-0.66808
4/12/2007,-0.72676
4/13/2007,-2.65425
4/16/2007,0.41407
4/17/2007,0.43383
4/18/2007,1.76342
4/19/2007,-0.47312
4/20/2007,0.596
4/23/2007,0.58524
4/24/2007,-0.50053
4/25/2007,-1.94025
4/26/2007,0.22224
4/27/2007,0.72816
5/1/2007,-0.50381
5/2/2007,-0.88311
5/7/2007,0.91197
5/8/2007,-0.50723
5/9/2007,0.30605
5/10/2007,-1.79451
5/11/2007,0.29946
5/14/2007,1.36234
5/15/2007,0.03469
5/16/2007,0.01198
5/17/2007,-0.48983
5/18/2007,-0.05732
5/21/2007,-0.1431
5/22/2007,-0.68929
5/23/2007,0.64853
5/24/2007,1.30942
5/25/2007,-1.51205
5/28/2007,0.68663
5/29/2007,0.70039
5/30/2007,-0.61321
5/31/2007,0.68812
6/1/2007,1.11082
6/4/2007,1.10081
6/5/2007,1.2085
6/6/2007,0.02708
6/7/2007,0.08386
6/8/2007,-2.5946
6/11/2007,1.0719
6/12/2007,-0.51615
6/13/2007,-0.21184
6/14/2007,0.36785
6/15/2007,0.9238
6/18/2007,0.69166
6/19/2007,0.305
6/20/2007,-0.03617
6/21/2007,-0.32209
6/22/2007,-0.47476
6/25/2007,-0.21707
6/26/2007,0.32821
6/27/2007,-0.95528
6/28/2007,0.74776
6/29/2007,1.97551
7/2/2007,1.34129
7/3/2007,0.28158
7/4/2007,-0.25955
7/5/2007,0.0146
7/6/2007,-1.25001
7/9/2007,0.53554
7/10/2007,0.65455
7/11/2007,-1.28891
7/12/2007,-0.31243
7/13/2007,1.31906
7/17/2007,-1.45847
7/18/2007,-0.60719
7/19/2007,0.58832
7/20/2007,1.50288
7/23/2007,-1.4945
7/24/2007,0.8293
7/25/2007,-0.83605
7/26/2007,0.59764
7/27/2007,-1.68052
7/30/2007,0.48129
7/31/2007,-0.98076
8/1/2007,-0.97763
8/2/2007,-1.05816
8/3/2007,0.80086
8/6/2007,0.769
8/7/2007,0.21125
8/8/2007,-0.88266
8/9/2007,0.71211
8/10/2007,-2.62994
8/13/2007,0.09157
8/14/2007,0.74731
8/15/2007,-2.35725
8/16/2007,1.7631
8/17/2007,-9.40366
8/20/2007,3.6856
8/21/2007,2.00874
8/22/2007,-1.17571
8/23/2007,1.73374
8/24/2007,-0.84788
8/27/2007,0.83775
8/28/2007,0.56326
8/29/2007,-2.32967
8/30/2007,-0.557
8/31/2007,3.58611
9/3/2007,-0.07115
9/4/2007,-0.17081
9/5/2007,-0.36859
9/6/2007,-0.3221
9/7/2007,1.35112
9/10/2007,-2.14488
9/11/2007,-0.85746
9/12/2007,0.3182
9/13/2007,-1.18171
9/14/2007,2.18752
9/18/2007,-2.65317
9/19/2007,3.94181
9/20/2007,1.63287
9/21/2007,-2.52579
9/25/2007,1.77614
9/26/2007,-0.98716
9/27/2007,1.56801
9/28/2007,1.60012
10/1/2007,-0.5158
10/2/2007,1.27734
10/3/2007,-0.12726
10/4/2007,-0.33494
10/5/2007,-0.24634
10/9/2007,-0.18751
10/10/2007,-0.80343
10/11/2007,0.06945
10/12/2007,-1.28041
10/15/2007,-0.78871
10/16/2007,-0.45934
10/17/2007,-1.19952
10/18/2007,1.75011
10/19/2007,-1.00028
10/22/2007,-1.50568
10/23/2007,0.62671
10/24/2007,-0.58301
10/25/2007,-1.25941
10/26/2007,4.06514
10/29/2007,2.79072
10/30/2007,0.10124
10/31/2007,2.43062
11/1/2007,2.6771
11/2/2007,-3.23885
11/5/2007,-0.38125
11/6/2007,-1.13321
11/7/2007,1.0739
11/8/2007,-2.87168
11/9/2007,0.43323
11/12/2007,-2.24419
11/13/2007,-0.04297
11/14/2007,1.9927
11/15/2007,0.15724
11/16/2007,-1.93465
11/19/2007,0.36564
11/20/2007,0.12199
11/21/2007,-1.56202
11/22/2007,-0.87811
11/26/2007,2.17718
11/27/2007,0.98449
11/28/2007,-2.36994
11/29/2007,3.27142
11/30/2007,0.39551
12/3/2007,-0.32069
12/4/2007,-0.40528
12/5/2007,-0.20616
12/6/2007,0.76494
12/7/2007,0.77561
12/10/2007,-0.1509
12/11/2007,0.28423
12/12/2007,-1.01103
12/13/2007,-1.69092
12/14/2007,-2.35534
12/17/2007,-0.97247
12/18/2007,-0.17682
12/19/2007,-0.84838
12/20/2007,-0.04184
12/21/2007,0.68449
12/25/2007,1.34043
12/26/2007,0.97817
12/27/2007,-0.23938
12/28/2007,-0.74357
1/4/2008,-1.23106
1/7/2008,-1.75022
1/8/2008,-0.71923
1/9/2008,0.79381
1/10/2008,-2.13523
1/11/2008,-0.5146
1/15/2008,-1.59107
1/16/2008,-4.63074
1/17/2008,3.17757
1/18/2008,0.0335
1/21/2008,-2.87318
1/22/2008,-7.01894
1/23/2008,5.14185
1/24/2008,0.9612
1/25/2008,6.27445
1/28/2008,-4.39817
1/29/2008,2.66462
1/30/2008,0.12986
1/31/2008,4.82951
2/1/2008,0.40356
2/4/2008,1.4694
2/5/2008,-2.10682
2/6/2008,-1.68537
2/7/2008,0.03151
2/8/2008,-0.63859
2/12/2008,0.65021
2/13/2008,-1.34941
2/14/2008,3.67398
2/15/2008,0.48354
2/18/2008,1.21396
2/19/2008,2.50391
2/20/2008,-3.65361
2/21/2008,1.70172
2/22/2008,-1.14658
2/25/2008,0.0922
2/26/2008,0.55149
2/27/2008,2.50396
2/28/2008,-0.91579
2/29/2008,-2.07682
3/3/2008,-3.70809
3/4/2008,-0.10202
3/5/2008,-1.49339
3/6/2008,2.41164
3/7/2008,-3.20311
3/10/2008,-1.4823
3/11/2008,0.87557
3/12/2008,2.4745
3/13/2008,-2.17911
3/14/2008,-1.87411
3/17/2008,-2.29095
3/18/2008,-1.09027
3/19/2008,3.7232
3/21/2008,2.00007
3/24/2008,-0.07681
3/25/2008,2.73172
3/26/2008,-0.00089
3/27/2008,-2.96485
3/28/2008,1.83583
3/31/2008,-4.24862
4/1/2008,-1.34197
4/2/2008,3.94798
4/3/2008,-0.47843
4/4/2008,-3.31473
4/7/2008,-0.12551
4/8/2008,-1.00292
4/9/2008,-0.31441
4/10/2008,-1.65119
4/11/2008,3.42639
4/14/2008,-2.7611
4/15/2008,0.46208
4/16/2008,0.89836
4/17/2008,1.81022
4/18/2008,-0.1053
4/21/2008,6.15382
4/22/2008,-2.04751
4/23/2008,-1.63628
4/24/2008,-1.27986
4/25/2008,3.19058
4/28/2008,1.53847
4/30/2008,-1.36496
5/1/2008,-0.16844
5/2/2008,1.74618
5/7/2008,2.07755
5/8/2008,-0.50741
5/9/2008,-2.35698
5/12/2008,-1.41988
5/13/2008,0.56839
5/14/2008,0.12296
5/15/2008,2.25046
5/16/2008,1.1166
5/19/2008,0.49675
5/20/2008,0.48606
5/21/2008,-2.49078
5/22/2008,-0.9442
5/23/2008,0.33225
5/26/2008,-3.29297
5/27/2008,1.38885
5/28/2008,-1.90488
5/29/2008,2.32407
5/30/2008,4.05682
6/2/2008,2.83092
6/3/2008,-2.84385
6/4/2008,5.08585
6/5/2008,-0.73782
6/6/2008,0.7633
6/9/2008,-3.6814
6/10/2008,-1.48905
6/11/2008,2.57721
6/12/2008,-3.18763
6/13/2008,1.65444
6/16/2008,1.72886
6/17/2008,-0.95552
6/18/2008,1.39377
6/19/2008,-3.34124
6/20/2008,-0.52417
6/23/2008,-1.85079
6/24/2008,-0.10469
6/25/2008,-0.73792
6/26/2008,0.85697
6/27/2008,-1.32166
6/30/2008,-1.14188
7/1/2008,0.36095
7/2/2008,-2.15458
7/3/2008,-1.211
7/4/2008,0.36587
7/7/2008,0.90476
7/8/2008,-1.69336
7/9/2008,0.75878
7/10/2008,0.6305
7/11/2008,-0.49742
7/14/2008,-1.67676
7/15/2008,-0.98954
7/16/2008,-0.43735
7/17/2008,-0.58892
7/18/2008,-1.18868
7/22/2008,4.19496
7/23/2008,-0.03284
7/24/2008,3.89709
7/25/2008,-3.01311
7/28/2008,-0.66814
7/29/2008,-3.1634
7/30/2008,0.0435
7/31/2008,-1.83636
8/1/2008,-1.13192
8/4/2008,-4.66128
8/5/2008,0.43221
8/6/2008,2.50546
8/7/2008,-0.69764
8/8/2008,1.63969
8/11/2008,3.97778
8/12/2008,0.08676
8/13/2008,-0.1062
8/14/2008,-2.06248
8/15/2008,1.48981
8/18/2008,1.12323
8/19/2008,-2.67634
8/20/2008,-1.52479
8/21/2008,0.53027
8/22/2008,-2.56117
8/25/2008,3.81876
8/26/2008,-0.3161
8/27/2008,-2.5246
8/28/2008,0.14684
8/29/2008,3.85151
9/1/2008,-2.30236
9/2/2008,-2.45891
9/3/2008,2.82636
9/4/2008,1.37048
9/5/2008,-1.83005
9/8/2008,2.32219
9/9/2008,-1.31887
9/10/2008,0.48275
9/11/2008,-1.33138
9/12/2008,-1.7099
9/16/2008,-1.32741
9/17/2008,-0.22816
9/18/2008,-2.24174
9/19/2008,2.43154
9/22/2008,3.98747
9/24/2008,-0.87236
9/25/2008,-3.05261
9/26/2008,0.84602
9/29/2008,-2.94895
9/30/2008,-4.30572
10/1/2008,1.01608
10/2/2008,-3.8724
10/3/2008,-5.73046
10/6/2008,-0.01749
10/7/2008,-5.42414
10/8/2008,-8.63753
10/9/2008,1.45482
10/10/2008,-5.40116
10/14/2008,13.58042
10/15/2008,-2.11754
10/16/2008,-9.09285
10/17/2008,2.66681
10/20/2008,4.33245
10/21/2008,6.24861
10/22/2008,-5.89672
10/23/2008,-3.11581
10/24/2008,-3.98147
10/27/2008,-8.67037
10/28/2008,6.80835
10/29/2008,9.94348
10/30/2008,10.82155
10/31/2008,-6.20607
11/4/2008,0.82767
11/5/2008,12.86128
11/6/2008,-9.15771
11/7/2008,-8.53102
11/10/2008,3.04846
11/11/2008,-4.87855
11/12/2008,-0.8679
11/13/2008,-4.30753
11/14/2008,0.58311
11/17/2008,0.12999
11/18/2008,-2.63416
11/19/2008,-0.35564
11/20/2008,-4.32407
11/21/2008,4.75503
11/25/2008,3.09075
11/26/2008,-3.8633
11/27/2008,-1.10629
11/28/2008,1.71356
12/1/2008,-0.0154
12/2/2008,-5.41094
12/3/2008,-0.85433
12/4/2008,-3.87345
12/5/2008,-1.19575
12/8/2008,3.44854
12/9/2008,3.16577
12/10/2008,6.15258
12/11/2008,5.94915
12/12/2008,-10.03925
12/15/2008,9.35697
12/16/2008,-1.56998
12/17/2008,1.39347
12/18/2008,-4.28597
12/19/2008,-1.54769
12/22/2008,1.33895
12/24/2008,-4.81769
12/25/2008,1.34949
12/26/2008,2.74044
12/29/2008,1.47996
12/30/2008,-0.1845
1/5/2009,0.135
1/6/2009,1.20024
1/7/2009,9.33798
1/8/2009,-1.06054
1/9/2009,-1.57638
1/13/2009,-5.93061
1/14/2009,1.95139
1/15/2009,-3.67901
1/16/2009,4.57736
1/19/2009,1.1377
1/20/2009,1.40846
1/21/2009,-1.1983
1/22/2009,-4.18002
1/23/2009,-1.92239
1/26/2009,-2.119
1/27/2009,8.01962
1/28/2009,0.03519
1/29/2009,2.95417
1/30/2009,-5.95979
2/2/2009,-1.45713
2/3/2009,0.67285
2/4/2009,5.01067
2/5/2009,-2.06565
2/6/2009,1.5522
2/9/2009,1.82358
2/10/2009,0.12461
2/12/2009,-2.2846
2/13/2009,-0.76656
2/16/2009,-0.42399
2/17/2009,-1.18685
2/18/2009,-0.24195
2/19/2009,1.86692
2/20/2009,-0.76555
2/23/2009,-3.25395
2/24/2009,-0.24608
2/25/2009,5.0894
2/26/2009,-2.53222
2/27/2009,0.79477
3/2/2009,-2.58143
3/3/2009,-1.09476
3/4/2009,-2.17924
3/5/2009,2.32216
3/6/2009,-2.55828
3/9/2009,-1.99524
3/10/2009,-1.20417
3/11/2009,5.19578
3/12/2009,-4.28665
3/13/2009,4.70327
3/16/2009,1.41325
3/17/2009,1.86124
3/18/2009,0.78261
3/19/2009,1.29125
3/23/2009,0.16987
3/24/2009,1.75562
3/25/2009,1.05164
3/26/2009,0.1304
3/27/2009,2.48451
3/30/2009,-4.80038
3/31/2009,-2.40395
4/1/2009,6.1407
4/2/2009,6.6843
4/3/2009,3.91267
4/6/2009,-0.65474
4/7/2009,1.13865
4/8/2009,-0.66248
4/9/2009,2.99685
4/10/2009,1.19403
4/13/2009,1.26949
4/14/2009,-2.13614
4/15/2009,-1.22718
4/16/2009,-1.76109
4/17/2009,3.96538
4/20/2009,3.02048
4/21/2009,-4.16782
4/22/2009,1.49105
4/23/2009,2.56284
4/24/2009,-1.59816
4/27/2009,0.61892
4/28/2009,-3.57245
4/30/2009,3.2131
5/1/2009,0.69323
5/7/2009,4.92969
5/8/2009,-1.3072
5/11/2009,-1.62518
5/12/2009,-0.34806
5/13/2009,-0.76669
5/14/2009,-3.91441
5/15/2009,3.13147
5/18/2009,-3.18038
5/19/2009,2.51689
5/20/2009,1.47865
5/21/2009,0.20274
5/22/2009,-0.84965
5/25/2009,-0.68147
5/26/2009,0.14448
5/27/2009,1.66801
5/28/2009,0.6077
5/29/2009,1.50093
6/1/2009,-0.53516
6/2/2009,2.02779
6/3/2009,0.08433
6/4/2009,-0.77836
6/5/2009,-0.45877
6/8/2009,1.43463
6/9/2009,-0.66602
6/10/2009,0.71703
6/11/2009,0.08261
6/12/2009,-0.28179
6/15/2009,-0.92074
6/16/2009,-2.26293
6/17/2009,1.82079
6/18/2009,-2.64846
6/19/2009,0.46494
6/22/2009,1.02308
6/23/2009,-1.81059
6/24/2009,-0.30999
6/25/2009,1.95614
6/26/2009,1.39524
6/29/2009,-2.66199
6/30/2009,1.88979
7/1/2009,-0.55051
7/2/2009,-0.07381
7/3/2009,0.99673
7/6/2009,-0.41038
7/7/2009,-0.86014
7/8/2009,-1.13346
7/9/2009,-2.94047
7/10/2009,1.73032
7/13/2009,-2.52106
7/14/2009,3.15176
7/15/2009,-1.72447
7/16/2009,2.16208
7/17/2009,-0.40275
7/21/2009,4.34821
7/22/2009,-0.20341
7/23/2009,-0.14193
7/24/2009,2.47017
7/27/2009,0.79163
7/28/2009,1.61917
7/29/2009,-0.8386
7/30/2009,3.99606
7/31/2009,2.34521
8/3/2009,1.73672
8/4/2009,-2.0176
8/5/2009,-1.52711
8/6/2009,2.77569
8/7/2009,-2.82223
8/10/2009,3.03359
8/11/2009,0.23942
8/12/2009,-2.57481
8/13/2009,2.60448
8/14/2009,1.53991
8/17/2009,-2.44494
8/18/2009,-0.06635
8/19/2009,1.44905
8/20/2009,0.86916
8/21/2009,-3.54439
8/24/2009,2.81265
8/25/2009,-0.67406
8/26/2009,0.98444
8/27/2009,-0.95226
8/28/2009,0.0569
8/31/2009,-0.76729
9/1/2009,0.96336
9/2/2009,-1.2803
9/3/2009,-2.46441
9/4/2009,-0.20499
9/7/2009,1.29203
9/8/2009,0.7681
9/9/2009,-1.48969
9/10/2009,2.36402
9/11/2009,-0.25421
9/14/2009,-3.31787
9/15/2009,-0.11719
9/16/2009,0.15598
9/17/2009,0.94529
9/18/2009,0.67161
9/24/2009,0.88856
9/25/2009,-0.7626
9/28/2009,-3.6427
9/29/2009,-0.49299
9/30/2009,1.59815
10/1/2009,-1.67468
10/2/2009,-3.30551
10/5/2009,-1.52186
10/6/2009,2.87669
10/7/2009,1.8025
10/8/2009,1.78242
10/9/2009,0.05112
10/13/2009,2.2209
10/14/2009,-1.2259
10/15/2009,0.14266
10/16/2009,-0.49478
10/19/2009,0.4189
10/20/2009,-0.69894
10/21/2009,-0.03848
10/22/2009,0.2514
10/23/2009,-1.19972
10/26/2009,2.06771
10/27/2009,-1.26791
10/28/2009,1.65671
10/29/2009,-2.48707
10/30/2009,3.41841
11/2/2009,-2.87005
11/4/2009,0.29443
11/5/2009,-0.81737
11/6/2009,0.17165
11/9/2009,-0.21207
11/10/2009,-0.54726
11/11/2009,-0.06088
11/12/2009,0.76868
11/13/2009,0.73538
11/16/2009,0.24051
11/17/2009,-0.00114
11/18/2009,-1.00866
11/19/2009,-1.68853
11/20/2009,-1.1922
11/24/2009,-0.6384
11/25/2009,2.82913
11/26/2009,0.15332
11/27/2009,-3.14395
11/30/2009,3.8991
12/1/2009,2.61096
12/2/2009,0.57659
12/3/2009,4.299
12/4/2009,-1.3259
12/7/2009,1.51928
12/8/2009,0.92742
12/9/2009,-0.91902
12/10/2009,-2.44413
12/11/2009,1.57573
12/14/2009,0.6585
12/15/2009,-1.59288
12/16/2009,1.21191
12/17/2009,-0.5505
12/18/2009,-0.87834
12/21/2009,-0.90827
12/22/2009,1.56801
12/24/2009,2.01265
12/25/2009,-0.51624
12/28/2009,0.60912
12/29/2009,0.05118
12/30/2009,-0.88233
1/4/2010,0.60237
1/5/2010,-0.26004
1/6/2010,-0.02151
1/7/2010,-1.91022
1/8/2010,3.27525
1/12/2010,5.15607
1/13/2010,-1.70255
1/14/2010,2.25734
1/15/2010,1.46801
1/18/2010,-0.70789
1/19/2010,-1.68308
1/20/2010,-1.0993
1/21/2010,2.74596
1/22/2010,-2.19999
1/25/2010,-1.8234
1/26/2010,-1.75894
1/27/2010,-2.86286
1/28/2010,-0.77113
1/29/2010,-2.36192
2/1/2010,-1.79007
2/2/2010,3.86449
2/3/2010,-2.64781
2/4/2010,0.69104
2/5/2010,-1.5492
2/8/2010,-1.56454
2/9/2010,1.53758
2/10/2010,-0.53085
2/12/2010,0.83138
2/15/2010,-1.94381
2/16/2010,0.32662
2/17/2010,0.99361
2/18/2010,-0.83024
2/19/2010,-2.24601
2/22/2010,2.82961
2/23/2010,-0.11148
2/24/2010,-1.18839
2/25/2010,0.53694
2/26/2010,1.2153
3/1/2010,-0.5049
3/2/2010,0.59976
3/3/2010,2.32479
3/4/2010,-2.08552
3/5/2010,-0.3792
3/8/2010,3.47473
3/9/2010,0.33043
3/10/2010,-1.29729
3/11/2010,0.56632
3/12/2010,1.00231
3/15/2010,0.58036
3/16/2010,-0.10026
3/17/2010,1.48952
3/18/2010,-1.44884
3/19/2010,1.59382
3/23/2010,0.49325
3/24/2010,-1.10388
3/25/2010,-0.74983
3/26/2010,1.34436
3/29/2010,-0.08507
3/30/2010,0.99053
3/31/2010,-0.96706
4/1/2010,-0.55596
4/2/2010,0.41784
4/5/2010,1.33796
4/6/2010,-0.84888
4/7/2010,0.20357
4/8/2010,-1.58663
4/9/2010,0.40548
4/12/2010,0.30049
4/13/2010,-0.59362
4/14/2010,0.71571
4/15/2010,-0.16908
4/16/2010,0.24355
4/19/2010,-2.10322
4/20/2010,-0.57803
4/21/2010,1.26606
4/22/2010,-1.0253
4/23/2010,-1.02023
4/26/2010,3.09704
4/27/2010,1.62351
4/28/2010,-2.29119
4/30/2010,0.63346
5/6/2010,-1.56561
5/7/2010,-1.7848
5/10/2010,-0.50799
5/11/2010,-1.12615
5/12/2010,1.48946
5/13/2010,1.81045
5/14/2010,-1.24738
5/17/2010,-0.88388
5/18/2010,-0.6261
5/19/2010,0.67023
5/20/2010,-0.21351
5/21/2010,-2.83406
5/24/2010,-0.56624
5/25/2010,-1.63609
5/26/2010,-1.47417
5/27/2010,0.81562
5/28/2010,0.98008
5/31/2010,-0.65263
6/1/2010,-0.49387
6/2/2010,-2.4894
6/3/2010,3.68357
6/4/2010,0.90406
6/7/2010,-4.35341
6/8/2010,0.74207
6/9/2010,-2.1506
6/10/2010,1.00703
6/11/2010,0.07292
6/14/2010,2.09754
6/15/2010,1.3014
6/16/2010,1.54211
6/17/2010,-0.50726
6/18/2010,-1.07345
6/21/2010,2.05928
6/22/2010,-0.44999
6/23/2010,-1.19106
6/24/2010,0.19478
6/25/2010,-1.76246
6/28/2010,-0.64008
6/29/2010,-0.40047
6/30/2010,-0.87637
7/1/2010,-1.46637
7/2/2010,0.03422
7/5/2010,0.51763
7/6/2010,2.28534
7/7/2010,-0.82211
7/8/2010,1.60476
7/9/2010,-0.1656
7/12/2010,0.91069
7/13/2010,-0.22852
7/14/2010,3.34106
7/15/2010,-0.93512
7/16/2010,-0.99494
7/20/2010,-2.52253
7/21/2010,-1.01302
7/22/2010,-0.17055
7/23/2010,1.82624
7/26/2010,0.51673
7/27/2010,-1.74173
7/28/2010,2.37329
7/29/2010,1.1463
7/30/2010,-0.66568
8/2/2010,1.68245
8/3/2010,2.00038
8/4/2010,-2.68938
8/5/2010,1.89321
8/6/2010,1.71403
8/9/2010,-1.90905
8/10/2010,0.12037
8/11/2010,-2.10451
8/12/2010,-0.61689
8/13/2010,-0.09349
8/16/2010,0.40539
8/17/2010,-0.64932
8/18/2010,1.61965
8/19/2010,1.79494
8/20/2010,-2.205
8/23/2010,-0.38128
8/24/2010,0.52005
8/25/2010,-2.61003
8/26/2010,0.69215
8/27/2010,0.76798
8/30/2010,1.15645
8/31/2010,-1.82837
9/1/2010,-0.10227
9/2/2010,1.39849
9/3/2010,0.54824
9/6/2010,2.02456
9/7/2010,-0.45446
9/8/2010,-2.41856
9/9/2010,1.47319
9/10/2010,0.19685
9/13/2010,1.39147
9/14/2010,0.20638
9/15/2010,0.25248
9/16/2010,1.15044
9/17/2010,0.8367
9/21/2010,-0.07808
9/22/2010,0.04859
9/24/2010,-0.07417
9/27/2010,2.17685
9/28/2010,0.12454
9/29/2010,0.82381
9/30/2010,-1.70173
10/1/2010,0.27119
10/4/2010,0.18907
10/5/2010,0.57474
10/6/2010,0.39289
10/7/2010,0.58143
10/8/2010,-0.93531
10/12/2010,-1.75484
10/13/2010,0.44746
10/14/2010,2.6902
10/15/2010,-0.91909
10/18/2010,0.98682
10/19/2010,-0.28461
10/20/2010,-0.70696
10/21/2010,-0.53054
10/22/2010,0.16354
10/25/2010,0.29961
10/26/2010,-1.63252
10/27/2010,1.33232
10/28/2010,0.08459
10/29/2010,-0.11617
11/1/2010,-2.55525
11/2/2010,-0.50852
11/4/2010,2.17537
11/5/2010,2.19175
11/8/2010,2.09957
11/9/2010,-0.16545
11/10/2010,0.17708
11/11/2010,1.16476
11/12/2010,-1.57981
11/15/2010,1.17181
11/16/2010,-0.74463
11/17/2010,1.33718
11/18/2010,1.19252
11/19/2010,0.49712
11/22/2010,0.93771
11/24/2010,-1.06029
11/25/2010,0.88972
11/26/2010,-1.08229
11/29/2010,0.25131
11/30/2010,-1.4057
12/1/2010,1.04731
12/2/2010,1.72277
12/3/2010,1.29307
12/6/2010,-0.03605
12/7/2010,-1.66469
12/8/2010,-0.01652
12/9/2010,1.09475
12/10/2010,-1.58068
12/13/2010,1.47267
12/14/2010,0.39696
12/15/2010,-0.2999
12/16/2010,0.04581
12/17/2010,-0.28608
12/20/2010,0.36547
12/21/2010,0.67211
12/22/2010,-0.20371
12/24/2010,0.09691
12/27/2010,0.4569
12/28/2010,0.56287
12/29/2010,0.74464
12/30/2010,-1.0618
1/4/2011,1.38634
1/5/2011,-1.09019
1/6/2011,2.07257
1/7/2011,1.98532
1/11/2011,-0.34349
1/12/2011,0.71373
1/13/2011,1.53959
1/14/2011,-0.88176
1/17/2011,-0.70011
1/18/2011,0.13032
1/19/2011,1.22464
1/20/2011,-2.0625
1/21/2011,-1.67638
1/24/2011,2.10225
1/25/2011,1.37697
1/26/2011,-0.73103
1/27/2011,0.9523
1/28/2011,0.3131
1/31/2011,-0.56486
2/1/2011,1.03997
2/2/2011,1.91229
2/3/2011,-0.91894
2/4/2011,-0.87241
2/7/2011,0.34787
2/8/2011,0.9158
2/9/2011,1.52618
2/10/2011,-0.46617
2/14/2011,2.15469
2/15/2011,0.19745
2/16/2011,-0.2409
2/17/2011,0.9124
2/18/2011,-0.04158
2/21/2011,-0.17243
2/22/2011,-1.83911
2/23/2011,-1.09297
2/24/2011,-1.00411
2/25/2011,1.62498
2/28/2011,1.0901
3/1/2011,1.42237
3/2/2011,-2.30379
3/3/2011,-0.57897
3/4/2011,0.94578
3/7/2011,-2.2219
3/8/2011,-0.95806
3/9/2011,-0.05798
3/10/2011,-1.45751
3/11/2011,-0.56503
3/14/2011,-7.78389
3/15/2011,-5.64271
3/16/2011,8.73883
3/17/2011,-0.42363
3/18/2011,-1.88278
3/22/2011,2.70763
3/23/2011,-1.70416
3/24/2011,-2.41834
3/25/2011,0.11676
3/28/2011,1.05553
3/29/2011,-1.31321
3/30/2011,2.36649
3/31/2011,0.43906
4/1/2011,-2.89059
4/4/2011,-0.60476
4/5/2011,-3.00217
4/6/2011,-1.33611
4/7/2011,1.2477
4/8/2011,1.10622
4/11/2011,-1.44882
4/12/2011,-0.0604
4/13/2011,1.85986
4/14/2011,1.08782
4/15/2011,-0.05012
4/18/2011,0.59236
4/19/2011,-1.88946
4/20/2011,2.11602
4/21/2011,2.0307
4/22/2011,2.31957
4/25/2011,-0.99454
4/26/2011,-1.41789
4/27/2011,0.14803
4/28/2011,2.56959
5/2/2011,2.08666
5/6/2011,-1.84255
5/9/2011,-1.06565
5/10/2011,0.7992
5/11/2011,0.83577
5/12/2011,1.43015
5/13/2011,0.77119
5/16/2011,-1.45224
5/17/2011,-1.07793
5/18/2011,0.02846
5/19/2011,-0.6246
5/20/2011,-0.65482
5/23/2011,-0.99708
5/24/2011,-0.61599
5/25/2011,1.10476
5/26/2011,2.23269
5/27/2011,0.08973
5/30/2011,-0.53634
5/31/2011,1.57353
6/1/2011,0.48727
6/2/2011,-2.57033
6/3/2011,-0.4777
6/6/2011,-0.49345
6/7/2011,1.44674
6/8/2011,-0.04275
6/9/2011,-0.8015
6/10/2011,0.81577
6/13/2011,-1.86346
6/14/2011,0.50801
6/15/2011,0.6247
6/16/2011,-1.44277
6/17/2011,0.24315
6/20/2011,-0.34446
6/21/2011,1.46652
6/22/2011,1.30129
6/23/2011,0.12137
6/24/2011,1.123
6/27/2011,-1.49892
6/28/2011,0.18269
6/29/2011,2.00609
6/30/2011,0.73923
7/1/2011,0.41318
7/4/2011,1.58137
7/5/2011,-0.67778
7/6/2011,1.56066
7/7/2011,-1.15798
7/8/2011,1.76357
7/11/2011,0.07324
7/12/2011,-1.06612
7/13/2011,0.61842
7/14/2011,0.29894
7/15/2011,-0.12328
7/19/2011,-0.83532
7/20/2011,0.90316
7/21/2011,0.11829
7/22/2011,1.11625
7/25/2011,-1.02571
7/26/2011,0.74677
7/27/2011,-1.29267
7/28/2011,-1.37465
7/29/2011,0.12675
8/1/2011,1.49513
8/2/2011,-0.75799
8/3/2011,-2.14428
8/4/2011,-2.56
8/5/2011,-2.95161
8/8/2011,-1.18842
8/9/2011,-1.20427
8/10/2011,-0.14236
8/11/2011,-2.67328
8/12/2011,-1.58012
8/15/2011,2.70078
8/16/2011,0.3413
8/17/2011,-1.22004
8/18/2011,-2.47172
8/19/2011,-2.53582
8/22/2011,-3.30258
8/23/2011,2.05566
8/24/2011,-2.21229
8/25/2011,2.82082
8/26/2011,1.60462
8/29/2011,-1.10253
8/30/2011,1.27696
8/31/2011,0.85886
9/1/2011,1.57959
9/2/2011,-1.51195
9/5/2011,-3.5008
9/6/2011,-3.25111
9/7/2011,2.97665
9/8/2011,0.23804
9/9/2011,-1.00942
9/12/2011,-2.42245
9/13/2011,2.0152
9/14/2011,-0.49666
9/15/2011,2.43829
9/16/2011,2.46116
9/20/2011,-1.6712
9/21/2011,0.27974
9/22/2011,-2.617
9/26/2011,-2.09727
9/27/2011,3.12792
9/28/2011,1.25822
9/29/2011,1.43692
9/30/2011,-1.17374
10/3/2011,-1.75255
10/4/2011,-2.59867
10/5/2011,-1.72058
10/6/2011,1.80424
10/7/2011,-0.04566
10/11/2011,2.76906
10/12/2011,-0.93552
10/13/2011,1.68838
10/14/2011,-2.14768
10/17/2011,3.48642
10/18/2011,-1.0705
10/19/2011,-0.18754
10/20/2011,-1.9629
10/21/2011,0.86771
10/24/2011,1.85814
10/25/2011,-1.14769
10/26/2011,-0.50175
10/27/2011,2.69598
10/28/2011,1.86369
10/31/2011,-2.77562
11/1/2011,-2.1834
11/2/2011,-3.013
11/4/2011,2.77323
11/7/2011,-0.64927
11/8/2011,-1.24618
11/9/2011,1.29608
11/10/2011,-2.51726
11/11/2011,0.20792
11/14/2011,1.23942
11/15/2011,-0.86386
11/16/2011,-1.33084
11/17/2011,0.77896
11/18/2011,-2.13574
11/21/2011,-2.28634
11/22/2011,0.69394
11/24/2011,-0.992
11/25/2011,0.08968
11/28/2011,2.58724
11/29/2011,2.81106
11/30/2011,-0.10286
12/1/2011,2.31354
12/2/2011,0.33352
12/5/2011,1.13107
12/6/2011,-1.33531
12/7/2011,1.93978
12/8/2011,-1.47248
12/9/2011,-0.42243
12/12/2011,0.08543
12/13/2011,-1.59908
12/14/2011,-1.1438
12/15/2011,-1.62634
12/16/2011,-0.98229
12/19/2011,-0.45916
12/20/2011,0.63923
12/21/2011,1.26867
12/22/2011,-0.62985
12/26/2011,1.17193
12/27/2011,-0.30018
12/28/2011,-0.09994
12/29/2011,0.45431
12/30/2011,2.03489
1/4/2012,3.13818
1/5/2012,-0.70351
1/6/2012,-0.65261
1/10/2012,0.37825
1/11/2012,-0.02647
1/12/2012,-0.68553
1/13/2012,2.08886
1/16/2012,-0.59421
1/17/2012,0.48857
1/18/2012,-0.07977
1/19/2012,0.70397
1/20/2012,3.2813
1/23/2012,-0.13084
1/24/2012,0.12548
1/25/2012,3.13971
1/26/2012,-0.04375
1/27/2012,-0.41112
1/30/2012,-0.39529
1/31/2012,-0.03968
2/1/2012,1.22625
2/2/2012,1.59772
2/3/2012,-0.99839
2/6/2012,2.79971
2/7/2012,-0.57228
2/8/2012,3.06299
2/9/2012,-0.87341
2/10/2012,-1.86022
2/13/2012,0.40484
2/14/2012,-0.00071
2/15/2012,3.9186
2/16/2012,-1.09196
2/17/2012,0.95176
2/20/2012,1.41254
2/21/2012,-1.35593
2/22/2012,1.1679
2/23/2012,0.55706
2/24/2012,-0.02904
2/27/2012,1.07305
2/28/2012,-0.41438
2/29/2012,-1.2411
3/1/2012,-0.56157
3/2/2012,-0.83637
3/5/2012,-0.51897
3/6/2012,-0.35381
3/7/2012,-1.1456
3/8/2012,1.43641
3/9/2012,1.43912
3/12/2012,-0.02781
3/13/2012,-0.64216
3/14/2012,1.07222
3/15/2012,2.89165
3/16/2012,-0.16025
3/19/2012,-0.32899
3/21/2012,-1.4096
3/22/2012,2.02664
3/23/2012,-2.15963
3/26/2012,-0.07757
3/27/2012,2.50673
3/28/2012,0.67795
3/29/2012,-1.01041
3/30/2012,-0.65873
4/2/2012,1.33634
4/3/2012,-0.35456
4/4/2012,-2.93865
4/5/2012,-0.38408
4/6/2012,-0.91233
4/9/2012,-2.19522
4/10/2012,1.44295
4/11/2012,-1.29332
4/12/2012,0.89697
4/13/2012,-0.21817
4/16/2012,-1.32508
4/17/2012,-1.27641
4/18/2012,2.6498
4/19/2012,-0.13426
4/20/2012,-1.10602
4/23/2012,0.08036
4/24/2012,-0.28057
4/25/2012,0.2388
4/26/2012,1.15984
4/27/2012,0.71819
5/1/2012,-2.62751
5/2/2012,0.59935
5/7/2012,-3.69925
5/8/2012,1.92445
5/9/2012,-0.56848
5/10/2012,-0.0356
5/11/2012,1.50483
5/14/2012,-0.75901
5/15/2012,-2.50516
5/16/2012,-2.44817
5/17/2012,3.03781
5/18/2012,-3.37694
5/21/2012,-0.86889
5/22/2012,1.52218
5/23/2012,-0.29238
5/24/2012,-0.59237
5/25/2012,-0.22712
5/28/2012,-0.01863
5/29/2012,0.70288
5/30/2012,0.92415
5/31/2012,-0.5478
6/1/2012,-1.87082
6/4/2012,-3.45264
6/5/2012,0.97137
6/6/2012,2.17602
6/7/2012,1.57012
6/8/2012,-1.4902
6/11/2012,2.40234
6/12/2012,-1.04201
6/13/2012,0.27109
6/14/2012,-0.56296
6/15/2012,0.22792
6/18/2012,1.84075
6/19/2012,-1.20745
6/20/2012,0.28647
6/21/2012,1.12905
6/22/2012,-0.72117
6/25/2012,0.49148
6/26/2012,-1.02266
6/27/2012,-0.60187
6/28/2012,2.63178
6/29/2012,1.8999
7/2/2012,0.02498
7/3/2012,0.36725
7/4/2012,0.20676
7/5/2012,-0.06871
7/6/2012,-0.16579
7/9/2012,-2.35922
7/10/2012,-1.41772
7/11/2012,-0.57635
7/12/2012,-1.81538
7/13/2012,-0.18845
7/17/2012,-1.08688
7/18/2012,0.69732
7/19/2012,1.44903
7/20/2012,-1.33075
7/23/2012,-1.77968
7/24/2012,-0.4481
7/25/2012,-2.38681
7/26/2012,1.44781
7/27/2012,2.5847
7/30/2012,1.3272
7/31/2012,1.61755
8/1/2012,-1.93856
8/2/2012,0.64849
8/3/2012,-0.61893
8/6/2012,3.07805
8/7/2012,0.88616
8/8/2012,0.64452
8/9/2012,0.67757
8/10/2012,-0.84497
8/13/2012,-0.17671
8/14/2012,-0.94505
8/15/2012,0.05514
8/16/2012,2.22442
8/17/2012,1.20943
8/20/2012,-0.27025
8/21/2012,0.37371
8/22/2012,0.05921
8/23/2012,0.57233
8/24/2012,-1.22385
8/27/2012,-0.1688
8/28/2012,-1.29754
8/29/2012,-0.26133
8/30/2012,-0.32369
8/31/2012,-2.1233
9/3/2012,-0.49291
9/4/2012,-0.1258
9/5/2012,-1.33843
9/6/2012,0.45897
9/7/2012,4.90126
9/10/2012,0.01158
9/11/2012,-0.57763
9/12/2012,1.00739
9/13/2012,-0.09582
9/14/2012,0.76024
9/18/2012,-1.71441
9/19/2012,2.30992
9/20/2012,-1.90528
9/21/2012,-0.32831
9/24/2012,-1.20302
9/25/2012,0.83755
9/26/2012,-3.03885
9/27/2012,0.45668
9/28/2012,-2.34608
10/1/2012,-1.32763
10/2/2012,0.0002
10/3/2012,-0.81279
10/4/2012,3.61429
10/5/2012,-1.33516
10/9/2012,-1.16673
10/10/2012,-1.43319
10/11/2012,-1.15499
10/12/2012,1.21246
10/15/2012,1.88519
10/16/2012,0.72
10/17/2012,0.69151
10/18/2012,2.2279
10/19/2012,0.50432
10/22/2012,-0.25468
10/23/2012,0.03183
10/24/2012,-1.65001
10/25/2012,0.73413
10/26/2012,-1.52382
10/29/2012,-2.10856
10/30/2012,-0.67888
10/31/2012,1.80336
11/1/2012,0.28047
11/2/2012,1.65335
11/5/2012,1.49184
11/6/2012,-0.65381
11/7/2012,0.81591
11/8/2012,-1.73601
11/9/2012,-0.30929
11/12/2012,-1.25366
11/13/2012,-0.20997
11/14/2012,-1.56625
11/15/2012,3.08857
11/16/2012,3.67191
11/19/2012,1.25726
11/20/2012,-0.98015
11/21/2012,1.51754
11/22/2012,2.77859
11/26/2012,1.60022
11/27/2012,-1.32488
11/28/2012,-1.40518
11/29/2012,1.44046
11/30/2012,0.02948
12/3/2012,-0.14669
12/4/2012,0.24327
12/5/2012,-0.78069
12/6/2012,0.81425
12/7/2012,0.08575
12/10/2012,-0.25773
12/11/2012,-0.31997
12/12/2012,0.36427
12/13/2012,1.29477
12/14/2012,0.14419
12/17/2012,0.21543
12/18/2012,1.33374
12/19/2012,3.48872
12/20/2012,-0.7553
12/21/2012,-1.56831
12/25/2012,-0.2047
12/26/2012,0.40842
12/27/2012,1.53436
12/28/2012,1.51768
1/4/2013,2.69493
1/7/2013,-0.68909
1/8/2013,-1.25221
1/9/2013,0.55856
1/10/2013,1.30512
1/11/2013,0.51916
1/15/2013,1.03559
1/16/2013,-2.42827
1/17/2013,-0.40219
1/18/2013,2.49652
1/21/2013,-0.59415
1/22/2013,0.13782
1/23/2013,-1.81537
1/24/2013,0.39491
1/25/2013,1.35635
1/28/2013,-0.25721
1/29/2013,1.08964
1/30/2013,0.78383
1/31/2013,0.34376
2/1/2013,0.47511
2/4/2013,2.58966
2/5/2013,-2.54243
2/6/2013,4.55606
2/7/2013,0.39659
2/8/2013,0.29604
2/12/2013,-0.82024
2/13/2013,-1.70853
2/14/2013,0.03495
2/15/2013,-1.92951
2/18/2013,0.80746
2/19/2013,-0.17886
2/20/2013,0.99416
2/21/2013,-0.04664
2/22/2013,-0.88369
2/25/2013,1.46853
2/26/2013,-0.15166
2/27/2013,-2.09244
2/28/2013,3.08815
3/1/2013,-1.50312
3/4/2013,0.44233
3/5/2013,-0.21921
3/6/2013,1.20653
3/7/2013,-0.62193
3/8/2013,1.48877
3/11/2013,1.27841
3/12/2013,-0.52515
3/13/2013,-0.28331
3/14/2013,0.62467
3/15/2013,1.48221
3/18/2013,-3.1834
3/19/2013,2.56185
3/21/2013,0.41834
3/22/2013,-1.81802
3/25/2013,1.12056
3/26/2013,-1.09486
3/27/2013,0.17
3/28/2013,-1.1888
3/29/2013,-0.08211
4/1/2013,-1.85923
4/2/2013,-2.91462
4/3/2013,4.79478
4/4/2013,-0.72831
4/5/2013,1.50495
4/8/2013,1.70524
4/9/2013,-0.46524
4/10/2013,0.5043
4/11/2013,4.68054
4/12/2013,0.74706
4/15/2013,-1.15912
4/16/2013,-0.77358
4/17/2013,2.34272
4/18/2013,-2.34617
4/19/2013,-0.57319
4/22/2013,1.55709
4/23/2013,-0.74874
4/24/2013,2.2888
4/25/2013,1.00058
4/26/2013,1.12584
4/30/2013,-1.09829
5/1/2013,-1.10987
5/2/2013,-1.70977
5/7/2013,3.27677
5/8/2013,0.80181
5/9/2013,-1.33102
5/10/2013,2.3232
5/13/2013,2.82544
5/14/2013,-1.26662
5/15/2013,3.62938
5/16/2013,0.55232
5/17/2013,-0.45876
5/20/2013,3.20887
5/21/2013,1.40295
5/22/2013,-1.53952
5/23/2013,-4.42611
5/24/2013,1.1995
5/27/2013,-5.22754
5/28/2013,3.63061
5/29/2013,1.12087
5/30/2013,-2.64834
5/31/2013,-1.01754
6/3/2013,-1.98477
6/4/2013,1.04252
6/5/2013,-1.92626
6/6/2013,0.43676
6/7/2013,-3.9515
6/10/2013,6.38904
6/11/2013,1.64612
6/12/2013,-0.21178
6/13/2013,-4.13557
6/14/2013,0.769
6/17/2013,1.29187
6/18/2013,0.50144
6/19/2013,1.62851
6/20/2013,-3.99415
6/21/2013,1.03325
6/24/2013,-1.64833
6/25/2013,-1.13176
6/26/2013,0.29013
6/27/2013,2.28276
6/28/2013,1.2566
7/1/2013,0.83609
7/2/2013,1.89318
7/3/2013,0.9695
7/4/2013,-0.83924
7/5/2013,0.9898
7/8/2013,-0.98901
7/9/2013,2.36328
7/10/2013,0.42349
7/11/2013,0.89083
7/12/2013,0.55823
7/16/2013,0.74676
7/17/2013,0.58054
7/18/2013,-1.04247
7/19/2013,-0.00248
7/22/2013,1.50569
7/23/2013,-0.29696
7/24/2013,-0.86647
7/25/2013,-0.03611
