"","ABAFINU.KY.Equity","ALGOTRE.KY.Equity","APEXGCE.US.Equity","APHSIFA.LX.Equity","AROYIPA.US.Equity","ARTPAII.US.Equity","ASLNDMB.KY.Equity","BAOBABG.VI.Equity","BBHEDG1.US.Equity","BPCENHO.US.Equity","BWAGUSD.KY.Equity","CALYPSV.AV.Equity","CAMCAPR.KY.Equity","CARMOTT.KY.Equity","CASSIOA.KY.Equity","CAYENRG.US.Equity","CCLDMNA.CN.Equity","CCLMKNA.CN.Equity","CEDMNLP.US.Equity","CHCIMPE.KY.Equity","CHESSIC.US.Equity","CHROEHF.BM.Equity","CLASABE.LX.Equity","CLOVSTR.US.Equity","COEFFCA.KY.Equity","COLOMLP.US.Equity","CONCAPO.KY.Equity","CRJBJPY.KY.Equity","CURCMAF.CN.Equity","CUSHMKN.US.Equity","DACHCEQ.BH.Equity","DONEHF1.NA.Equity","EAMDSSP.KY.Equity","EMEVALU.BM.Equity","FAAREMG.KY.Equity","FIEMKNA.CN.Equity","GLGELNU.KY.Equity","GUEVORA.KY.Equity","HARSMCP.US.Equity","HERACPW.BM.Equity","HILCMNEA.CN.Equity","HSBCTGH.GR.Equity","INSGFIZ.PW.Equity","JADECPA.KY.Equity","KEYREOH.US.Equity","KLPAGEN.NO.Equity","LCIMNAU.KY.Equity","LMLSMOME.CN.Equity","LOGSTNE.US.Equity","MAGGFDI.US.Equity","MAQ8444.AU.Equity","MATAMNC.US.Equity","MNLUSDI.KY.Equity","MWJMA1U.ID.Equity","MWMGLFU.ID.Equity","MWTFNEE.ID.Equity","NORMNIA.CN.Equity","OAKPAMN.US.Equity","PACAPRV.KY.Equity","PAGORAE.KY.Equity","PCDAOAA.KY.Equity","PEGAEUR.VI.Equity","PHNXCPF.US.Equity","PMGLMKNE.CN.Equity","PMMNCLA.CN.Equity","PRYNCIP.MV.Equity","PXPVSCF.KY.Equity","QAAFFNU.KY.Equity","QQMEQHD.SS.Equity","QUANSPA.KY.Equity","QUPANEF.VI.Equity","QUQEQMN.US.Equity","RBRSVFC.KY.Equity","REALRTA.ID.Equity","RENIDEQ.US.Equity","ROMECAP.US.Equity","ROTACRO.US.Equity","SAEEALB.NA.Equity","SCOPQPL.US.Equity","SECHCAE.ID.Equity","SIA3FFU.VI.Equity","SQPTEUR.LX.Equity","SUPBLAE.KY.Equity","SVGRCMN.KY.Equity","TALACTE.KY.Equity","TALENHE.KY.Equity","TESSEQP.US.Equity","TKCAEAU.KY.Equity","TWOPPLD.VI.Equity","VICARCA.KY.Equity","WATSABR.AU.Equity","WGEMNBU.ID.Equity","WILIGEB.VI.Equity","WINCAPA.NA.Equity","WMF0001.AU.Equity","ZALUSMN.US.Equity","ZEBGLAU.US.Equity"
"1",0.5233,NA,2.36,4.587,NA,0.2599,5.9209,2.432,1.355,NA,NA,NA,4.61,NA,3.6045,3.78,NA,-0.0932,-0.32,1.8516,1.56,NA,5.0159,0.07,NA,2.33,-3.4039,NA,NA,2.02,NA,NA,NA,2.9654,NA,0.1043,1.5445,-0.5349,-1.65,NA,3.0008,0.9527,NA,13.5626,2.9998,-0.2725,NA,1.5656,0.3,0.32,NA,-1.3501,NA,0.1568,1.6266,2.9056,-2.8378,-1.94,-1.1859,-0.7618,NA,-0.8386,NA,0.4789,0.8869,NA,NA,NA,2.87,0.9408,4.1058,0.92,NA,2.423,NA,1.8498,0.98,1.0003,NA,1.3669,NA,0.8951,-0.7764,-0.5858,0.6307,1.2735,1.5399,NA,4.4114,0.4723,NA,NA,0.4826,NA,0.9698,-0.46,1.07
"2",0.9501,NA,-1.01,-3.7126,NA,0.1698,2.0858,5.1442,0.161,NA,NA,NA,-0.23,NA,1.9957,-1.17,NA,3.9218,1.2,1.3378,0.54,NA,2.4895,-0.57,NA,0.69,-1.32,NA,NA,1.06,NA,NA,NA,-1.1775,NA,1.01,0.9269,-0.0983,1.2,NA,0.9657,-0.0062,NA,1.6581,2.3,-3.5072,NA,2.0048,1.43,1.57,NA,2.18,NA,0.6386,1.9795,2.0691,1.838,3.35,-1.6108,1.9084,NA,-0.2851,NA,0.2276,0.0913,-0.2466,NA,NA,2.58,0.6219,0.9783,-0.2199,NA,0.7364,NA,-3.9401,1.78,-0.7861,NA,-1.1318,NA,3.991,0.2347,3.5152,0.9707,2.1354,-1.0299,NA,-2.3012,0.8131,NA,NA,0.3305,NA,0,-1.61,-0.07
"3",-0.531,NA,2.31,1.0668,NA,0.68,3.1318,-0.6735,0.4053,NA,NA,NA,-2.36,NA,2.8028,2.29,NA,1.266,1.33,3.2946,1.95,NA,4.4063,1.5737,NA,8.22,-2.7554,NA,NA,1.31,NA,1.3347,NA,101.0639,NA,0.0362,-0.4474,3.0866,2.46,NA,0.0149,0.705,NA,8.8326,-1.1,0.7326,NA,-0.6759,2.21,-0.34,NA,-0.5699,NA,-0.2603,0.5419,1.5737,-0.9122,3.2,-1.1997,1.1374,NA,0.6766,NA,-0.3448,0.5692,-0.1649,NA,NA,0.02,0.0608,2.3206,0.01,NA,1.7031,NA,-0.7998,0.3701,-0.5095,NA,0.6996,NA,2.1519,0.7026,-2.1583,0.1703,0.4298,1.9383,NA,-1.346,0.3274,13.6346,NA,0.1184,NA,6.5079,-1.01,-0.1899
"4",1.4845,NA,7.29,0.5412,NA,0.5399,0.7078,8.6399,0.689,NA,NA,NA,2.24,NA,-0.5544,0.28,NA,-0.0996,0.48,4.0961,0.79,NA,3.5845,1.1843,NA,1.69,-5.16,NA,NA,0.64,NA,0.7556,NA,-3.8801,NA,0.1754,-0.6387,2.7971,-0.15,NA,1.7188,1.4206,NA,-3.1593,2.2,2.2206,NA,-2.6448,0.58,-0.54,NA,-0.4201,NA,0.1386,3.3131,-0.3361,-2.8339,2.6,0.6051,0.0207,NA,0.4638,NA,-0.3084,-0.4131,-0.5546,NA,NA,-1.43,2.0393,2.9312,-1.1301,NA,2.1685,NA,-0.3998,0.21,2.0899,NA,-0.0561,NA,-0.7644,0.5426,NA,-1.0694,-2.1398,0.5502,NA,4.8004,0.9228,3.0841,NA,1.5579,NA,2.8803,-5.21,0.44
"5",3.3735,NA,1.58,7.1521,8.78,0.7602,4.9796,4.8414,1.5484,NA,NA,NA,2.67,NA,2.9572,0.18,NA,3.1847,1.52,8.9507,2.62,NA,2.4883,0.738,NA,2.65,-1.49,NA,NA,0.36,NA,3.03,NA,-16.5066,NA,0.7759,1.0713,2.703,1.44,NA,2.9579,2.1972,NA,9.3038,-1.4,-0.2221,NA,3.4953,1.7,0.66,NA,-0.3799,NA,1.4349,2.2101,2.1382,0.2014,5.14,-2.4453,0.3768,NA,-0.1319,NA,2.847,0.5091,-0.4846,NA,NA,3.73,1.1149,7.0229,-0.75,NA,2.2876,NA,-2.0304,4.44,0.0417,NA,2.1416,NA,0.1178,0.5397,1.7507,1.7295,3.5487,1.4298,NA,3.4113,2.1575,3.5465,NA,3.2402,NA,-0.7156,-1.65,3.2599
"6",0.4492,NA,1.4401,0.8038,0.38,1.8998,0.2487,0.1269,-1.0346,NA,NA,NA,-4.22,NA,-0.8318,-0.683,NA,4.1765,0.93,-0.2023,0.8,NA,-1.7783,0.4181,NA,-4.04,1.9038,NA,NA,2.97,NA,0.777,-5.43,38.7535,NA,1.8927,0.526,1.4048,2.83,NA,0.1982,0.2852,NA,1.7982,-3.1,-1.612,NA,3.1346,-0.97,-0.07,NA,-0.2,NA,-0.7907,-2.4104,2.168,0.9343,-0.33,-1.4347,0.5355,NA,-0.5472,NA,1.2375,-0.1616,0.1225,NA,NA,1.88,-2.0741,4.4496,2.78,NA,1.7714,NA,-2.17,1.16,0.5247,NA,-0.2956,NA,2.8081,2.9908,2.4787,1.4276,2.9431,1.5097,NA,1.4337,-0.1055,4.886,NA,2.6285,NA,0.2072,0.94,2.07
"7",2.1818,NA,-0.1201,4.6251,4.46,2.4602,1.0734,NA,-0.3852,NA,NA,NA,-0.85,NA,-0.3096,-0.801,NA,4.274,-0.62,1.0423,2.31,NA,1.3644,-0.0199,NA,-5.16,-0.5434,NA,NA,1.97,NA,2.1765,3.6735,42.1766,NA,0.2016,0.8123,2.5901,1.15,NA,1.6431,0.951,NA,3.3561,3.7,1.2871,NA,0.8105,0.2,-0.15,NA,0.8,NA,1.0748,-1.2871,NA,1.5364,4.79,1.7436,-0.9402,NA,0.351,NA,0.8678,0.8309,1.6217,NA,NA,0.97,-2.0388,3.8894,2.1401,NA,3.1074,NA,1.76,4.78,2.4051,NA,1.1652,0,-1.4405,0.6701,2.5829,1.3646,2.8291,3.4304,NA,2.5741,0.1069,-0.3482,NA,1.4765,NA,4.6031,-0.48,1.76
"8",-0.5089,NA,0.95,-0.8331,4.64,-0.3301,-0.6611,3.7508,1.1186,NA,NA,NA,-4.45,NA,-0.0141,0.92,NA,3.9956,-0.03,0.5253,0.9,NA,2.7462,-0.98,NA,2.79,-3.606,NA,NA,-0.24,NA,0.0764,-3.1608,-30.7418,NA,0.4374,0.0775,1.6991,-2.14,NA,-1.6137,1.1494,NA,-6.1925,1.3,-3.0251,NA,0.7694,0.59,-0.04,NA,-1.64,NA,4.4233,3.2831,3.0861,-0.141,1.36,-2.4186,-0.592,NA,0.5199,NA,1.156,-0.3396,-0.6377,NA,NA,2.89,-6.8851,1.6929,-0.6701,NA,2.6036,NA,-0.17,3.21,1.4216,NA,0.7974,0.04,-0.4644,-5.4734,1.5104,-0.2703,-0.4447,0.95,NA,-3.6074,0.7398,3.5409,NA,-0.5933,NA,1.5557,-3.51,-1.34
"9",4.5424,NA,10.99,-2.8877,0.25,1.1799,1.7126,-0.6763,0.3414,NA,NA,NA,0.26,NA,-1.3272,0.2713,NA,0.3502,0.31,3.4964,-0.28,NA,2.4071,1.63,NA,-1.43,-3.02,NA,NA,1.54,NA,0.2291,-0.3644,10.6702,0,-1.8119,0.6812,0.9583,1.31,NA,0.8195,0.9013,NA,-7.3155,-0.1,1.3537,NA,0.6384,0.18,-0.06,NA,-0.7299,NA,0.141,0.6352,NA,1.6013,7.3191,-0.6598,0.3097,NA,0.6301,NA,-0.4173,0.3886,0.2369,NA,NA,-1.59,-0.8973,0.0093,1.26,NA,-0.5104,NA,2.5101,-0.59,-1.946,NA,1.5483,2.2591,-0.491,1.1737,2.2351,0.7546,1.4986,1.4602,NA,6.1367,0.5678,-0.18,NA,2.8421,NA,5.8311,-1.16,-2.09
"10",-0.0559,NA,-0.69,-2.0524,-0.96,1.1399,-6.6936,NA,0.245,NA,NA,NA,-6,0,0.0372,3.9618,NA,3.1064,-0.48,-0.2938,-0.24,NA,-4.5254,-0.5,NA,0.81,-3.4803,NA,NA,0.7001,NA,1.7046,0.074,4.9461,0,0.931,1.4455,1.2012,1.45,NA,-1.8303,-1.5795,NA,-9.4918,0,-4.2779,NA,1.1629,2.89,0.23,NA,-2.53,NA,2.5674,-0.9786,2.7251,-1.4854,3.0309,0.4107,1.0171,NA,-2.7381,NA,0.4146,0.5479,0.3782,NA,NA,1.75,-0.9054,-8.6207,-0.86,NA,-2.0806,NA,1.54,2.9401,3.1678,NA,0.2863,-3.3627,0.8025,4.6404,-1.528,0.2374,0.4977,0.32,NA,-4.2926,1.0905,-2.5319,NA,-0.9719,NA,-0.2399,0.37,2.59
"11",1.3348,NA,-4.81,-7.6755,8.2901,1.08,1.2387,7.0103,1.0115,NA,NA,NA,5.32,0.83,2.6319,1.4098,NA,1.2174,1.94,-0.3038,1.43,NA,4.9199,4.5796,NA,7.3,-0.1822,NA,NA,-0.6797,NA,1.2079,1.3024,-6.2691,2.4312,3.9633,1.2582,0.7224,1.65,NA,3.1134,0.113,NA,12.7512,0.4,0.2361,NA,0.9515,-0.73,0.11,NA,-0.18,NA,0.177,-0.0031,2.0568,0.9529,4.63,1.4954,1.2557,NA,-0.49,NA,0.1245,1.1945,-0.154,NA,NA,1.12,2.7783,-1.7075,4.63,NA,-0.2271,NA,0.45,2.26,-2.8888,NA,1.6797,5.3207,2.1625,0.813,3.3478,1.1471,2.5455,3.6601,NA,1.2586,0.8484,2.7673,NA,0.2512,NA,1.1303,-0.63,1.56
"12",-0.8619,NA,4.6,-6.6468,-4.88,1.46,-4.4943,0.4321,-0.4167,NA,NA,NA,1.74,-1.32,-1.3965,0.9695,NA,1.0235,-2.02,1.1082,-0.68,NA,0.131,-1.61,NA,-3.52,2.2399,NA,NA,1.47,NA,3.0068,1.7153,-3.4722,-9.2064,1.5692,0.9506,0.327,0.4,NA,2.2985,-1.0145,NA,1.5275,-3.5,-3.4672,NA,-1.0274,0.4,0.43,NA,-0.05,NA,0.2891,-0.2929,-0.9402,-1.4297,-4.02,0.3998,0.0271,NA,-3.9297,NA,-0.9012,0.2032,-0.4509,NA,NA,-3.62,2.7032,-3.2219,-1.75,NA,-0.6389,NA,-1.65,-0.79,-9.5481,NA,0.7378,0.3169,1.6587,1.5396,-0.5653,-1.5451,-3.2047,-1.4101,NA,1.8644,0.6389,2.2877,NA,-0.2459,NA,2.5682,-0.79,-2.16
"13",1.1668,NA,2.76,1.8062,7.02,1.5001,4.9598,0.4934,1.9841,NA,NA,NA,4.66,-0.01,0.0989,5.3903,NA,2.3475,0.99,6.2112,0.82,NA,3.1399,6.3299,NA,-2.24,-2.2216,NA,NA,1.4599,NA,2.2454,-1.4865,-0.0078,-9.5044,-0.161,0.3337,1.25,0.96,NA,2.7507,1.0662,NA,-2.4095,1.8,0.1437,NA,3.0488,2.02,1.4,NA,-0.39,NA,1.2773,-0.516,-1.0077,-1.981,3.82,1.7162,0.3201,NA,-0.392,NA,1.7723,0.5576,-0.7245,NA,NA,1.48,2.632,4.0722,-0.09,NA,2.4095,NA,-0.14,-1.02,2.1378,NA,-0.6287,3.9732,0.0939,1.444,0.755,-0.502,-0.9194,2.3303,NA,1.9412,1.2122,2.7059,NA,1.6929,NA,1.4374,-1.33,-0.8001
"14",0.4636,NA,-1.2599,-2.9488,3.37,0.8199,3.8181,0.8406,0.6088,NA,NA,NA,3.7901,-0.32,-0.9658,3.289,NA,-0.2063,-0.37,2.2102,2.25,NA,1.9198,0.8698,NA,3.16,2.8076,NA,NA,3.15,NA,1.8623,2.5433,-0.2206,-1.0416,0.0049,-1.8031,0.3277,2.62,NA,4.336,1.2154,NA,-1.3102,-0.5,1.3606,NA,0.309,-0.33,-0.05,NA,7.89,NA,2.3638,1.4226,2.9293,3.4596,1.4,0.1408,2.5873,NA,0.6155,NA,1.366,0.6146,-0.7556,NA,NA,4.59,-0.3508,1.682,-3.49,NA,1.3496,NA,2.29,3.9499,6.4561,NA,-0.8349,1.8416,-1.3522,1.9929,1.9713,1.3064,2.7839,3.1303,NA,-0.0979,-0.3164,2.6988,NA,2.8767,NA,1.8589,1.14,3.1
"15",3.1899,NA,-0.41,3.7391,0.73,1.63,-0.4157,0.8102,0.171,NA,NA,NA,-3.95,4.34,0.3565,-0.5064,NA,5.6858,0.6,2.8692,1.9,NA,1.1733,0.9398,NA,2.86,0.87,NA,NA,1.9102,NA,0.1294,5.2455,-17.5026,0.841,-1.1551,0.1355,1.4021,1.42,NA,1.2462,1.1758,NA,12.7689,0.7,1.7586,NA,1.0097,1.45,0.83,NA,-1.83,NA,-0.3046,2.4832,0.394,1.0753,4.43,0.6106,2.8387,NA,0.1504,NA,-0.6631,1.0918,0.1191,NA,NA,1.17,-0.3521,-1.5556,1.54,NA,0.8901,NA,1.45,3.77,2.3535,NA,0.6841,0.1808,1.0598,3.0705,3.3484,0.7391,1.5547,1.28,NA,2.3309,-0.1312,0.2572,NA,1.8316,NA,0.3515,-0.9,1.4104
"16",-0.2342,NA,0.71,3.3645,0.32,1.3301,-1.909,1.9937,1.1753,NA,NA,NA,1.21,0.37,0.0796,1.7363,NA,1.5936,1.87,2.2493,2,NA,0.9438,1.9202,NA,-1.88,-0.74,NA,NA,4.68,NA,-0.9904,-2.5967,3.5726,2.2269,1.9165,1.3979,0.8493,0.02,NA,1.874,0.7349,NA,-4.7658,0.6,0.465,NA,-0.525,2.64,0.37,NA,-0.91,NA,1.6951,1.2265,3.7829,-1.9754,-0.55,0.3876,2.6882,NA,-0.3505,NA,0.1102,-0.1064,0.5264,NA,NA,0.48,-0.3533,-1.0423,-0.2899,NA,1.8069,NA,1.3,1.21,2.5615,NA,0.6729,1.5704,0.6825,-0.8802,-0.8584,0.6244,1.3674,2.5299,NA,0.2767,0.2471,0.735,NA,-0.4366,NA,-3.2869,1.93,-0.0196
"17",-3.4171,NA,-0.77,5.6009,-8.22,0.76,-2.3621,-2.2162,-0.2596,NA,NA,NA,-5.05,0.77,-0.2697,-0.4837,NA,-1.5337,1.37,4.1277,-2.67,NA,-0.9229,0.2101,NA,-1.85,-5.23,NA,NA,1.75,0.12,-1.8354,-0.7721,-3.5621,0.7799,1.3574,1.4527,1.7148,-0.49,NA,0.2656,0.4392,NA,16.0369,-1.2,1.7355,NA,1.6775,0.44,0.82,NA,0.09,NA,1.689,2.2481,3.1073,0.6085,-3.5,0.6238,2.2984,NA,0.0804,NA,1.6351,0.0058,1.473,NA,NA,0.76,1.3947,-0.9977,0.26,NA,-2.4889,NA,-4.21,0.4,2.8263,NA,0.8696,-1.3417,0.5577,0.6831,-1.8083,0.6154,1.2782,1.3102,NA,1.9531,0.6172,-1.8517,NA,0.6139,NA,1.7109,2.91,-3.5902
"18",-0.9901,NA,3.43,0.2793,3.82,0.74,4.5956,NA,1.49,NA,NA,NA,6.5,-2.17,-0.39,3.0941,NA,1.1017,1.07,-1.1216,3.6,NA,3.1153,1.66,NA,-4.12,-0.33,NA,NA,1.4399,4.5401,0.3545,-0.6983,0.5688,0.6027,0.646,1.578,9.1665,3.24,NA,4.8317,0.9863,NA,-6.7173,-1.1,-1.7174,NA,1.6698,0.5,0,NA,-1.58,NA,-0.2821,-0.4205,0.299,1.8929,-3.71,0.631,3.2601,NA,-0.4217,NA,0.3223,0.7484,-0.2377,NA,NA,0.23,1.3755,1.7779,-0.87,NA,2.716,NA,0.6,0.66,3.5288,NA,0.2766,3.0352,2.3457,1.9674,4.0143,0.6579,1.4212,3,NA,-1.1661,0.3622,4.3695,NA,2.5233,NA,1.4548,0.84,0.7899
"19",-2.0747,NA,-1.07,0.321,2.9,-0.1601,-1.3991,NA,-0.3462,NA,NA,NA,-1.46,-2.67,-1.4719,-0.9805,NA,3.7603,0.13,-3.2243,1.5,NA,0.8775,0.7097,NA,6.64,1.52,NA,NA,2.08,-0.84,2.0221,-9.0549,5.7134,-0.4971,2.0299,-3.4738,0.7152,0.54,NA,1.2181,-0.4786,NA,-6.9802,1.3,0.4123,NA,0.0177,0.39,0.55,NA,1.69,NA,-0.5916,-0.6565,-1.7036,-0.278,3.96,0.8338,-1.0521,NA,-0.6957,NA,-0.8222,-0.4288,-0.7878,NA,NA,-0.67,1.3568,-0.19,-0.58,NA,-1.3463,NA,3.8,4.02,0.1686,NA,0.9495,0.6818,-0.8912,0.2661,0.605,-0.817,-1.5966,-0.6002,NA,-1.8961,0.6366,0.5376,NA,0.3273,2.57,-1.165,-0.76,4.5897
"20",0.9658,NA,-1.56,-6.0827,2.6,0.1,0.9948,NA,-0.0643,NA,NA,NA,5.22,2.07,-0.644,-0.8473,NA,2.515,0.56,-1.6137,1.8,NA,2.5115,-1.9202,NA,8.89,-0.25,NA,NA,0.59,-2.1403,3.1245,0.6473,-0.7714,-3.8992,0.1209,-4.3738,1.5724,8.39,NA,2.9016,-1.1093,NA,-12.8688,-7.1,0.4101,NA,-1.1813,0.19,-0.59,NA,1.84,NA,0.8323,-2.166,-0.8043,0.0981,9.43,-1.7204,-0.8649,NA,1.6042,NA,-2.6264,0.0266,-2.162,NA,NA,-3.03,-1.2554,-0.0216,0.4899,NA,-2.5118,NA,-0.27,-0.4701,-3.5909,NA,-0.2606,0.3126,-0.1195,2.9861,-1.4244,-2.9345,-5.7002,-1.01,NA,2.2334,0.1363,0.3877,NA,0.3728,1.6379,2.7958,-3.69,0.6097
"21",0.4494,NA,-0.04,2.6179,-1.22,0.4299,-0.4353,17.5759,-0.5472,NA,NA,NA,-0.02,-2.23,0.2248,1.7383,NA,1.1508,-4.26,-0.9629,3.8,NA,0.9619,-2.15,NA,2.02,3.33,NA,NA,1.22,4.19,3.0969,1.3917,-8.0668,1.3979,2.2072,-0.522,1.4854,4.31,NA,-0.0215,0.9093,NA,-6.2524,4.2,-1.3241,NA,0.2119,-0.51,0.15,NA,0.7699,NA,-0.5358,0.4489,0.8209,0.6787,3.12,1.7354,-1.2108,NA,1.0892,NA,1.5976,-0.0311,0.379,NA,NA,2.95,-1.2714,1.6336,1.1601,NA,1.5078,NA,0.9199,1.1698,-0.106,NA,0.8475,0.7011,2.1186,0.1289,0.4178,-0.053,0.0041,0.1402,NA,2.8253,-0.2545,0.5992,NA,0.9835,0.0863,1.2055,-0.02,0.0104
"22",-0.5896,NA,0.85,6.9064,0.59,0.9,1.0871,-0.307,0.369,2.29,NA,NA,6.26,-0.35,1.4623,-0.0231,-1.7124,-1.0322,0.83,2.0763,0.9499,NA,0.2105,1.2697,NA,-2.82,-0.19,NA,NA,5.1301,1.5299,0.0407,-0.3886,-0.2293,3.0367,1.3285,-0.1332,2.4884,0.72,NA,3.5331,0.494,NA,5.2258,3.1,-0.3072,NA,-0.1969,0.28,-0.36,NA,-6.12,NA,0.5632,1.3353,0.2142,-0.2809,-0.68,0.7693,0.4294,NA,0.5832,NA,1.6427,1.158,-0.3154,NA,NA,3.56,-1.2877,4.1023,-0.97,NA,1.5138,NA,1.72,-0.39,6.4682,NA,-0.7772,1.4783,-0.131,-0.0644,0.335,0.6103,1.3368,1.6402,NA,0.9397,0.4488,-1.7782,NA,1.0492,2.4056,-4.1328,0.37,-1.7301
"23",-3.1346,NA,4.18,3.1407,-5.5801,0.3201,2.1913,-2.7993,-0.6772,-5.79,NA,NA,-2.05,0.86,-0.9991,0.1903,2.0888,3.6274,-0.77,0.565,0.7401,NA,-1.5721,-1.6101,NA,2.66,-0.18,NA,NA,0.29,-4.2296,0.6022,0.3782,-0.777,0.6857,1.4413,-0.949,3.7497,4.91,NA,0.3565,-0.1034,NA,-2.7382,-0.2,0.8719,NA,-0.5668,1.08,0.8,NA,2.37,NA,0.5529,-0.8437,0.3457,0.2087,5.12,-0.3407,1.4377,NA,0.2064,NA,0.302,-0.3858,0.7576,NA,NA,0.55,-0.1544,1.9079,-0.36,NA,-0.2584,NA,3.38,0.4201,2.3219,NA,0.5604,-3.7435,-1.0615,0,-0.3536,-0.5697,-1.0423,-1.6602,NA,-3.693,0.1292,0.8202,NA,-4.7075,-0.5803,-4.364,-0.79,-0.7299
"24",1.0395,NA,-2.11,0.8121,3.8,0.3601,-0.5291,0.7331,-0.5454,4.8,NA,NA,-0.42,2.9,-1.1861,0.7654,-0.6517,-3.1711,2.25,-0.7866,3.1,NA,-1.0086,2.25,NA,2.33,0.55,NA,NA,1.64,2.1197,-1.2295,2.6936,-1.0698,1.9484,-1.6873,-0.1584,0.0134,-0.1,NA,1.5519,0.9265,NA,-1.9574,1.3,0.3012,NA,0.1225,0.5,-0.84,NA,0.7099,NA,1.0415,0.265,0.915,-0.8347,-1.86,1.4825,0.3362,NA,0.3138,NA,1.4415,-0.1912,-0.4074,NA,NA,1.01,-0.1546,0.7032,1.93,NA,2.3844,NA,1.2901,0.1202,2.0539,NA,-0.5952,0.6951,1.5052,1.481,-3.1817,0.3077,0.7159,1.5501,NA,-3.4831,0.3998,1.0328,NA,-0.3864,-0.1224,-1.7745,0.12,1.4303
"25",1.5464,NA,-2.57,1.9318,-2.13,-0.5101,-3.6121,-7.6379,-2.618,-8.59,NA,NA,-8.94,0.9,-0.0998,0.4238,1.6749,0.5527,0.97,2.8719,0.17,NA,0.997,1.0099,NA,-3.4,-1.14,NA,NA,0.01,0.9396,0.172,0.7559,-0.0652,-0.6565,1.2484,1.5624,0.8053,0.92,NA,-4.5089,0.7305,NA,-16.0638,-1.3,0.815,NA,-0.3326,0.4599,-0.29,NA,3.99,NA,0.6056,2.4023,1.9836,-2.353,-2.92,1.2128,1.1965,NA,0.5866,NA,0.9723,-0.5203,3.5977,NA,NA,3.03,-0.1548,-3.0721,-1.09,NA,-1.0567,NA,-0.5001,1.53,3.754,NA,-1.0447,-3.4865,-3.9821,-1.269,0.7832,1.8827,3.8278,-0.59,NA,3.2749,0.5583,-2.1145,NA,-2.0133,-1.6588,2.5244,2.37,-0.1397
"26",-1.8202,NA,0.54,4.0863,4.25,-0.3001,0.4617,3.7662,-1.6358,-3.16,NA,NA,-6.57,-6.4,-0.7932,0.6427,2.9609,2.5536,1.81,0.9044,0.09,NA,-5.4493,0.6098,NA,5.06,4.84,NA,NA,-2.1203,4.7903,2.052,0.1915,-46.4599,1.3537,3.5111,-1.7882,-1.1064,0.52,NA,-1.356,-1.0699,NA,-10.1584,1.7,-4.3861,NA,0.5005,0.92,0.48,NA,2.21,NA,0.5398,-1.5958,2.5083,1.8921,-1.91,-0.3512,-1.7034,NA,-0.2041,NA,-1.0169,-0.3107,2.2665,NA,NA,2.79,24.2363,-1.2921,4.12,NA,2.3641,NA,2.63,0.8003,2.6997,NA,-0.4442,-2.3812,-1.4614,-6.6838,-2.8552,0.9084,1.7902,3.0399,NA,-10.0079,0.9046,2.3462,NA,-2.4016,-2.6931,-1.5733,1.46,4.3498
"27",-1.5098,NA,-3.39,0.6047,2.87,0.6599,0.0174,1.9889,-1.1859,-2.13,NA,NA,-8.04,0.9,-0.1984,-0.0203,0.8894,-0.0129,-0.39,-0.6469,0.92,1.1225,4.2872,0.12,NA,1.56,0.63,NA,NA,-2.42,4.3295,0.2403,1.8338,7.3997,0.1809,0.4256,0.6043,2.3383,2.72,NA,1.7388,1.6069,NA,-11.3453,1.8,2.1026,NA,-0.1414,0.46,0.5701,NA,0.02,NA,0.6111,2.916,NA,-1.4039,2.56,1.9006,1.0969,NA,1.1006,NA,-0.5137,0.7792,3.5631,NA,NA,1.17,19.5083,5.1961,0.73,NA,0.3849,NA,-0.8,-1.1303,1.2489,NA,0.097,3.9603,1.9478,0.3444,0.0128,0.3447,0.7267,NA,NA,8.333,0.2466,-0.1538,NA,3.3857,0.7288,-1.5745,-0.4,-0.5102
"28",-2.2754,NA,-0.71,4.656,-3.6737,0.6901,-1.3976,-4.1016,-2.759,1.66,NA,NA,-3.91,-0.86,0.8872,3.09,-4.804,-14.1266,0.07,-1.1296,-0.35,-1.36,-1.1104,1.0099,NA,4.24,3.86,1.0447,NA,0.51,3.4104,2.0379,2.7935,-19.626,8.2315,-0.9639,0.8615,1.6836,1.85,NA,0.2027,0.3338,NA,-9.7791,0.4,1.0626,NA,1.1511,-0.27,0.46,NA,-1.43,NA,0.2317,2.5844,5.0215,-4.8963,2.22,-2.039,1.0579,NA,-0.8478,NA,0.7934,0.6514,-1.5145,NA,0.3715,1.25,16.3238,0.8366,1.59,NA,1.1974,NA,-1.72,-0.2499,3.3272,NA,2.6163,-3.2563,2.0663,-0.6863,2.4049,0.4614,1.0323,0.0197,NA,-2.1426,0.8937,1.981,NA,-0.7228,2.0925,-1.3236,-1,1.81
"29",1.6091,NA,2.9,-1.3388,-4.296,0.7802,0.314,-1.9122,-3.1494,1.66,NA,NA,-5.02,2.13,1.0323,2.3095,5.1857,5.4338,-1.19,-3.2847,3,-6.4578,4.8624,-1.15,NA,4.85,2.87,0.2727,NA,-2.0399,5.3799,2.3105,3.0987,0,-1.8274,5.3937,2.8209,1.8922,0.71,NA,-0.6237,0.0591,NA,-2.1039,-1.4,-1.2961,NA,1.5127,1.0508,1.1697,NA,1.79,NA,0.2544,1.454,3.0882,3.999,-3.4,-1.7623,4.4936,NA,1.37,4.64,0.4627,-3e-04,2.3371,NA,1.1893,1.63,0.7247,0.0653,1.44,-11.5977,2.2169,NA,0.2196,2.0702,1.2081,NA,-0.3966,1.4755,0.7609,-2.9026,3.0019,0.1939,0.4634,-1.0899,NA,3.3896,0.3127,2.0454,NA,3.1522,5.124,-1.1768,2.04,1.2696
"30",0.3884,NA,2.6,-0.068,12.146,0.26,0.0317,4.7014,0.9741,-0.96,NA,NA,5.44,3.83,0.7045,-2.3703,-1.2435,1.3496,1.16,-0.4676,2.3,7.4997,1.3193,NA,NA,1.96,-2.64,2.749,NA,3.4699,-1.79,1.3932,0.121,19.0888,2.781,-0.7263,0.4039,1.7769,-2.21,NA,4.0019,1.8134,NA,-1.8382,2.8,1.4529,NA,1.1638,2.6106,0.25,NA,-2.69,NA,-0.2373,1.701,-1.1093,-2.419,3.63,1.8443,1.226,NA,0.2684,8.36,0.0308,-0.186,7.5727,NA,0.8143,-4.87,0.7196,5.6043,1.02,19.0493,0.8584,NA,1.58,-0.74,2.5631,NA,1.1124,4.1621,1.6289,0.9253,0.3587,0.8862,1.8639,2.4,NA,6.1772,0.3419,4.2981,NA,6.2193,1.4577,0.7078,-0.3,1.8204
"31",-1.1823,NA,-2.16,0.3851,0.13,0.9501,0.1747,-3.7951,-1.3926,2.2598,NA,NA,-1.5,-3.27,-0.8065,4.7838,2.935,3.8489,0.6,1.0138,-0.3,0.9981,-0.2518,-0.0097,NA,0.88,0.85,0.9466,NA,1.63,1.6301,0.8003,-4.4391,3.5181,3.0529,1.0683,1.7078,1.6629,-2.2,0.793,-0.7328,1.0717,NA,-8.3394,0.7,0.8543,NA,-1.9551,-0.0739,0.2401,NA,1.7,NA,0.501,1.9824,2.0884,0.6581,2.81,0.5758,1.0103,NA,1.042,0.92,0.5974,1.2801,0.7265,NA,1.6272,3.03,0.7144,1.9096,2.68,7.5772,2.0375,NA,-0.36,2.82,3.5548,NA,1.8127,-0.0611,1.5009,6.2059,5.6687,1.2419,2.6166,1.24,NA,3.5128,0.7975,0.3289,NA,3.0026,2.3348,3.2247,1.4,1.23
"32",-0.0541,NA,7.9201,-4.6713,1.86,0.6598,6.1332,2.3385,3.4719,0.49,NA,NA,12.56,1.12,-0.8305,0.7077,-1.522,-1.4297,-1.6,11.4148,0.4,1.4474,0.3639,-0.35,NA,-2.74,-2.43,2.9422,NA,NA,-5.2101,1.0336,-1.5454,0.8514,-1.5106,-0.7296,0.2687,2.0763,0.48,1.0894,0.6683,-0.3682,NA,7.0777,-0.1,-2.5924,NA,-2.4178,-0.1033,0.14,NA,-1.9201,NA,0.8935,0.395,-0.3528,-1.9818,-0.59,2.1813,0.2882,NA,1.334,-2.14,-2.0338,-1.1164,-1.8217,NA,3.2902,-4.19,0.061,7.0172,-1.31,0.642,6.2938,NA,2.85,-4.0498,0.1171,NA,0.0737,3.588,0.7578,-2.1248,3.5956,-1.461,-2.8031,-0.65,NA,5.8246,1.0309,-0.4692,NA,0.5547,4.1067,0.9612,-5.22,-0.3202
"33",2.4246,NA,-4.02,3.0107,0.54,1.4601,-1.8815,0.4584,-1.1801,-0.5697,NA,NA,-7.16,3.27,0.382,3.6269,1.1476,0.947,-0.4,3.7422,3.1,-0.5117,3.3277,3.49,NA,-3.88,0.25,1.5466,NA,2.19,2.2501,0.1927,0.451,100.5023,-2.106,2.2579,-0.4168,2.086,-6.11,1.005,0.5268,1.2601,NA,-1.2559,-0.3,0.2675,NA,0.3299,-0.5126,0.1,NA,1.18,NA,1.1526,3.1944,1.6469,1.8323,-7.66,1.73,0.3093,1,-1.6992,2.66,1.9473,1.1018,5.9514,NA,10.0288,1.42,0.0609,0.4643,0.0399,-9.778,2.4047,NA,-0.59,-1.3703,3.4294,NA,0.3252,-1.0197,1.93,4.4098,3.4859,0.9817,2.0615,0.59,NA,-3.1885,0.8612,1.2529,NA,1.0485,0.3456,-0.6109,4.27,0.1699
"34",0.842,NA,-0.31,3.5592,-0.99,1.2598,-4.3585,-2.6959,0.8632,-2.6405,NA,NA,-4.97,1.18,2.0725,0.3116,0.8492,2.8872,2.35,-7.9345,-0.4,-1.4044,1.3947,-0.7398,NA,-1.56,4.98,0.4558,NA,1.9001,-3.47,1.5316,-4.7932,-18.1512,-1.7307,1.918,0.2392,0.3406,6.4,1.0232,-2.8958,-1.2137,0.124,-8.7328,-4.9,2.7459,NA,0.4949,-0.5126,-0.47,NA,0.7301,NA,0.4244,-0.8205,2.4033,-1.2907,-5.48,0.077,-0.9926,-1.4356,-1.3771,4.26,-0.3356,-0.1539,-1.0838,NA,4.2709,0.24,0.0609,-0.7627,1.3001,0.4183,-3.0652,NA,-1.02,-0.49,0.6179,NA,1.1741,-3.7803,0.2625,2.2092,2.0217,-0.1002,-0.1094,-1.43,NA,-4.0433,1.3681,-13.4966,NA,-2.8147,-3.4355,0.9899,-0.02,1.3397
"35",3.8474,NA,-0.48,3.5282,1.14,0.0398,-4.1243,-3.3417,-1.9613,-1.8903,NA,NA,-14.11,-5.12,0.5478,-0.1413,0.8368,0.8418,-0.37,-7.5219,2.2,3.0695,0.4221,-1.5602,NA,-0.09,1.62,0.2077,NA,-1.8799,4.97,0.5611,4.2901,-2.907,-1.4089,0.0072,-0.3132,-0.3531,0.27,1.0378,0.8615,1.2154,3.7152,-16.9326,-2.6,2.4941,NA,0.2097,-2.3126,4.64,NA,3.59,NA,0.6073,0.8625,3.3532,2.1621,1.24,2.6129,0.9122,2.0994,-2.6387,2.55,1.8492,1.4991,4.8135,NA,1.3741,2.76,0.679,-5.5763,1.56,19.7783,-5.3301,NA,6.3901,0.6899,0.1884,NA,-0.7978,-0.1327,-1.9513,-7.2473,-1.4852,1.9864,4.1902,0.1698,NA,-16.0237,-0.0957,19.0708,NA,2.3982,-2.5139,3.8337,0.11,0.39
"36",0.393,NA,0.05,0.1059,-17.1,0.91,-12.1622,-4.4857,0.2837,-0.36,NA,NA,-3.3,-0.97,3.1004,5.665,-0.116,-2.8535,-1.16,-1.6085,-6.3,-4.8175,-10.631,-2.23,NA,3.38,0.4,-3.9472,NA,-3.9297,1.84,2.3915,0.4728,0.0322,-6.634,2.0996,0.5011,-4.9799,1.69,1.1985,-4.7394,-1.4205,2.0029,-0.9263,-1.4,-2.9177,3.83,0.2106,-3.7948,-4.1699,NA,0.82,NA,1.0418,0.4179,1.5563,-0.6501,1.75,0.9644,1.5273,2.4793,1.9486,-12.02,-0.1968,-1.796,-1.3659,NA,1.2031,0.63,0.6745,-5.2731,0.79,-6.7915,-4.403,NA,-13.63,-1.4597,0.0772,NA,3.9359,-9.9238,4.3402,5.5517,1.3479,0.7673,1.5239,-1.74,NA,15.0059,0.9276,-3.5281,0.573,-1.6184,6.8082,4.0423,-0.17,0.2601
"37",0.8648,NA,0.42,9.7124,6.01,-0.1199,-1.462,-1.8914,-0.4643,2.35,NA,-1.8941,-11.31,0.95,-0.4509,0.8006,3.7456,3.6119,0.46,-1.778,1.2,-2.863,-5.1857,-0.7899,NA,2.97,-0.58,-4.0762,NA,-9.48,3.5,1.7482,-1.9385,-41.738,-0.6564,-1.2637,-1.3098,0.1937,4.24,1.0357,-2.6615,-1.2634,-0.9469,-4.5904,-5,1.2682,-0.1445,-0.4494,1.2088,-0.19,NA,2.91,NA,0.1645,0.6687,2.0349,0.6085,1.92,0.6636,1.5657,0.4992,-2.3285,5.9699,0.1085,-0.0738,2.7857,NA,-3.8358,4.01,0.6699,-2.6153,3.81,-3.4106,-0.8967,NA,17.17,4.39,1.2676,NA,-1.0845,-1.3476,-1.6415,-7.3377,1.9164,1.3032,2.6156,-1.2598,NA,-8.685,1.9285,-0.4088,1.7927,-1.3287,-2.8739,2.7292,4.74,2.2698
"38",0.107,NA,0.1299,-5.6406,16.92,0.2501,11.2104,2.5876,0.3498,0.36,NA,2.1635,12.8,16.79,-0.7781,-1.4083,-2.7108,-3.4951,3.47,-0.0086,3.03,3.8632,11.146,2.83,NA,6.76,3.7,1.2079,-0.5638,0.83,-1.37,0.2087,3.156,13.0426,2.8876,-1.91,1.199,3.8738,2.06,0.985,1.1277,1.1707,2.0023,-4.9583,5,-0.9395,-4.1548,-1.1245,1.7849,0.63,NA,1.7,NA,0.0218,-1.4425,0.0497,-2.0401,0.76,0.2452,0.801,2.8086,0.4271,-5.69,-2.2346,-0.0045,1.9471,NA,-3.3707,-1.81,-0.163,2.0575,-0.02,14.6266,0.1269,NA,4.84,-1.4898,-3.4941,NA,3.2298,6.1322,4.5726,-1.1212,-0.4683,0.6071,1.3014,3.6201,NA,-0.83,-0.2424,4.0155,-0.2676,5.1218,-3.3115,-1.3604,-0.64,2.5098
"39",1.3312,2.0606,-3.7697,6.2839,-1.87,0.21,-1.3408,-5.4856,-1.6051,0.74,NA,-0.4608,-4.99,2.52,-0.0308,-1.2794,2.584,3.0994,-1.08,-1.8361,1.64,1.4594,-0.8656,0.78,NA,1.81,1.67,-0.5626,1.274,-2.62,0.82,-0.3887,-1.1137,33.3963,-0.031,0.8393,1.0879,1.8745,0.21,1.0492,0.9164,1.1572,2.448,-9.2437,-3,3.248,-1.2803,0.7184,-0.5485,0.89,NA,-1.43,NA,1.3629,0.8321,1.0302,0.4122,-8.8,1.6449,0.5248,0.3624,0.4451,7.54,0.0629,0.5691,2.6157,NA,5.5437,0.3,-0.1632,-0.52,1.14,11.4502,0.8003,NA,-2.28,-0.7798,-0.5735,0.9,1.0391,-1.071,0.1874,-3.0475,0.9492,0.5938,1.3212,0.8501,NA,0.5655,0.81,1.9446,-0.3095,3.9535,8.0242,1.5308,-0.59,-0.05
"40",-0.5626,0.0299,-0.57,6.3674,0.23,2.0201,-0.2068,-1.1118,1.7198,-2.2,NA,-2.6894,-11.66,-1.39,-0.0925,-2.5109,-5.8104,-12.5311,-0.83,-1.0489,1.02,-0.3896,-3.7415,-1.18,NA,-0.21,-5.75,0.0716,0.7892,0.76,1.29,-0.439,-6.7515,14.9118,-2.2804,-0.0415,1.2089,3.9249,1.03,1.0064,-1.8268,-1.0526,0.3219,-8.432,-4,2.6106,1.2689,1.2712,1.6342,-1.24,NA,0.57,NA,1.3,0.6755,1.3765,-2.0483,-3.28,-1.5363,0.6563,2.1572,-2.1566,0.6603,-0.3143,0.0288,-3.7635,NA,2.5374,5.22,-0.1635,0.8274,-0.73,6.9215,0.215,NA,0.43,0.28,3.2704,-3.3,-0.267,-2.5546,0.7029,-1.5351,1.3607,0.9855,2.0378,-1.5298,NA,0.2812,0.4491,0.8235,1.6083,-1.1736,1.2353,-0.0782,3.36,-0.83
"41",-2.3616,-2.7579,2.02,1.0729,-2.95,0.6099,-8.9061,16.2863,-0.9361,5.03,NA,-3.1233,-4.25,8.62,-0.3898,0.66,0.7164,0.7032,-2.6002,-1.908,-6.07,-2.1661,-12.2776,-0.1598,NA,4.55,3.3293,-1.6021,1.9448,-6.6,1.3801,0.6439,-6.8721,-15.0518,-3.4135,1.7388,-0.772,2.1071,3.96,1.084,-2.2516,-1.8327,-3.1045,-3.4214,-3.4999,-0.5386,-3.9069,-5.3191,0.4216,-0.7599,NA,5.76,NA,-0.2548,-3.5859,1.1288,-1.3279,9.21,-1.2424,0.7261,-2.8367,-4.9919,5.59,-1.328,-1.9609,-5.4369,2.2387,3.6725,1.25,0.5813,-1.2266,-0.95,-14.0795,-8.7011,NA,16.9999,5.0401,-4.1857,-10,-0.0285,-7.7965,-2.9914,0.3712,0.2926,-0.231,-0.3018,-0.84,NA,-9.8127,1.6538,-3.9095,-0.6788,-4.7649,-1.4073,-0.1352,-1.78,1.7797
"42",4.4365,-0.3319,1.38,-2.4594,-0.23,-0.5601,-2.0781,-19.9545,0.5347,-4.36,NA,-2.085,2.78,7.53,0.8615,-0.9298,-0.4223,-2.386,2.5,-1.0806,1,-1.2198,-12.0334,-1.9902,NA,0.16,-0.9869,-4.9116,-0.1034,-2.4499,0.85,0.5216,-3.6454,-0.3383,1.1026,-0.53,0.1028,2.19,3.16,1.0562,-0.2661,-0.8873,2.6523,-0.9487,3.7,0.7482,-2.4072,2.3109,0.0777,-0.81,NA,-0.1,NA,-0.6485,-3.6264,-1.8709,-2.8005,-1.29,0.9173,-0.7981,-3.2553,0.4979,8.32,-2.5769,-0.919,0.1507,2.4893,0.6081,-3.76,0.5779,-7.5959,-4.78,-3.6871,-2.6574,NA,9.28,-2.49,-2.9817,3.6,0.5072,1.2789,3.4695,0.1479,-0.7217,-2.6698,-5.0304,1.0299,NA,-4.4019,2.1043,-3.4438,-0.7369,-0.8066,-0.4703,-1.9172,-2.74,0.05
"43",-1.8833,0.9889,-1.13,-4.8862,7.1,0.41,10.8603,11.9349,2.2149,10.7904,NA,-0.4527,15.02,4.28,1.0467,9.3611,-1.1375,-4.8176,0.56,50.0774,2.5,-0.3113,15.4182,1.4001,NA,0.83,-2.2319,0.4933,-0.0642,-0.6,1.55,1.5152,5.5334,1.0264,3.5891,0.9237,-1.7305,3.4045,-1.76,1.0691,4.8628,-0.2784,-0.5539,-2.0331,4.3002,1.7396,4.6331,1.1864,2.4992,1.13,NA,-1.08,NA,0.7153,0.0308,0.5213,0.7581,1.75,1.2093,-1.7588,-0.0096,0.8433,1.29,-0.2641,0.0476,1.3219,-0.5456,-2.9996,-4.26,0.5746,3.5852,-0.4997,19.1024,0.2637,NA,-0.35,0.5299,-1.2512,6.4,0.9469,8.8917,3.2068,1.4771,-2.1674,-0.3932,-0.6714,2.1201,NA,6.2955,1.3039,1.5049,-0.9621,6.1282,-2.2134,1.1263,-0.21,-1.17
"44",-0.9507,-1.1791,0.08,-0.3055,-0.69,-0.0799,0.8713,4.2118,1.0835,7.3501,NA,-1.0391,15.55,-2.61,0.8839,-2.71,-1.739,-2.723,-0.6,-1.7105,0.44,1.322,3.2688,-2.7802,-2.3336,-1.91,-1.0685,0.2397,0.012,9.78,-4.76,0.9814,4.1652,4.9925,-0.2333,-1.3815,-0.2835,6.4375,-3.79,1.0079,3.639,1.769,3.7727,-5.2435,1.4,-1.0297,NA,1.934,0.379,0.87,NA,-2.81,NA,0.4369,0.284,1.8461,1.7345,0.34,0.6883,-0.354,2.1695,2.6654,3.15,-1.0802,-0.1564,0.859,1.7239,-1.8305,-3.77,0.1892,0.4445,-0.95,24.3602,-2.8709,-4.46,-15.5401,-3.34,-2.6428,-1,1.2806,4.7249,-1.7383,3.2751,2.9742,-1.5012,-2.7107,-1.67,NA,1.5663,0.364,0.341,0.1842,1.2511,-1.8481,0.5317,-0.25,-4.01
"45",3.3289,-0.5258,-1.48,2.0129,2.41,0.5601,2.4034,6.9704,-1.5866,2.1095,NA,0.9675,-0.65,-0.23,2.3356,3.9825,1.6114,3.4843,2.37,-0.253,1.85,2.0136,0.0278,4.2603,-4.9759,-0.68,2.3725,1.7113,0.4975,3.66,2.07,-1.7277,2.8745,-2.0642,0.3128,1.5275,0.8605,2.2483,0.66,1.0619,1.6086,0.7221,4.1404,-6.7917,4.9,1.2903,-6.2302,-0.6324,1.1164,-0.33,NA,-0.95,NA,0.7849,2.0491,1.5719,-1.9707,-3.55,1.2337,0.2386,NA,-1.0385,1.11,0.9511,-0.3041,4.3376,3.652,-0.4126,5.34,0.1888,-0.6967,-1.79,-3.754,8.1121,1.1,4.7599,0.81,2.5842,2,1.1591,-0.7504,0.2556,0.3524,-0.3579,0.7868,1.7932,0.7401,NA,-1.5181,0.1901,4.6838,-1.3848,1.4111,-0.2073,1.0793,-0.38,1.23
"46",-2.6987,0.1137,-1.59,3.9207,0.67,-0.23,2.85,-2.7921,-0.1218,0.4901,NA,0.5303,3.85,-2.32,-2.4963,3.1928,-0.4882,-4.8528,-2.51,-1.4416,-0.28,-3.0312,-5.9806,1.1198,1.7126,-1.78,-0.0817,-3.7514,-0.7095,-1.93,-2.35,1.6276,4.9764,-0.1736,3.3702,-0.1381,-3.6724,-1.9839,4.11,1.0594,0.0174,-0.9687,-0.8793,-4.9941,6.1,3.7567,7.9723,3.7936,1.2967,-0.31,NA,2.6699,NA,-0.3572,-1.5071,0.4764,-0.4566,9.66,-1.6287,0.1813,1.5478,0.6379,0.21,-3.2831,-1.5152,2.106,7.0622,-1.8086,2.34,0.1884,1.5621,2.2843,0.5115,0.8255,5.2601,15.35,0.1398,-2.4686,-5.4,0.773,-5.0069,0.7751,-1.9663,-0.4925,-1.6202,-3.0336,-0.7698,NA,-1.2112,0.902,-2.7147,-3.444,-2.7938,-8.8281,-5.1831,1.25,-1.58
"47",0.5809,-0.2728,4.17,0.9774,0.31,0.3901,5.1885,3.9834,0.6241,-0.1998,NA,1.862,0.34,-3.1,0.5269,0.9485,1.6655,1.9504,1.86,0.1507,1.13,1.6824,7.23,0.76,3.1878,1.94,0.6373,4.2629,0.1239,-0.8,0.83,1.0204,6.0559,5.2667,1.1135,2.4134,0.2773,0.6173,0.49,1.022,4.0865,0.9241,1.9673,-3.7203,1.4,0.3091,-0.0114,0.5596,-0.3452,0.15,NA,-0.64,NA,0.8541,0.7782,0.5723,0.9345,-1.83,1.0498,0.5242,2.0725,3.3531,-6.27,-0.3855,0.3376,1.4684,NA,1.8744,1.73,0.6119,3.8015,0.586,0.4522,7.2391,0.7003,4.4701,1.3301,-0.231,NA,0.7235,2.6597,-0.3929,1.6476,3.2024,0.7236,1.6709,1.2099,NA,NA,0.4799,3.8114,2.453,3.6121,1.6993,0.6264,-1.44,-0.5
"48",0.5294,-0.6066,6.04,-6.8064,0.52,1.03,2.8241,6.1928,0.1212,3.4901,NA,-2.0927,0.6004,-2.57,0.7752,2.6967,-0.2392,0.7451,0.62,0.2507,-0.02,1.0316,5.0785,2.8102,-1.7709,0.62,-0.8514,-0.1732,0.1362,4.2399,-2.38,0.4348,-0.3774,37.3853,0.7941,2.1338,2.02,1.784,-3.89,0.9948,-0.9738,0.0581,5.4297,-7.7033,-3.6,1.1049,0.8268,-2.4443,0.282,1.02,NA,-0.6,NA,0.5901,1.1582,0.9699,-1.7141,-4.03,1.4374,0.8614,1.1106,0.2868,-0.19,-0.0429,0.5845,-0.7727,2.0401,-3.3986,-2.46,0.6083,-1.5551,-2.5736,-0.8654,1.1028,-1.1897,-8.93,2.5298,-3.1538,2.4389,0.7561,3.5836,-4.6012,-3.8055,2.8593,0.2031,0.5105,-3.08,NA,7.4675,0.2955,-1.1734,1.0051,2.8884,1.3628,-1.4674,-2.48,0.48
"49",0.1968,-1.964,1.12,2.875,0.89,1.19,1.998,-1.06,0.4344,2.7797,NA,-1.4727,4.5,-5.36,1.1837,1.0171,-1.6839,-3.5969,0.8,-1.1004,1.45,-0.2325,-0.319,3.7197,-0.5863,-0.54,0.2092,1.2081,1.4531,1.42,0.35,-0.6194,0.5712,93.5254,-0.1687,-0.8176,1.6111,1.4482,2.05,1.069,0.9403,-0.283,2.605,-2.7799,-1.6,-0.1802,0.6841,0.418,0.6328,0.36,NA,-0.1099,NA,-0.2033,0.3142,1.3244,-2.4945,-1.29,0.0487,0.5103,-1.3074,-1.1145,0.0337,-0.5489,1.4635,-0.6958,2.1659,0.2695,1.52,0.6045,0.0274,0.082,2.9203,-0.5583,-0.1196,-3.33,-0.63,1.4016,2.5611,1.1686,2.136,2.9955,3.2234,-1.612,0.7681,1.6595,0.4302,NA,-1.9014,0.6274,1.8384,-1.0784,0.4488,-1.0867,2.2264,1.15,-1.24
"50",3.0531,-0.3724,-0.34,0.5093,0.55,-0.32,-2.7456,-1.0407,-0.9146,2.7797,NA,-2.1374,-4.3,-0.2981,2.0533,-0.0303,0.6855,0.2949,-0.16,-1.1063,1.24,-0.385,3.0792,0.01,0.206,1.2,1.1169,3.5488,1.4728,-2.7,-6.41,0.2279,-5.5108,-10.3629,-1.2693,-0.6196,0.5335,0.8459,3.43,1.0297,0.192,0.0161,-0.8611,-9.3856,-9.4,3.7832,NA,0.1803,0.1787,-1.23,NA,2.48,NA,0.083,2.5574,1.5947,-0.5272,-0.7901,0.0674,0.3812,1.4983,1.3565,0.002,-1.2775,-1.0151,-0.1262,-4.4357,0.1069,-1.72,-0.0384,3.2837,0.229,-1.9276,-2.5799,1.3904,-8.06,3.28,4.5769,-1.0432,0.6517,-0.0089,0.3032,-5.181,-2.2109,-2.1853,-4.1751,-0.78,NA,0.7048,0.4319,-2.2866,2.7522,0.4398,4.8692,-0.3458,-4.26,1.19
"51",-0.852,0.2218,1.55,-0.1513,0.76,0.8701,-4.5279,-1.9384,-1.2021,5.1504,NA,1.2368,7.2994,1.1144,-0.2046,1.5958,-1.6888,-3.7263,2.03,-0.7991,0.69,-1.1494,0.4436,-0.01,1.2086,6.33,2.5308,6.2117,-3.2667,4.2303,-2.79,3.3902,4.8704,-1.0102,0.4763,-2.9385,-0.7296,1.721,1.1,NA,2.4356,0.7063,-1.486,-5.1002,-9.9,-0.824,1.6335,2.2964,1.236,1.23,NA,5.66,NA,1.1586,1.978,1.9209,-1.0922,-2.2101,1.2763,-0.4844,-1.8406,-1.2399,0.0326,0.0142,0.1636,2.4347,-5.0171,1.0761,-0.64,-0.0385,-1.5799,0.5133,-2.8465,-6.6755,-0.0479,-0.95,0.07,-0.5965,2.1545,0.9107,0.9832,-0.2861,2.6198,-1.907,-3.1253,-6.3391,4.41,0.7002,0.7582,-0.5284,1.2085,1.6551,-0.5482,5.5131,-0.4578,10.21,1.19
"52",0.0953,-0.8542,-1.03,-4.9502,0.14,-0.1401,-2.9871,-5.1626,-0.8546,-0.14,NA,-0.1858,-0.7998,0.8734,-2.7573,-2.9519,-6.4458,-3.5971,-2.47,-1.2502,1.28,2.5417,3.3387,-0.84,2.5979,2.64,3.0799,1.4951,-1.3002,2.2802,0.31,1.4811,2.4034,-11.3905,1.2086,0.3504,0.6013,2.2756,1.02,2.0075,0.6391,0.8222,0.1888,-7.4555,6.5,1.9707,-1.1863,-1.2717,0.6324,0.25,NA,2.79,NA,0.5268,0.2145,0.6165,-1.0479,2.5102,0.2645,0.4786,0.2633,1.6939,1e-04,-0.9005,-0.8925,0.1831,1.3295,-0.3738,-3.37,-0.0385,-0.3739,-0.4093,4.1484,-4.3439,4.3196,-0.92,-1.5,-1.2354,1.9229,0.2452,5.6736,-1.5172,-1.7505,-0.7807,-0.6162,-1.1668,1.01,0.2084,5.4758,-0.4879,0.7454,0.3951,2.5517,5.1073,0.0742,2.66,2.66
"53",0.6565,-0.3059,6.84,0.279,0.7,0.0902,5.8595,NA,2.7394,-0.3104,NA,1.8861,1.4001,-1.0989,3.4383,0.4562,0.0958,-3.2788,1.9101,-2.1404,2.08,2.6493,2.0631,1.9802,-3.7102,-3.37,-2.9435,4.6658,-0.1529,3.2303,-1.38,0.9432,-4.7677,-52.9787,2.6239,-1.6232,2.0441,1.0775,-0.62,0.98,0.2142,-0.2848,2.4881,-5.6631,9.8001,2.6197,-0.615,0.7678,0.2301,0.82,NA,-1.25,NA,0.5844,-0.2505,1.2115,-0.1177,-3.99,2.1727,1.5913,0.9956,-0.1078,-0.0129,-0.5697,0.3236,-1.1524,0.6028,0.6607,-0.33,0.6369,2.5231,-1.4457,-11.456,9.8063,-1.6098,-7.4598,-0.64,0.3553,4.8394,0.3955,0.8711,3.1293,-0.7424,2.9235,0.3647,0.8449,0.8199,-2.4614,1.4378,1.2233,-0.3624,-0.5454,1.6329,-4.7711,-0.8153,0.92,-2.83
"54",-2.6565,-0.3751,-0.14,-2.7785,-0.21,-0.2101,2.7554,-0.0517,-1.1305,-5.6902,NA,3.0164,-4.6,-0.3762,-2.4669,-0.3721,-0.4764,-2.5821,0.2102,0.0667,1.31,0.5279,2.5606,0.2299,0.9497,-1.09,3.5039,3.4146,1.198,-3.48,NA,-0.4672,1.3805,46.2623,2.7978,-2.371,-1.3596,1.5806,-0.96,1.0685,0.0679,0.7471,1.4869,-4.9558,1.6998,3.6034,-0.6551,0.2251,1.32,0.58,NA,-2.98,NA,-0.2018,0.7932,-0.9669,-0.3951,-0.8399,-1.9876,-0.0145,-0.3666,1.0888,-0.0128,-1.0733,-0.5754,-1.5887,0.564,-3.282,-0.93,0.6329,1.4229,-1.559,7.7847,0.785,3.5199,12.93,2.08,-1.3681,0.5302,1.3114,-0.2989,0.2304,0.1496,2.9167,-0.244,-0.394,0.3302,4.4696,1.3417,0.2369,2.3488,-0.107,1.3206,-0.6389,0.0224,2.58,0.11
"55",4.4047,-1.2974,0.99,-1.7979,1.5,0.24,4.8278,2.9543,0.7264,-2.4297,NA,-0.4567,-1.4,0.9237,1.9425,-1.2277,-1.44,-0.3836,1.53,-1.3128,1.37,1.6143,0.1416,0.8902,-1.2171,-1.45,2.0227,-0.2795,0.0427,-0.2999,NA,-1.96,NA,-0.2543,NA,0.4162,-0.5572,2.3499,NA,0.9571,1.686,-0.1123,0.5411,-4.3664,-2,2.5642,-0.8014,-0.7919,-0.19,0.43,NA,-3.1002,NA,-0.1523,0.6201,2.7128,-0.0033,-0.6899,1.6579,-0.6599,0.2418,-0.456,-0.0072,0.1789,1.5528,-2.6807,2.9793,1.0809,-0.52,0.6289,-5.6501,-1.34,12.4935,2.6637,2.4403,-3.13,0.48,2.3194,-1.654,-0.2047,-0.633,-0.936,1.4937,1.0866,0.6193,1.279,1.2197,0.2291,1.4841,0.1919,2.4356,0.7495,1.8024,-3.6125,0.762,0.83,0.61
"56",-1.9443,-0.6034,2.39,-1.9904,0.81,0.1401,4.2428,7.1829,1.3851,-7.9201,NA,1.2163,-6,-0.7752,-0.7149,-4.2655,-0.869,-1.8366,0.2099,-0.628,1.5102,2.9572,2.036,1.0498,-2.1772,0.19,1.3573,-1.697,-0.6473,-2.54,NA,-1.074,NA,-28.7671,-0.0865,-2.0032,-0.1106,2.5002,NA,0.8334,-0.3364,-0.0483,-0.5929,-3.6751,6.9,0.35,NA,0.0716,-0.11,0.18,-0.8201,0.4,NA,0.0996,0.586,2.408,-0.3277,-2.76,0.5612,-0.0102,NA,NA,NA,1.0285,-0.1774,-0.0344,-0.6127,-0.4891,1.95,0.0565,5.5028,-1.7152,3.7012,-1.1561,3.7502,0.6301,3.36,3.9625,1.3089,0.5691,2.8665,2.5217,-3.3848,2.5994,0.4552,1.2742,-0.1399,-1.5588,1.3046,0.779,1.7128,-0.1507,2.3381,-1.0972,1.127,1.84,1.74
"57",1.0595,NA,0.8,-3.1332,-0.374,0.9099,5.3326,-1.7323,1.2606,-6.82,NA,1.092,-4.6,-3.6542,-0.4024,-2.7292,-0.6245,1.8651,-1.7802,-0.1019,0.79,1.6732,1.4392,1.5999,-6.5414,-8.63,-3.0692,2.0718,0.9652,-3.9,NA,-0.5036,NA,-44.825,4.7367,-2.2548,0.1624,2.1168,NA,0.8649,-1.6931,0.392,1.0728,-3.2218,2.1998,-0.966,NA,-0.4193,-0.24,0.04,4.9155,-1.8,12.84,0.3083,0.7508,0.522,-1.1052,-1.4001,0.9011,-0.1652,3.1594,0.4191,NA,0.3529,1.7369,-2.6211,5.2397,-1.2995,-2.96,0.0565,1.0929,-0.9139,11.079,1.9338,6.2703,NA,-0.11,-2.6816,-1.3229,0.3721,2.1429,-1.5272,-0.1523,0.419,-1.3181,-2.3104,0.0198,1.5015,4.8915,-0.0619,-2.025,-1.7891,5.1398,-3.4079,0.6159,-1.87,-1.09
"58",1.9912,NA,3.2502,-2.0745,0.068,-1e-04,4.586,-0.6274,1.66,-4.2203,-6.94,0.1418,-7,-0.0401,-0.2339,-4.7151,-1.6532,-1.8609,0.7498,-1.2176,0.25,-1.1794,1.3691,0.18,-0.1494,0.03,-4.8788,0.6555,-0.6401,-2.34,NA,-0.5587,NA,0.178,-1.6177,2.5341,1.2232,2.0391,NA,0.8202,0.0044,-0.795,-1.7371,-2.3431,4.9998,-0.7777,NA,-0.2321,0.3899,0.52,5.701,-1,7.921,0.7534,2.4857,1.0196,-0.9246,-3.1799,0.7109,1.2094,-1.2019,0.0582,NA,-2.2691,-1.0508,-1.3667,6.7035,1.4769,0.03,0.0564,1.2834,0.5007,-1.6295,3.3803,-3.4197,NA,-2.57,-0.3798,1.3743,-0.0457,-2.8877,1.0402,1.6781,2.0877,0.3496,0.8433,0.1001,1.3584,-2.703,0.5259,-0.1329,-0.4513,-0.4436,0.781,-4.7657,1.71,0.03
"59",0.1686,NA,1.4499,1.7859,0.6814,0.19,3.7938,2.0966,1.0501,-4.5697,-15.0763,1.541,4.9,-3.2519,1.5851,-3.6628,-0.2349,-1.7933,-0.75,3.8356,0.54,1.9983,0.7524,0.1699,0.1725,2.05,3.944,3.1723,-0.2594,NA,NA,-0.4098,NA,49.4493,-1.041,-1.455,1.6816,0.3399,NA,0.8838,-0.7665,0.4475,-2.647,NA,4.2001,1.4215,NA,0.5641,-0.38,0.07,1.3256,1.0997,2.5718,0.5336,2.7855,-0.9594,0.3889,-0.6498,-0.3222,0.3298,NA,-0.5336,NA,-0.389,-1.8542,-3.1277,-2.2873,1.6633,1.52,-0.0781,4.1661,0.1718,1.3067,6.0318,-0.9302,NA,-0.05,-0.2631,7.1448,-0.376,3.1871,-1.2578,-1.5754,2.4728,1.2479,2.6836,0.4701,2.3399,0.4477,0.4734,-0.5017,NA,3.2424,0.1823,-0.3749,3.12,-0.97
"60",1.2756,NA,2.3198,2.819,-0.622,1e-04,1.5991,-6.3554,0.3701,-6.0296,66.198,-0.2348,-7,1.8119,-2.8087,-0.3993,0.897,-0.9093,-0.6202,-1.2003,1.4098,-0.3537,-0.634,NA,NA,-3.85,-0.7518,3.2796,0.5007,NA,NA,-1.666,NA,-32.2887,NA,-0.3458,NA,0.8204,NA,0.8341,-0.6692,-0.0835,-5.4317,NA,4,-0.2537,NA,1.5507,-0.55,-0.22,-1.3982,-1.3996,3.5305,-0.3514,0.3418,-0.0552,1.109,-1.49,-0.2204,-0.77,NA,-0.1268,NA,0.5957,1.4302,1.0863,-5.3371,2.2988,1.66,-0.0781,-2.8872,0.5352,-6.3356,2.0519,2.4798,NA,2.07,3.3079,-0.7836,-0.1632,-0.0398,0.8691,-2.439,4.4674,-0.077,-0.1407,0.8401,-4.4592,-2.9379,0.4579,-0.0543,NA,-0.6153,6.6703,-0.7373,-0.93,-1.33
"61",1.7684,NA,-1.6099,-0.5227,0.737,-0.09,0.636,2.8532,0.5603,9.9095,-16.4263,1.2067,7.4,1.4952,0.2941,-1.8325,-1.7136,-2.4363,2.6899,-2.8662,0.3499,1.8751,2.1882,NA,NA,1.7101,NA,2.8271,-1.7376,NA,NA,-1.026,NA,7.5636,NA,-0.0201,1.6395,2.6356,NA,0.7381,4.1068,-0.3315,3.2197,NA,2.8,0.354,NA,0.8326,-0.29,-0.92,1.4678,1.1003,3.2856,0.6942,-0.1609,0.3111,-0.0409,-0.2,0.5676,1.849,0.1681,-0.0977,NA,-0.7599,-0.1976,1.1745,2.8025,0.3599,1.96,-0.0782,8.6235,1.0027,9.9444,1.489,-2.64,NA,NA,-1.3718,2.2732,0.1992,4.8817,-0.7341,-0.625,0.3332,-0.8171,-1.4754,2.0598,5.8562,-0.8663,0.8243,0.5899,NA,2.3708,6.7053,0.325,5.69,1.61
"62",-2.1657,NA,4.1002,4.9111,1.023,-0.2599,6.0593,2.8858,-0.1402,0.9805,3.716,1.758,0.4,0.7923,-0.07,3.6292,-0.6456,-1.9584,-2.7202,-0.7532,0.7999,1.8406,0.4023,NA,NA,-0.93,NA,2.6957,0.0776,NA,NA,1.9164,NA,-8.3207,NA,-0.0518,1.0213,1.0947,NA,0.9229,2.7839,-1.1647,-3.1995,NA,1.5001,-1.0825,NA,1.0826,NA,0.78,-1.7326,3.4,2.0297,1.1934,2.0259,1.404,0.0494,NA,-0.3133,0.3517,NA,1.9453,NA,1.156,0.64,-3.9678,-2.245,-2.741,3.7,NA,-3.9348,4.0001,2.5711,-0.1522,3.5802,NA,NA,5.5833,1.4628,-1.8967,1.7844,2.5894,-2.5157,-0.0964,0.798,1.7947,1.0102,-0.9761,1.4951,-0.0813,3.9506,NA,1.3012,-1.639,-1.1492,2.29,-0.03
"63",0.5222,NA,-2.9601,-3.543,-0.156,0.35,1.1138,1.8247,NA,8.2496,63.8011,0.8114,1.7,-0.9323,0.0996,-2.3765,0.9195,2.8736,1.8698,-0.8912,1.1199,0,1.6868,NA,NA,1.82,NA,-0.1679,0.5446,NA,NA,-0.6558,NA,64.3366,NA,0.6677,0.9134,0.0582,NA,0.8969,0.6708,-1.1766,4.1556,NA,3,0.0027,NA,0.4153,NA,-0.73,0.4574,NA,5.9456,NA,NA,NA,-0.2666,NA,-0.3928,-0.6682,NA,-0.863,NA,-0.6598,0.3515,-0.6296,9.0412,2.1055,1.34,NA,-6.0626,NA,4.2891,3.0366,1.38,NA,NA,-2.8693,-2.724,-0.8939,-0.9325,1.2634,-1.9355,1.8871,0.3598,0.8982,1.7999,-3.6302,-3.1017,-0.3032,0.2746,NA,0.2744,0.2845,0.9987,1.32,0.75
"64",NA,NA,NA,-0.1112,0.601,NA,NA,NA,NA,NA,NA,1.2345,7.8,NA,0.6859,NA,-0.9168,-0.3371,NA,-1.384,1.5699,1.0528,-0.1383,NA,NA,NA,NA,NA,0.0371,NA,NA,0.3368,NA,NA,NA,NA,NA,1.1618,NA,NA,0.5784,-1.1599,NA,NA,NA,-0.4158,NA,-0.4501,NA,NA,NA,NA,NA,NA,NA,NA,-1.3165,NA,0.5879,NA,NA,0.8415,NA,-1.1905,0.0626,-2.5103,NA,NA,0.09,NA,NA,NA,NA,3.882,NA,NA,NA,1.4625,3.4957,-0.6975,3.1401,0.7184,0,NA,-0.0666,-0.2015,NA,NA,4.2073,NA,2.1171,NA,NA,NA,0.6952,NA,NA
