,p.zoo,c.zoo,m.zoo,s.zoo
7/16/2010,-1.584222003,-1.708058901,-2.235892645,-2.152310776
7/20/2010,-1.236364239,1.641288609,-0.925471793,-0.492497732
7/21/2010,-0.533720465,-0.96767682,-0.220450049,-0.72668321
7/22/2010,-0.045852319,-0.227294738,-0.519317962,1.364075858
7/23/2010,1.432206733,1.006675397,1.70303319,0.655088956
7/26/2010,0.27314606,-1.196842702,0.545877935,-0.300846235
7/27/2010,0.350353636,2.029107795,-0.097837571,1.636994603
7/28/2010,1.762370055,-0.89716424,2.024890943,-0.141425578
7/29/2010,0.864539149,-1.408380439,-0.496328123,-0.509754675
7/30/2010,-0.418382614,-0.685626503,-1.300972505,0.30748389
8/2/2010,-0.120916626,0.019499289,0.224020182,1.837752113
8/3/2010,1.006642958,-1.478893018,0.944368486,-0.862252914
8/4/2010,-2.180948346,0.953790962,-1.661146657,0.21340804
8/5/2010,1.338700333,-0.950048675,1.281552799,0.90330633
8/6/2010,0.178692633,-0.667998358,-0.13615397,-1.064292594
8/9/2010,-0.343866586,0.848022094,-0.59595076,0.409612544
8/10/2010,-0.270696333,-1.055817543,-0.212786769,-2.25912327
8/11/2010,-1.85287845,-0.280179173,-2.113280167,-1.029582458
8/12/2010,0.03225244,1.1653287,-0.703236678,0.169323682
8/13/2010,0.500183187,0.583599922,0.2929897,-0.153861305
8/16/2010,-0.431640984,-1.813827769,-0.511654682,0.03532398
8/17/2010,-0.356875739,0.372062184,-0.335399246,1.143241941
8/18/2010,1.362575368,-0.174410304,0.614847453,1.621405788
8/19/2010,1.47606901,-0.174410304,0.967358326,-0.859708202
8/20/2010,-1.227342566,0.442574764,-1.54619746,-1.354180447
8/23/2010,-0.348402345,-0.985304964,-0.565297641,-1.397041513
8/24/2010,-1.415601453,-2.642350575,-1.06341083,-1.413827454
8/25/2010,-0.828345375,1.394494582,-1.316299065,-0.198475539
8/26/2010,0.27214919,-0.297807318,0.484571696,1.417488647
8/27/2010,1.533987153,1.588404175,0.683816972,0.872939868
8/30/2010,0.183826514,-1.302611571,1.304542638,-1.041213559
8/31/2010,-0.960430641,-0.914792385,-2.764658953,0.382458045
9/1/2010,0.187066341,0.477831053,0.852409128,2.306489404
9/2/2010,1.422387564,-0.368319897,1.120623922,0.718281551
9/3/2010,0.179340599,0.037127433,0.392612338,1.79856093
9/6/2010,1.000362677,-0.244922883,1.526777754,0.321057869
9/7/2010,-0.924144575,-0.826651661,-0.664920279,-1.652193064
9/8/2010,-1.163443203,0.072383723,-1.714789616,1.009392698
9/9/2010,0.335201213,-0.244922883,0.584194334,0.422780939
9/10/2010,0.483585303,0.742253225,1.143613762,0.616676232
9/13/2010,0.927092737,-0.950048675,0.637837293,1.079840013
9/14/2010,-0.192691261,-1.443636729,-0.228113328,1.349304752
9/15/2010,1.794768328,5.713390056,1.749012869,1.339322153
9/16/2010,0.806172414,0.019499289,-0.097837571,-0.046780603
9/17/2010,0.233370949,0.125268157,0.898388807,0.259101651
9/21/2010,-0.392962431,-1.267355281,-0.235776608,0.266415245
9/22/2010,-0.814837787,-1.249727136,-0.327735966,0.872181033
9/24/2010,-0.329860564,-0.385948042,-0.802859316,-0.602227814
9/27/2010,1.168086044,0.142896302,1.021001285,1.217627346
9/28/2010,0.651258826,-0.914792385,-0.902481954,-0.575753649
9/29/2010,1.2603962,-0.385948042,0.469245137,1.073141336
9/30/2010,-1.050747057,-0.385948042,-1.569187299,0.966394258
10/4/2010,0.289095979,0.266293316,-0.235776608,0.744415549
10/5/2010,-0.045852319,-0.333063607,1.082307523,-0.186693979
10/6/2010,-1.243691233,-0.650370213,1.342859038,-0.840305589
10/7/2010,0.636006716,-1.143958267,-0.097837571,0.016503577
10/8/2010,-0.11314104,-1.055817543,-0.802859316,-0.64247875
10/12/2010,-0.92150287,-0.791395372,-1.645820098,1.157522422
10/13/2010,0.913983897,0.160524447,0.078417865,0.162199797
10/14/2010,0.761313267,-0.738510937,1.419491836,0.914695389
10/15/2010,0.020339844,-0.103897725,-0.710899958,-0.285636837
10/18/2010,-0.442506866,-0.421204331,-0.059521172,-1.387778498
10/19/2010,-0.17913383,0.654112501,0.285326421,0.102958373
10/20/2010,-0.379903435,-1.108701978,-1.308635785,-0.168619327
10/21/2010,-0.785779029,0.495459198,-0.082511012,0.177415735
10/22/2010,0.090718862,0.072383723,0.369622499,0.771903674
10/25/2010,0.022233897,-1.267355281,-0.251103168,1.563243742
10/26/2010,-0.521857713,1.323982003,-0.235776608,0.015522325
10/27/2010,0.228785348,0.654112501,0.032438186,-0.34261484
10/28/2010,0.090718862,-1.584661887,-0.212786769,-1.366845134
10/29/2010,-1.543898614,-1.408380439,-1.385268583,0.636916179
11/1/2010,-1.169075518,0.213408881,-0.442685164,0.481342027
11/2/2010,-0.045852319,0.231037026,0.001785067,1.484737081
11/4/2010,1.893308921,-0.720882792,1.618737112,0.48677816
11/5/2010,2.926763983,1.077187976,2.14750342,1.882215889
11/8/2010,0.932774896,-0.209666594,0.806429449,1.168512438
11/9/2010,-0.301798675,1.077187976,-0.343062526,-0.615193417
11/10/2010,0.91886856,1.235841279,1.028664564,0.153041449
11/11/2010,0.017249547,0.424946619,0.193367063,0.870669905
11/12/2010,-1.180090931,0.054755578,-1.109390509,-0.552275572
11/15/2010,0.727918124,1.112444266,0.76811305,0.245743547
11/16/2010,-0.172853549,0.424946619,-0.281756287,0.073815205
11/17/2010,0.654398966,-0.262551028,0.070754585,0.18184445
11/18/2010,0.330814985,0.689368791,1.534441033,0.385277507
11/19/2010,0.078756422,0.037127433,0.024774906,-0.283151
11/22/2010,0.078457361,-0.49171691,0.668490412,0.236519783
11/24/2010,-1.099743214,0.777509515,-0.687910118,-1.38200874
11/25/2010,0.58745915,0.090011868,0.338969379,0.155684286
11/26/2010,-0.796296006,1.024303542,-0.350725806,0.708783037
11/29/2010,0.716105215,0.301549605,0.614847453,0.182138826
11/30/2010,-0.796296006,-1.232098991,-1.477227941,0.185062956
12/1/2010,0.906557216,1.024303542,0.346632659,0.141286056
12/2/2010,1.511756954,-0.809023516,1.342859038,1.722370023
12/3/2010,-0.227083274,-2.748119443,0.032438186,0.603736795
12/6/2010,-0.106511855,0.248665171,-0.128490691,-0.42795101
12/7/2010,-0.835074247,1.729429333,-0.243439888,0.611397098
12/8/2010,0.385941893,1.13007241,0.645500573,-0.153521137
12/9/2010,0.565727386,-0.615113924,0.354295939,-0.445149078
12/10/2010,-0.710415661,0.372062184,-0.59595076,-0.54859915
12/13/2010,-0.474506391,-1.214470847,0.568867774,0.048917584
12/14/2010,0.077659866,0.530715488,0.124397544,0.653747912
12/15/2010,-0.107458881,1.182956845,-0.097837571,-0.187694856
12/16/2010,-0.107558568,-0.720882792,-0.036531333,-0.51855323
12/17/2010,-0.787025116,0.107640013,-0.097837571,-0.160828191
12/20/2010,-0.422021189,-0.474088765,-0.695573398,-0.001885076
12/21/2010,0.396359184,-0.068641435,1.112960643,0.081979217
12/22/2010,-0.108455751,-0.403576186,-0.220450049,0.153218074
12/24/2010,-0.672833665,-0.103897725,-0.542307802,-0.278918535
12/28/2010,-0.675973805,-0.950048675,-0.511654682,-0.335922705
12/29/2010,0.209446071,-1.655174466,0.338969379,0.958740497
12/30/2010,-0.807809854,-0.227294738,-0.902481954,0.601551875
1/4/2011,2.0820164,0.618856211,1.22024656,1.66995811
1/5/2011,0.448894229,2.557952138,-0.17447037,-0.413068696
1/6/2011,0.627732696,0.142896302,1.059317684,0.123113279
1/7/2011,2.129118504,-0.421204331,0.040101466,-0.011547133
1/11/2011,-0.393211648,1.094816121,-0.266429728,-1.002035458
1/12/2011,-0.162436258,-0.544601345,-0.028868053,-0.1720995
1/13/2011,0.246330258,-0.438832476,0.515224816,0.861910601
1/14/2011,-0.742963465,0.090011868,-0.703236678,-0.405794351
1/17/2011,-0.576087438,-0.438832476,-0.013541493,-0.325312105
1/18/2011,0.370988844,-0.297807318,0.070754585,0.388816554
1/19/2011,0.249420555,-1.179214557,0.231683462,-0.315519216
1/20/2011,-0.867771581,2.099620374,-0.910145234,-1.634792204
1/21/2011,-0.702490545,-0.96767682,-1.239666266,-0.530472164
1/24/2011,0.317108024,-0.12152587,0.484571696,1.154029166
1/25/2011,0.914980767,-0.632742069,0.837082569,0.492704919
1/26/2011,-0.693917464,-0.209666594,-0.503991402,0.796958294
1/27/2011,0.431698223,1.57077603,0.522888095,-1.704369476
1/28/2011,0.308883847,-1.725687045,-0.910145234,-1.056645374
1/31/2011,-1.161299933,-0.209666594,-0.948461633,-0.873648515
2/1/2011,0.374527732,-1.514149308,0.231683462,-0.079076859
2/2/2011,1.50243622,0.407318474,1.319869198,1.042284247
2/7/2011,-0.045852319,0.28392146,0.30831626,-0.419008538
2/8/2011,0.184125575,0.037127433,0.269999861,0.167433138
2/9/2011,1.213094721,-0.033385146,-0.17447037,-0.404374808
2/10/2011,-1.441270854,1.835198202,-0.128490691,-0.07420331
2/14/2011,0.643234023,-0.262551028,0.821756009,-0.127609557
2/15/2011,0.124064161,0.918534673,0.109070984,0.206912155
2/16/2011,-0.4974344,-0.227294738,0.392612338,-0.497803031
2/17/2011,0.523809005,-0.809023516,0.155050663,0.844234991
2/18/2011,-0.045852319,-0.315435462,0.001785067,0.273624172
2/21/2011,-0.49643753,-0.12152587,0.063091305,-0.100337308
2/22/2011,-1.06889009,-0.826651661,-1.408258423,-2.440537043
2/23/2011,-1.090322794,-0.579857634,-0.657256999,-0.275183238
2/24/2011,-0.579277422,-1.355496005,-0.956124913,-0.121964091
2/25/2011,0.313618979,-0.49171691,0.499898256,-1.199535215
2/28/2011,-0.224292038,0.178152592,0.660827132,0.084229554
3/1/2011,1.267374289,0.142896302,0.890725527,0.021436001
3/2/2011,-0.860095682,-0.015757001,-1.906371612,0.703974905
3/3/2011,-0.223245324,1.218213134,0.637837293,-0.360807242
3/4/2011,0.60684827,-0.315435462,0.737459931,-3.313870485
3/7/2011,-1.334406397,-0.209666594,-1.392931863,-4.701157284
3/8/2011,-0.647114421,0.883278383,0.101407705,3.05026494
3/9/2011,-0.350146867,0.107640013,0.423265458,-1.067923225
3/10/2011,0.076613152,0.477831053,-1.163033468,-0.149131673
3/11/2011,-1.145350014,-2.448440982,-1.362278744,1.706185915
3/14/2011,-4.792847262,-0.49171691,-4.78010155,-2.088863055
3/15/2011,-1.702699995,-1.990109217,-8.128954837,-1.838990637
3/16/2011,3.024756297,-2.501325416,4.308548333,0.534015607
3/17/2011,-0.58396271,-1.584661887,-1.147706908,-0.163451403
3/18/2011,-0.589844243,3.739037839,2.040217502,-0.873334514
3/22/2011,-0.114586501,-0.156782159,3.296995395,0.721886015
3/23/2011,-1.491612786,-0.139154014,-1.308635785,-0.756938464
3/24/2011,-2.314678447,0.072383723,-0.15914381,0.177036319
3/25/2011,0.696965312,0.777509515,0.77577633,-0.688826529
3/28/2011,1.710732193,0.72462508,-0.503991402,0.452918443
3/29/2011,-0.116530398,1.676544899,-0.205123489,0.962044043
3/30/2011,1.865745468,0.848022094,1.978911264,0.932514916
3/31/2011,0.431449005,0.477831053,0.32364282,-0.336400247
4/1/2011,-0.653693762,1.940967071,-0.412032044,-0.406311144
4/4/2011,0.090868392,-0.033385146,0.040101466,1.047576464
4/6/2011,-0.254995632,1.253469424,-0.289419567,1.224797023
4/7/2011,0.51418921,-1.232098991,0.009448347,0.406518331
4/8/2011,-0.461198178,-0.350691752,1.373512157,-0.717151988
4/11/2011,-1.232625977,-0.368319897,-0.427358604,-0.106506109
4/12/2011,-0.117377737,-2.166390665,-1.339288904,0.657090709
4/13/2011,1.386450403,0.513087343,0.645500573,1.017262335
4/14/2011,0.719893321,-0.756139082,0.055428026,1.02555064
4/15/2011,-0.320091238,-0.809023516,-0.542307802,-1.422410133
4/18/2011,-0.597370611,-1.038189399,-0.320072686,-0.77490845
4/19/2011,-0.464138944,-0.174410304,-0.971451472,1.097888498
4/20/2011,0.938357367,-0.103897725,1.304542638,0.663403427
4/21/2011,1.539768999,-1.549405598,0.584194334,1.670402944
4/26/2011,0.085485294,-0.632742069,-0.940798353,-1.234762142
4/27/2011,1.067601554,1.288725713,1.021001285,-0.516257101
4/28/2011,-0.302097736,-1.355496005,1.204920001,1.299221677
5/6/2011,-1.174408773,1.20058499,-1.155370188,-0.772285237
5/9/2011,-0.687338122,-0.615113924,-0.549971081,0.591373027
5/11/2011,0.926394928,0.336805895,0.30831626,-0.127367515
5/12/2011,0.653501783,-0.280179173,-1.193686587,-0.929030348
5/13/2011,1.709635636,-0.333063607,-0.580624201,-0.422207418
5/16/2011,-1.257099134,-0.051013291,-0.764542917,-0.634118487
5/17/2011,0.326578288,1.341610148,0.024774906,0.539739574
5/18/2011,0.138967366,0.530715488,0.714470091,1.857534143
5/19/2011,-0.536910449,-0.192038449,-0.373715645,-1.106035032
5/20/2011,-1.595735851,0.160524447,-0.15148053,-0.139103283
5/23/2011,0.210094036,0.636484356,-1.209013147,-0.167834327
5/24/2011,-0.17315261,-0.156782159,0.086081145,0.039595695
5/25/2011,0.592343813,0.001871144,-0.481001563,-1.612347712
5/26/2011,0.521266986,-1.496521163,1.089970803,0.316217028
5/27/2011,-0.295069803,-1.091073833,-0.366052365,-0.125915263
5/30/2011,-0.171109027,0.266293316,-0.182133649,0.322575538
5/31/2011,1.20965552,1.235841279,1.480798075,-0.677417844
6/1/2011,-0.474506391,-1.267355281,0.162713943,-0.677967345
6/2/2011,-1.651710097,-0.139154014,-1.339288904,0.113974557
6/3/2011,-0.556399257,-1.249727136,-0.549971081,-1.108972245
6/7/2011,0.928936946,-0.051013291,0.469245137,-0.418092704
6/8/2011,-0.300801805,-0.474088765,0.009448347,0.054837801
6/9/2011,-0.045852319,1.006675397,0.101407705,-0.797948234
6/10/2011,0.915130298,-0.12152587,0.338969379,-0.531172124
6/13/2011,-0.611526164,-0.209666594,-0.580624201,-0.766149144
6/14/2011,1.225655282,0.513087343,0.76044977,1.030803605
6/15/2011,0.326129697,0.989047252,0.170377223,0.907643461
6/16/2011,-1.03041091,-0.756139082,-1.346952184,-0.85017698
6/17/2011,0.330814985,-1.302611571,-0.534644522,-0.280553954
6/20/2011,-0.357374174,0.407318474,-0.021204773,0.585851852
6/21/2011,1.521576123,-0.12152587,0.821756009,0.009477816
6/22/2011,0.440420835,0.142896302,1.327532478,0.649678989
6/23/2011,0.616318535,0.442574764,-0.304746127,-0.674689965
6/24/2011,0.251165078,-0.209666594,0.607184174,0.908820964
6/27/2011,0.013212224,0.971419107,-0.841175715,1.19836865
6/28/2011,-1.225598044,0.460202908,0.522888095,-0.580862699
6/29/2011,1.283324208,-0.773767227,1.135950482,1.311363028
6/30/2011,-0.340078481,-0.509345055,0.101407705,0.022489211
7/4/2011,0.481890624,-0.103897725,0.706806811,1.598594961
7/5/2011,-0.10387015,0.548343632,0.009448347,0.426516236
7/6/2011,1.057931916,-0.385948042,0.798766169,-0.546669356
7/7/2011,-0.841553901,0.706996935,-0.128490691,-0.281836123
7/8/2011,0.358428283,-1.355496005,0.461581857,0.95512295
7/11/2011,0.011417858,-0.861907951,-0.557634361,0.017556787
7/12/2011,-1.133138357,-2.272159534,-1.140043629,-1.175978638
7/13/2011,-0.747897971,-0.615113924,0.239346742,0.471581846
7/14/2011,0.310179778,0.31917775,-0.251103168,0.048021374
7/15/2011,0.071977707,-0.051013291,0.254673301,0.087748976
7/19/2011,-0.809953124,0.28392146,-0.695573398,0.183564912
7/20/2011,0.133235364,-0.93242053,0.852409128,-0.527724661
7/21/2011,0.489466836,-1.108701978,-0.013541493,-0.870364593
7/22/2011,0.778010838,0.513087343,0.890725527,-0.699162377
7/25/2011,-0.624734691,-0.597485779,-0.664920279,0.672849607
7/26/2011,0.715556937,-0.950048675,0.31597954,-0.267522935
7/27/2011,-0.968904036,0.195780737,-0.427358604,-0.770806819
7/28/2011,-1.103830381,-0.738510937,-1.155370188,0.013618697
7/29/2011,-0.526293784,-2.095878086,-0.572960921,-1.900698271
8/1/2011,0.621153354,1.006675397,0.982684885,-1.311417508
8/2/2011,-0.82370993,-0.174410304,-0.971451472,-1.361899626
8/3/2011,-1.443912559,-0.244922883,-1.661146657,-1.691763665
8/4/2011,-0.29601683,4.144485169,0.132060824,-1.220259246
8/5/2011,-1.554365748,-1.126330123,-2.89493471,-2.088980806
8/8/2011,-1.406978528,-1.443636729,-1.714789616,-0.408646522
8/9/2011,-1.04536396,-1.866712204,-1.331625624,-1.592814265
8/10/2011,0.090170583,-0.262551028,0.76044977,-1.669181797
8/11/2011,-1.809016173,-0.08626958,-0.526981242,-1.901483273
8/12/2011,-1.17067051,-0.333063607,-0.197460209,-3.578913051
8/15/2011,1.608403494,0.248665171,1.005674725,-1.154561188
8/16/2011,0.232623297,-0.103897725,0.132060824,1.031294232
8/17/2011,-0.807361263,-0.49171691,-0.465675003,-1.19007595
8/18/2011,-1.873663188,-0.08626958,-1.002104592,-0.156445267
8/19/2011,-2.23517807,-0.103897725,-1.967677851,-0.719075241
8/22/2011,-2.106781223,0.513087343,-0.841175715,-2.727533476
8/23/2011,1.46694765,-0.333063607,0.890725527,1.882032722
8/24/2011,-1.2822701,0.706996935,-0.864165555,-1.187668614
8/25/2011,3.440799964,1.059559831,1.135950482,1.888594023
8/26/2011,0.028215117,-1.901968493,0.178040503,-1.355096283
8/29/2011,-0.045852319,0.407318474,0.423265458,-1.27392716
8/30/2011,0.323886739,-0.244922883,0.844745848,-1.68390057
8/31/2011,1.275498779,-0.209666594,-0.036531333,0.553195802
9/1/2011,1.241355984,0.583599922,0.860072408,0.591523485
9/2/2011,-0.882375725,-0.333063607,-0.971451472,0.035618355
9/5/2011,-1.889264203,0.178152592,-1.469564661,-2.007811682
9/6/2011,-1.665566589,1.729429333,-1.737779456,0.907538795
9/7/2011,1.247785795,-0.950048675,1.496124634,1.050291259
9/8/2011,0.028314804,0.530715488,0.216356902,0.601820084
9/9/2011,-0.490207093,0.195780737,-0.526981242,0.864317938
9/12/2011,-1.540409569,-0.950048675,-1.814412254,-1.1731788
9/14/2011,-0.728658381,-0.809023516,-0.917808513,-0.068937261
9/15/2011,1.338700333,0.142896302,1.304542638,-1.304901999
9/16/2011,1.67549284,0.178152592,1.68004335,-1.658172155
9/20/2011,-1.782050841,-0.333063607,-1.277982666,2.222448485
9/21/2011,-0.270696333,-0.015757001,0.132060824,0.653492787
9/22/2011,-1.476410519,-0.544601345,-1.630493538,-1.324782153
9/26/2011,-1.828754198,-0.615113924,-1.707126336,-2.206770233
9/27/2011,2.205129837,1.006675397,2.116850301,0.789415742
9/28/2011,1.261791818,-0.49171691,0.009448347,1.044135542
9/30/2011,0.170867204,0.495459198,-0.051857892,0.107916965
10/3/2011,-0.54932148,-1.020561254,-1.408258423,-0.378423977
10/4/2011,-0.55445536,0.372062184,-0.848838995,-0.622964929
10/6/2011,2.075137997,-0.192038449,1.22790984,1.290756747
10/7/2011,1.04402558,-0.015757001,0.706806811,-0.495205986
10/11/2011,0.665165162,-0.103897725,1.450144955,-0.479348963
10/12/2011,0.725276419,1.376866437,-0.350725806,2.166046149
10/13/2011,0.16124741,-0.861907951,0.699143532,-0.226977624
10/14/2011,-0.870861877,0.706996935,-0.695573398,0.363297474
10/17/2011,1.002755165,-0.93242053,1.105297363,1.463228049
10/18/2011,-0.86747252,-0.051013291,-1.232002987,-2.099552154
10/19/2011,-0.533172187,-0.051013291,0.224020182,-0.064515087
10/20/2011,-0.889453502,-0.051013291,-0.833512435,1.32276517
10/21/2011,-0.403429565,-1.196842702,-0.074847732,1.411437596
10/24/2011,0.386340641,-0.474088765,1.411828556,1.979667244
10/25/2011,-0.545732748,-0.051013291,-0.749216357,-0.846415516
10/26/2011,-0.117975859,0.178152592,-0.16680709,-0.842169968
10/27/2011,2.049020005,-0.562229489,1.519114474,2.756510957
10/28/2011,0.231427053,-0.333063607,1.021001285,-0.198684873
10/31/2011,0.781450039,5.431339739,-0.572960921,-0.229142918
11/1/2011,-0.995271245,0.424946619,-1.346952184,0.597339035
11/2/2011,-1.428461075,-0.756139082,-1.737779456,-1.378345401
11/4/2011,2.371656959,0.372062184,1.381175437,1.109185974
11/7/2011,-0.859647091,-0.456460621,-0.343062526,0.384636424
11/8/2011,-0.735237723,-0.756139082,-1.017431151,-1.173832967
11/9/2011,0.932824739,0.178152592,0.837082569,-0.086599787
11/10/2011,-1.828405293,-0.421204331,-2.274209044,-2.989828538
11/11/2011,0.238554673,-1.055817543,0.078417865,0.063780273
11/14/2011,0.943939839,-0.333063607,0.76044977,0.674229901
11/15/2011,-0.600460908,-0.12152587,-0.59595076,-1.136028618
11/16/2011,-1.237610326,0.037127433,-0.749216357,-0.952043967
11/17/2011,-0.333150235,-0.209666594,0.101407705,0.289762489
11/18/2011,-1.273896392,-0.192038449,-0.986778032,0.447371101
11/21/2011,-1.527101356,-0.08626958,-0.289419567,-1.593887101
11/22/2011,0.87012162,0.142896302,-0.350725806,1.553666727
11/24/2011,-0.645469585,-0.474088765,-1.423584982,-0.409856732
11/25/2011,-0.121714121,1.359238293,-0.090174291,-1.69190104
11/28/2011,1.397764877,0.530715488,1.151277042,1.853439053
11/29/2011,1.283324208,-0.139154014,1.718359749,-0.599467226
11/30/2011,-0.261624817,-0.738510937,-0.435021884,-1.566490559
12/1/2011,0.748752706,0.142896302,1.434818396,1.509850578
12/2/2011,0.522961665,0.618856211,0.369622499,-0.960417313
12/5/2011,0.024427011,-0.421204331,0.415602178,0.114635266
12/6/2011,-0.818077614,-0.244922883,-1.109390509,-1.362468751
12/7/2011,0.595932545,-0.139154014,1.266226239,0.599726747
12/8/2011,-1.101836641,-0.12152587,-0.549971081,-1.311352092
12/9/2011,-0.477397314,-0.015757001,-1.178360028,0.149966862
12/12/2011,0.679669619,0.618856211,1.005674725,0.833186099
12/13/2011,-0.546430557,0.107640013,-0.940798353,-0.061767583
12/14/2011,-0.118075546,0.125268157,-0.343062526,-0.180126137
12/15/2011,-1.420336585,-0.509345055,-1.316299065,-0.368107753
12/16/2011,-0.194635157,-0.262551028,0.178040503,0.722134599
12/19/2011,0.998767685,0.618856211,-1.009767871,-0.527207868
12/20/2011,0.465741331,-0.385948042,0.3313061,1.215998468
12/21/2011,0.605203435,0.35443404,1.089970803,1.375576125
12/22/2011,-0.474307017,0.213408881,-0.63426716,0.42609757
12/28/2011,0.099890065,0.107640013,-0.197460209,-0.312732461
12/29/2011,0.390078903,-0.703254648,-0.266429728,-0.450683336
12/30/2011,-0.045852319,-1.690430756,0.469245137,-0.823042106
1/4/2012,0.458364494,-0.08626958,0.906052087,-0.0235184
1/5/2012,-0.61631114,0.883278383,-0.680246839,0.9225454
1/6/2012,-1.127854947,-0.368319897,-0.933135073,-0.376023182
1/10/2012,-0.119570851,-0.051013291,0.247010021,0.80442889
1/11/2012,0.249520242,-0.033385146,0.185703783,0.371330653
1/12/2012,-0.779947339,-0.244922883,-0.61127732,0.783103024
1/13/2012,1.220720776,0.442574764,0.998011445,2.284574786
1/16/2012,0.172113292,-0.474088765,-1.140043629,-0.411923902
1/17/2012,0.894594777,0.090011868,0.76044977,-0.014405845
1/18/2012,-0.613868808,-0.051013291,0.714470091,-0.636839825
1/19/2012,0.672342625,0.636484356,0.75278649,1.352726049
1/20/2012,1.15776844,-0.262551028,1.082307523,1.853497929
1/26/2012,-0.383093418,-0.773767227,-0.343062526,0.610599014
1/27/2012,-0.453273062,-1.74331519,-0.113164131,0.189112254
1/30/2012,-0.182772405,-0.844279806,-0.458011723,0.597731536
1/31/2012,-0.526443315,-0.209666594,0.040101466,0.186122707
2/1/2012,0.578038729,-0.192038449,0.017111626,1.369668991
2/2/2012,0.364957781,0.019499289,0.538214655,0.425567693
2/3/2012,-0.249562691,0.848022094,-0.435021884,-0.035012126
2/6/2012,1.590609366,-0.156782159,0.798766169,-0.272612359
2/7/2012,0.020190314,0.442574764,-0.14381725,1.205466369
2/8/2012,1.140921338,0.601228067,0.798766169,2.55015377
2/9/2012,-0.561034702,1.412122727,-0.15914381,-0.580803824
2/10/2012,-0.631463563,-0.174410304,-0.511654682,1.861589982
2/13/2012,0.085834199,-0.12152587,0.400275618,1.01868842
2/14/2012,0.413854251,1.940967071,0.407938898,-0.732793136
2/15/2012,1.320607144,-0.051013291,1.718359749,1.212655671
2/16/2012,-0.679163789,1.112444266,-0.228113328,0.85387088
2/17/2012,0.980524965,1.323982003,1.166603601,0.551985593
2/20/2012,0.896987265,0.142896302,0.78343961,0.461945957
2/21/2012,-0.786078089,0.213408881,-0.220450049,0.393382644
2/22/2012,1.081258672,1.182956845,0.691480252,0.874980871
2/23/2012,0.750198167,-0.667998358,0.2929897,0.452990401
2/24/2012,0.074669256,2.610836573,0.369622499,-0.378894978
2/27/2012,0.435137424,-1.320239715,-0.15148053,-0.47485483
2/28/2012,-0.58181944,-0.368319897,0.660827132,-0.598642976
2/29/2012,0.194941613,1.482635306,-0.036531333,-0.722463828
3/1/2012,-0.345411735,-0.103897725,-0.16680709,0.382072086
3/2/2012,-0.588299094,1.465007161,0.507561536,1.153917957
3/5/2012,-0.533321718,-0.579857634,-0.657256999,0.651419075
3/6/2012,-0.722727005,-1.478893018,-0.526981242,-0.265828641
3/7/2012,0.016551739,0.407318474,-0.534644522,1.194227768
3/8/2012,1.013321986,0.989047252,1.496124634,0.770183213
3/9/2012,1.113308041,1.905710781,1.22024656,-0.426708092
3/12/2012,0.371487279,-0.5269732,-0.350725806,0.389352972
3/13/2012,-0.164081094,1.482635306,0.024774906,-0.706240471
3/14/2012,1.850692732,1.641288609,1.128287202,0.646218443
3/15/2012,0.810558642,-0.368319897,0.507561536,-0.190841403
3/16/2012,-0.101976097,-0.333063607,0.001785067,-0.058287411
3/19/2012,0.178941851,-0.209666594,0.047764746,1.194515602
3/21/2012,-1.500335398,-0.650370213,-0.465675003,-1.653429441
3/22/2012,0.703245593,-1.866712204,0.262336581,-0.015177762
3/23/2012,-1.35155256,-0.438832476,-0.917808513,0.783364691
3/26/2012,1.178353804,0.971419107,0.009448347,-0.37913702
3/27/2012,0.978331852,0.706996935,1.764339428,-1.065764471
3/28/2012,-0.101627192,-0.597485779,-0.588287481,-1.062617925
3/29/2012,-0.93889825,-0.96767682,-0.557634361,-0.776903661
3/30/2012,0.181483869,0.848022094,-0.281756287,-0.442355782
4/2/2012,0.915927794,-1.708058901,0.155050663,0.605365673
4/3/2012,0.065149148,1.535519741,-0.496328123,-0.531335666
4/5/2012,-0.556798004,-0.227294738,-0.450348444,0.617768692
4/10/2012,0.255501462,-1.813827769,-0.113164131,0.767311417
4/11/2012,0.014059564,0.389690329,-0.680246839,-1.287631973
4/12/2012,-0.225338751,0.037127433,0.492234976,0.268181498
4/13/2012,-0.346109544,0.054755578,0.867735688,1.537266744
4/16/2012,-1.254158367,-1.161586412,-1.377605303,-0.772317945
4/17/2012,-0.107757942,0.936162818,-0.090174291,-0.742644901
4/18/2012,2.061979314,0.865650239,1.595747272,-0.264867014
4/19/2012,0.073124107,0.72462508,-0.672583559,0.320541076
4/20/2012,0.191502412,-0.227294738,-0.258766448,0.698421021
4/23/2012,-0.518318825,-0.773767227,-0.197460209,-0.090518251
4/24/2012,-0.343966273,0.266293316,-0.641930439,-0.210813142
4/25/2012,0.49395275,0.001871144,0.706806811,-1.328039908
4/26/2012,-0.579875543,-0.791395372,-0.036531333,0.410554546
4/27/2012,0.254056,-1.602290032,-0.373715645,-2.062676724
5/2/2012,0.32702688,0.072383723,0.193367063,-0.772285237
5/7/2012,-2.63671728,0.125268157,-2.174586406,-0.389682202
5/8/2012,1.51584412,-0.139154014,0.484571696,-0.092964838
5/9/2012,-0.866076902,-0.544601345,-1.186023308,-1.720959167
5/10/2012,0.018296261,0.601228067,-0.343062526,-0.092140587
5/11/2012,1.619867498,-0.015757001,-0.526981242,-1.625149773
5/14/2012,-1.037737905,-0.227294738,0.132060824,-0.721018118
5/15/2012,-1.247678713,0.689368791,-0.664920279,0.781873189
5/16/2012,-1.147742502,0.301549605,-0.902481954,-1.144173006
5/17/2012,1.61119473,-2.342672113,0.614847453,-0.689055487
5/18/2012,-1.649566827,-0.615113924,-2.335515283,-0.831873368
5/21/2012,-0.642379288,0.618856211,0.155050663,-0.128119808
5/22/2012,2.167946588,1.412122727,0.798766169,0.191715841
5/23/2012,-0.688185462,-1.108701978,-1.561524019,-0.202250087
5/24/2012,-0.761604933,0.248665171,0.017111626,-2.191704752
5/25/2012,-0.045852319,0.142896302,0.109070984,-0.79270181
5/28/2012,-0.111894953,-0.49171691,0.070754585,-1.719225622
5/29/2012,0.152474954,0.019499289,0.522888095,0.521095796
5/30/2012,0.612580273,-0.96767682,-0.258766448,0.973779811
5/31/2012,-0.63071591,-1.708058901,-0.848838995,-0.198318538
6/1/2012,-1.558253541,-0.703254648,-0.963788192,-0.630788774
6/4/2012,-1.809016173,0.689368791,-1.354615464,0.474813434
6/5/2012,0.938357367,0.883278383,0.75278649,0.111279386
6/6/2012,1.195051375,0.953790962,1.342859038,0.744127715
6/7/2012,1.501239976,0.953790962,0.906052087,-1.599349401
6/8/2012,-1.28541024,-0.350691752,-1.645820098,-0.985419601
6/11/2012,1.827465662,-0.139154014,1.457808235,0.934215752
6/12/2012,-0.948567889,0.160524447,-0.825849155,-1.444658376
6/13/2012,-0.636896504,-0.139154014,0.415602178,0.738953249
6/14/2012,-0.378158912,-0.315435462,-0.212786769,1.104894633
6/15/2012,-0.380352026,-1.408380439,-0.036531333,-0.434132894
6/18/2012,1.435994839,0.812765804,1.312205918,-0.02741724
6/19/2012,-1.09241622,-0.385948042,-0.6189406,-0.780148333
6/20/2012,0.087778095,1.288725713,0.806429449,0.729094942
6/21/2012,0.887068409,1.60603232,0.584194334,1.275723974
6/22/2012,-0.961626885,0.301549605,-0.266429728,-0.227756084
6/25/2012,-1.378567735,-1.725687045,-0.59595076,-0.403884182
6/26/2012,-0.593582505,-0.350691752,-0.664920279,-1.062748759
6/27/2012,0.023380298,0.407318474,0.545877935,-0.405591559
6/28/2012,0.85287577,-0.615113924,1.22024656,-0.073411767
6/29/2012,0.904862537,0.706996935,1.105297363,-0.141700329
7/3/2012,0.423723263,0.583599922,0.492234976,-0.873027056
7/4/2012,0.419337036,0.160524447,0.269999861,-0.558261206
7/5/2012,-0.506755134,0.054755578,-0.251103168,-0.425013797
7/6/2012,-0.311667688,-0.615113924,-0.542307802,-1.631024199
7/9/2012,-1.248526052,-0.262551028,-1.09406395,-1.007713633
7/10/2012,-0.66206747,-0.315435462,-0.381378925,-1.059275128
7/11/2012,0.231427053,0.706996935,-0.105500851,0.132238918
7/12/2012,-1.079955346,-1.020561254,-1.178360028,-0.12562743
7/13/2012,0.165334576,-0.315435462,-0.005878213,-0.166068073
7/17/2012,-0.816981057,0.389690329,0.224020182,-0.684594063
7/18/2012,0.879791259,-0.615113924,-0.289419567,-0.973991291
7/19/2012,1.002755165,-0.509345055,0.561204495,0.685390001
7/20/2012,-0.114337284,-0.262551028,-1.140043629,0.453003484
7/23/2012,-0.731449617,-0.227294738,-1.469564661,-0.336792747
7/24/2012,-0.045852319,-0.5269732,-0.228113328,0.716528382
7/25/2012,-1.297173305,-0.08626958,-1.147706908,-0.665080242
7/26/2012,0.524606501,0.072383723,0.660827132,0.294622954
7/27/2012,1.36417036,0.530715488,1.074644243,0.754476647
7/30/2012,0.57121017,-0.667998358,0.568867774,1.250564687
7/31/2012,0.49594649,-0.174410304,0.484571696,0.965785882
8/1/2012,-0.782788419,0.689368791,-0.511654682,-0.848548102
8/2/2012,1.110118057,-0.474088765,0.055428026,0.943746974
8/3/2012,-0.843348267,0.477831053,-0.910145234,-0.860754871
8/6/2012,1.03475469,-0.5269732,1.488461354,-0.219493946
8/7/2012,0.879641728,0.777509515,0.630174013,0.164875342
8/8/2012,0.603159852,-0.438832476,0.630174013,0.570694787
8/9/2012,-0.045852319,0.28392146,0.798766169,1.747241477
8/10/2012,-0.366196473,-0.685626503,-0.787532756,0.6838985
8/13/2012,-0.174797445,0.054755578,-0.097837571,-0.171556541
8/14/2012,-0.239793365,0.918534673,0.338969379,0.392990144
8/15/2012,0.019043913,0.530715488,-0.082511012,-0.337885207
8/16/2012,0.861548539,0.777509515,1.396501996,-0.237006014
8/17/2012,0.718049112,0.424946619,0.545877935,0.03239985
8/20/2012,-0.422021189,-0.315435462,0.024774906,0.368851358
8/21/2012,0.080500945,-0.350691752,-0.16680709,-0.50236258
8/22/2012,-0.612971625,-1.619918177,-0.251103168,0.34377057
8/23/2012,-0.364551638,-0.227294738,0.346632659,0.02447788
8/24/2012,-0.815635283,0.372062184,-0.940798353,-1.419165462
8/27/2012,0.084438581,0.125268157,0.078417865,-0.708098307
8/28/2012,-1.085587661,-0.544601345,-0.481001563,-0.364398623
8/29/2012,-0.112243857,0.407318474,0.262336581,-0.308172912
8/30/2012,-0.64397428,-0.209666594,-0.772206197,0.311016396
8/31/2012,-0.785779029,-0.579857634,-1.270319386,2.171102866
9/3/2012,-0.11413791,-0.333063607,-0.526981242,-0.934505732
9/4/2012,0.432744936,0.35443404,-0.120827411,-1.013260976
9/5/2012,-0.993975314,-0.12152587,-0.879492114,-0.028640533
9/6/2012,-0.045852319,1.024303542,-0.036531333,-0.560406876
9/7/2012,1.956161571,-1.426008584,1.641726951,0.967656802
9/10/2012,-0.244977089,0.072383723,-0.067184452,-0.421252333
9/11/2012,-0.512287762,-1.196842702,-0.580624201,1.010158074
9/12/2012,-0.11314104,0.178152592,1.281552799,-0.660945902
9/13/2012,-0.315256419,-0.879536096,0.254673301,-0.556808954
9/14/2012,0.089572461,2.01147965,1.358185597,0.232948028
9/18/2012,-2.544805872,0.213408881,-0.343062526,-1.369540304
9/19/2012,1.802842975,-1.020561254,0.867735688,0.755673774
9/20/2012,-1.759870485,-0.350691752,-1.247329546,-0.368748838
9/21/2012,-0.116879302,-0.192038449,0.147387384,-0.751338789
9/24/2012,-1.396810455,-0.756139082,-0.389042205,0.429623533
9/25/2012,-0.045852319,-0.139154014,0.147387384,0.024137713
9/26/2012,-1.361371729,-0.139154014,-1.599840419,1.265525501
9/27/2012,-0.120916626,-0.350691752,0.32364282,-0.601442813
9/28/2012,0.10452551,0.75988137,-0.726226518,-0.733689346
10/3/2012,-1.103132572,0.706996935,-0.389042205,-1.148699846
10/4/2012,2.500352868,-0.051013291,0.637837293,0.048040999
10/5/2012,-0.779947339,0.389690329,0.2929897,0.479804733
10/9/2012,-1.014411148,-0.192038449,-0.856502275,0.706414949
10/10/2012,0.561989123,-0.209666594,-1.561524019,0.388064262
10/11/2012,-0.646366768,0.31917775,-0.488664843,1.189694387
10/12/2012,0.713961945,0.195780737,-0.15914381,0.586087351
10/15/2012,0.627732696,0.442574764,0.346632659,0.270942085
10/16/2012,0.471024742,0.513087343,1.059317684,-0.534802755
10/17/2012,-0.55744597,0.054755578,0.883062248,-0.520182108
10/18/2012,1.652514988,0.742253225,1.488461354,0.813384445
10/19/2012,0.739631346,0.054755578,0.124397544,-0.223752578
10/22/2012,-0.397348658,1.341610148,0.024774906,-0.947111543
10/24/2012,-0.897877053,-0.12152587,-0.557634361,-1.086194127
10/25/2012,0.893249003,1.041931686,0.821756009,0.736755245
10/26/2012,-1.322095053,-1.461264874,-1.07873739,-0.230922254
10/29/2012,-1.137325211,0.301549605,-0.074847732,-0.135538069
10/30/2012,-1.310531362,-0.403576186,-0.795196036,0.92507703
10/31/2012,1.099102644,0.28392146,0.706806811,-0.737575102
11/1/2012,0.252610539,0.742253225,0.116734264,-0.692136616
11/2/2012,0.992537248,0.654112501,0.852409128,0.632670631
11/5/2012,0.317456928,-0.333063607,-0.412032044,-0.285303211
11/6/2012,-1.055681563,0.090011868,-0.320072686,-1.24157857
11/7/2012,2.015624862,-0.809023516,-0.067184452,-0.539493137
11/8/2012,-0.61147632,-1.196842702,-1.201349867,-1.241048694
11/9/2012,0.025673098,0.019499289,-0.733889797,2.747614277
11/12/2012,-0.759960097,-0.015757001,-0.756879637,2.096704378
11/13/2012,-0.11827492,-0.297807318,-0.182133649,0.340133398
11/14/2012,-0.26351887,1.905710781,-0.013541493,-0.206103133
11/15/2012,1.265829141,1.993851505,1.411828556,1.318068247
11/16/2012,2.51022188,0.28392146,1.641726951,1.748948855
11/19/2012,0.832140876,0.160524447,1.051654404,0.460990871
11/20/2012,-0.112243857,0.548343632,-0.13615397,-1.091420927
11/21/2012,1.017458997,1.782313768,0.622510733,0.089044228
11/22/2012,1.38570275,-0.12152587,1.151277042,0.994229092
11/26/2012,1.092722677,-0.720882792,0.139724104,0.486457618
11/27/2012,-1.468186342,0.125268157,0.239346742,-0.538289468
11/28/2012,-0.682403616,-0.192038449,-0.979114752,-0.158767563
11/29/2012,1.17930083,0.054755578,0.714470091,0.143176601
11/30/2012,0.394664505,0.742253225,0.32364282,0.845903118
12/3/2012,0.453230613,-0.5269732,0.055428026,-0.004344746
12/4/2012,-1.898784311,-0.791395372,-0.251103168,0.584929475
12/5/2012,0.146593421,1.20058499,0.254673301,0.819644828
12/6/2012,-0.365349134,-0.174410304,0.576531054,0.955907951
12/7/2012,0.018445791,0.160524447,-0.189796929,-0.083224282
12/10/2012,-0.431242236,-0.315435462,0.009448347,0.341435192
12/11/2012,-0.369535987,0.301549605,-0.113164131,0.801550551
12/12/2012,0.345070226,1.553147885,0.407938898,1.554307812
12/13/2012,1.05314694,0.795137659,1.2432364,0.179358613
12/14/2012,-0.235606511,-0.315435462,-0.082511012,-0.842215759
12/17/2012,0.843056601,0.742253225,0.676153692,-0.133935359
12/18/2012,0.016551739,0.636484356,0.691480252,1.033780069
12/19/2012,2.695540001,0.389690329,1.787329268,1.251931898
12/20/2012,-3.70735559,-0.068641435,-0.956124913,0.229029563
12/21/2012,-1.25689976,-0.350691752,-0.802859316,2.467224937
12/27/2012,0.973945624,0.936162818,0.653163853,-0.587554834
12/28/2012,0.766148086,-0.315435462,0.492234976,0.589665648
1/4/2013,2.596899721,1.799941912,2.116850301,-1.348044355
1/7/2013,-0.220952523,-0.756139082,-0.680246839,0.062229896
1/8/2013,-0.572997141,-1.514149308,-0.703236678,1.225235315
1/9/2013,0.250118364,1.641288609,0.469245137,-0.23765364
1/10/2013,0.366054338,1.764685623,0.492234976,0.29121474
1/11/2013,1.063065796,0.75988137,1.028664564,-0.98343093
1/15/2013,0.525104936,-1.390752294,0.507561536,1.395528239
1/16/2013,-1.005489162,-0.844279806,-2.00599425,-0.793702686
1/17/2013,0.069236315,2.963399468,0.024774906,0.859830348
1/18/2013,0.528394607,0.389690329,2.14750342,1.094297118
1/21/2013,-0.783835132,-1.002933109,-1.209013147,0.56985091
1/22/2013,0.011766763,-1.77857148,-0.312409407,0.369773734
1/23/2013,-1.427214988,-0.227294738,-1.638156818,0.607328175
1/24/2013,0.546089048,3.386474943,0.936705206,-0.96469557
1/25/2013,1.241206453,1.094816121,2.16282998,2.517850972
1/28/2013,1.151737377,-0.12152587,-0.764542917,0.248687302
1/29/2013,2.126078051,-0.280179173,0.254673301,-1.010834014
1/30/2013,-0.152567246,0.654112501,1.70303319,-0.569931557
1/31/2013,0.168075969,1.182956845,0.124397544,0.056931138
2/1/2013,-0.099085174,2.01147965,0.31597954,-0.602659565
2/4/2013,2.086502315,-0.773767227,0.430928737,-0.371195425
2/5/2013,-1.068291968,2.346414401,-1.500217781,0.715069587
2/6/2013,2.094028683,-0.015757001,2.844861885,0.528069222
2/7/2013,-0.195980932,-0.051013291,-0.756879637,0.197590266
2/8/2013,-0.347006727,-1.813827769,-1.423584982,-1.207568393
2/14/2013,-0.937801694,-1.002933109,0.338969379,-0.300911652
2/15/2013,-0.099284548,1.147700555,-0.948461633,1.638113229
2/18/2013,0.916775133,0.830393949,1.557430873,-0.990181941
2/19/2013,-0.570504966,-0.773767227,-0.281756287,-0.933544106
2/20/2013,-0.15191928,-0.033385146,0.599520894,1.738946631
2/21/2013,0.060414016,-0.89716424,-1.109390509,-0.509610758
2/22/2013,-0.0988858,0.548343632,0.476908416,-0.450918836
2/25/2013,0.007231005,-3.047797905,1.817982387,-0.001531825
2/26/2013,-1.318456478,0.266293316,-1.776095855,1.295172378
2/27/2013,-0.807660324,0.460202908,-1.017431151,0.02447788
2/28/2013,1.888224885,0.583599922,2.032554223,2.449582036
3/1/2013,0.326528445,1.923338926,0.269999861,0.190983172
3/4/2013,0.006931944,-0.244922883,0.262336581,-1.42067659
3/5/2013,-0.151321159,-0.385948042,0.162713943,0.161957754
3/6/2013,0.165583794,1.447379017,1.588083992,-0.370050631
3/7/2013,-0.730103843,1.376866437,0.185703783,0.140160887
3/8/2013,1.448405869,2.152504808,1.978911264,-1.172151756
3/11/2013,1.560354363,0.477831053,0.361959219,0.376413536
3/12/2013,-0.045852319,-0.403576186,-0.258766448,0.102415414
3/13/2013,0.255302088,0.054755578,-0.511654682,-1.581660707
3/14/2013,-0.395105701,-0.068641435,0.844745848,0.414571135
3/15/2013,-0.397548032,-1.549405598,1.066980964,-0.667945497
3/18/2013,-1.76635014,-0.156782159,-2.120943447,-0.178948634
3/19/2013,0.268610302,-0.12152587,1.511451194,-0.243279481
3/21/2013,0.891654011,-2.078249941,0.982684885,-1.37682119
3/22/2013,-1.528397286,-0.844279806,-1.845065373,-1.397218137
3/25/2013,-0.098536895,-0.579857634,1.25089968,2.020873264
3/26/2013,-0.995271245,0.477831053,-0.503991402,0.312154647
3/27/2013,-0.314708141,0.001871144,0.093744425,1.450576447
3/28/2013,-0.856756168,-0.615113924,-1.009767871,1.647958452
4/2/2013,-1.787832687,0.372062184,-0.871828834,-0.133569025
4/3/2013,1.875664323,-0.791395372,2.247126058,0.725948396
4/5/2013,3.014737754,2.223017387,1.166603601,2.136680564
4/8/2013,0.520569178,3.192565351,2.101523741,-0.379856604
4/9/2013,0.361468736,-0.632742069,-0.044194612,-0.838153378
4/10/2013,0.560144914,1.323982003,0.515224816,-0.799936904
4/11/2013,2.149454651,-0.209666594,1.457808235,-0.415986283
4/12/2013,0.384247214,-1.302611571,-0.404368765,-1.301035868
