Date,price1,price2
20090105,35.7574,10.496
20090106,35.4237,10.8226
20090107,34.0956,11.5119
20090108,33.4432,11.1741
20090109,33.1361,11.2139
20090113,31.7064,10.3596
20090114,30.2782,10.5095
20090115,30.008,9.9379
20090116,30.5775,9.5767
20090120,30.1219,9.4195
20090121,30.1872,9.3078
20090122,29.1475,9.1068
20090123,28.0121,8.8134
20090126,25.3791,8.385
20090127,25.4456,8.7651
20090128,25.7556,8.8738
20090129,24.8976,9.2149
20090130,23.7908,8.5854
20090202,23.6216,8.6726
20090203,23.486,9.2067
20090204,24.0785,9.4676
20090205,24.4214,9.5287
20090206,25.9093,9.3273
20090209,25.6713,9.6343
20090210,24.4895,9.379
20090212,23.7315,9.1789
20090213,24.3186,8.9831
20090217,22.7166,8.7532
20090218,22.0981,8.5181
20090219,21.4974,8.6284
20090220,20.6748,8.4444
20090223,20.0326,8.0794
20090224,19.6315,8.0292
20090225,19.4537,8.5958
20090226,19.2756,8.7098
20090227,19.2672,8.4555
20090302,17.621,8.2781
20090303,17.5276,8.203
20090304,19.8207,8.4144
20090305,18.4559,9.022
20090306,18.1979,8.6821
20090309,18.8214,8.2923
20090310,20.325,8.1273
20090311,20.5494,8.653
20090312,20.5032,8.4389
20090313,20.7517,8.7265
20090316,20.8834,8.9632
20090317,20.5016,9.107
20090318,20.8951,9.2376
20090319,22.1154,9.5553
20090323,22.5189,9.872
20090324,22.99,10.1231
20090325,22.8217,10.0383
20090326,23.6551,10.1221
20090327,23.6102,9.7796
20090330,21.4296,9.4136
20090331,21.8034,9.1728
20090401,22.4956,9.3843
20090402,24.2503,9.7949
20090403,24.7365,10.1532
20090406,24.0198,10.4108
20090407,23.1705,10.0563
20090408,22.9201,9.7449
20090409,24.8848,10.1739
20090413,25.4179,10.7193
20090414,25.7006,10.8698
20090415,25.547,10.3503
20090416,25.369,10.5015
20090417,25.2878,10.5574
20090420,24.1301,10.5004
20090421,23.8639,10.1832
20090422,26.4076,10.378
20090423,25.3428,10.1953
20090424,26.4108,10.5985
20090427,26.3514,10.5775
20090428,25.9768,10.3673
20090430,28.1534,10.2495
20090501,29.0429,10.2995
20090507,30.2429,11.0813
20090508,30.9584,11.2762
20090511,30.4253,11.8786
20090512,29.8684,11.9643
20090513,28.5581,11.7667
20090514,28.5202,11.3638
20090515,28.3221,11.7483
20090518,29.3387,11.1495
20090519,29.9495,11.6213
20090520,30.0959,11.8418
20090521,28.2058,11.82
20090522,27.6267,11.6775
20090526,27.657,11.8052
20090527,27.7533,12.0185
20090528,26.9878,11.8182
20090529,27.7181,12.011
20090601,29.402,12.2485
20090602,29.5749,12.7571
20090603,28.8416,12.7784
20090604,29.7238,12.5799
20090605,30.1661,12.4435
20090608,29.8227,13.0641
20090609,30.1876,13.22
20090610,29.6318,13.2639
20090611,29.7975,13.4509
20090612,29.4869,13.5969
20090615,28.502,13.6326
20090616,28.2997,13.4106
20090617,27.2795,13.4126
20090618,26.8747,12.9981
20090619,26.7719,12.9942
20090622,25.5703,12.9875
20090623,25.8219,12.4861
20090624,26.5922,12.3935
20090625,26.9774,12.8695
20090626,27.288,13.3532
20090629,27.425,13.0202
20090630,26.2743,12.8988
20090701,26.5794,13.115
20090702,25.3098,13.1286
20090706,24.7772,12.8547
20090707,24.1807,12.6181
20090708,23.9256,12.4964
20090709,24.3336,12.217
20090710,23.921,12.2174
20090713,24.6759,11.7577
20090714,24.9543,12.2603
20090715,26.424,12.2666
20090716,26.9608,12.7688
20090717,27.1745,12.4839
20090721,31.8615,13.1416
20090722,30.9519,13.2477
20090723,32.3222,13.1884
20090724,33.027,13.5226
20090727,33.8411,13.4937
20090728,34.1201,13.5711
20090729,33.2796,13.6522
20090730,34.6735,13.432
20090731,35.1412,13.6408
20090803,36.0017,13.6055
20090804,37.7371,13.8511
20090805,37.4787,13.9386
20090806,37.5554,13.8352
20090807,38.2316,13.4665
20090810,37.884,13.993
20090811,36.6926,14.189
20090812,37.7757,13.9697
20090813,37.7109,14.1772
20090814,36.5832,14.9258
20090817,35.1006,15.0765
20090818,35.8246,14.7909
20090819,35.8232,15.0209
20090820,36.2468,14.6767
20090821,37.443,14.3439
20090824,38.3951,14.779
20090825,38.2573,14.9238
20090826,37.7614,14.9869
20090827,37.2975,14.8854
20090828,37.446,14.9315
20090831,36.1451,15.0744
20090901,35.5928,14.9917
20090902,34.8289,15.1584
20090903,35.5446,14.9718
20090904,36.5655,14.7921
20090908,37.4134,15.4889
20090909,38.4098,15.3882
20090910,38.5146,15.7692
20090911,38.7495,16.1215
20090914,38.8257,15.6444
20090915,40.655,15.693
20090916,41.8609,16.0437
20090917,42.7653,16.3407
20090918,42.7954,16.2095
20090924,41.4151,16.2349
20090925,41.2287,16.2947
20090928,41.5238,15.6917
20090929,41.4949,15.5976
20090930,41.0135,15.6284
20091001,39.8013,15.3493
20091002,38.9538,15.0829
20091005,40.1543,14.896
20091006,41.2546,15.0562
20091007,41.2543,15.3966
20091008,42.1174,15.5856
20091009,42.3728,15.8953
20091013,42.0057,16.3639
20091014,43.1259,16.176
20091015,43.3631,16.3496
20091016,43.3487,16.3937
20091019,45.4547,16.465
20091020,47.8193,16.8717
20091021,47.4177,16.845
20091022,46.315,16.6413
20091023,46.8242,16.885
20091026,46.4689,16.9429
20091027,45.64,16.75
20091028,44.531,16.6613
20091029,45.4394,15.981
20091030,44.7724,16.7663
20091102,44.6274,16.3656
20091104,45.8784,16.6472
20091105,46.2715,16.5869
20091106,46.1527,16.9999
20091109,48.0797,17.1419
20091110,48.0186,17.4722
20091111,48.4095,17.3246
20091112,47.4355,17.1903
20091113,47.284,16.9739
20091116,48.4132,16.8774
20091117,47.9108,16.8993
20091118,47.8434,16.5095
20091119,46.7588,16.2159
20091120,46.4005,16.0538
20091124,46.4894,16.2672
20091125,47.1786,16.4281
20091127,46.352,15.7747
20091130,46.7395,16.3103
20091201,48.042,16.781
20091202,47.5518,17.084
20091203,47.5206,17.3685
20091204,46.9596,17.1245
20091207,46.4421,17.6343
20091208,45.5325,17.7179
20091209,45.0664,17.5115
20091210,45.7403,17.2062
20091211,46.0598,17.2563
20091214,46.7732,17.6073
20091215,46.7696,17.4099
20091216,47.0336,17.4352
20091217,46.2488,17.2261
20091218,46.1499,16.9282
20091221,46.2886,16.8582
20091222,46.3786,16.8723
20091224,46.9646,17.2861
20091228,46.9966,17.6577
20091229,46.9016,17.6567
20091230,46.6012,17.5731
20100104,47.1154,17.5492
20100105,47.4783,17.9742
20100106,47.9298,17.711
20100107,47.7855,17.5588
20100108,48.1788,17.9194
20100112,50.046,18.9301
20100113,49.9265,18.7447
20100114,49.9254,18.9461
20100115,49.0176,18.9138
20100119,49.1949,18.445
20100120,48.3409,18.2613
20100121,46.6683,18.1918
20100122,45.3105,17.9234
20100125,44.8673,17.7565
20100126,45.3724,17.6668
20100127,42.4904,17.3581
20100128,42.1487,16.8991
20100129,42.8377,16.8533
20100201,42.9214,16.4319
20100202,43.2006,16.8932
20100203,43.3878,16.7741
20100204,42.0122,16.9565
20100205,41.5799,16.3746
20100208,41.5513,16.2133
20100209,43.28,15.9505
20100210,43.0666,16.6995
20100212,45.1236,16.8563
20100216,46.0352,16.3887
20100217,46.6541,16.7199
20100218,46.696,16.9014
20100219,46.995,16.5501
20100222,47.3282,16.9476
20100223,46.0348,17.0152
20100224,46.0983,16.7806
20100225,45.0828,16.8648
20100226,46.037,16.7856
20100301,46.8755,16.7289
20100302,47.2421,17.0741
20100303,47.8612,17.2264
20100304,47.1854,17.0723
20100305,47.947,17.0112
20100308,47.7517,17.4726
20100309,47.9839,17.5899
20100310,47.6931,17.6672
20100311,47.4032,17.6932
20100312,48.6731,17.8131
20100315,47.8607,17.6917
20100316,47.9323,17.5221
20100317,48.6532,17.5904
20100318,48.4106,17.6659
20100319,48.1164,17.5801
20100323,50.0034,17.6387
20100324,50.1792,17.6483
20100325,50.9548,17.4961
20100326,50.6441,17.6671
20100329,51.3051,17.8005
20100330,51.1671,17.7937
20100331,51.0437,17.6624
20100401,51.6917,17.5902
20100405,52.5399,17.8599
20100406,52.7279,17.7484
20100407,52.4209,17.6896
20100408,51.9086,17.3501
20100409,52.7591,17.1845
20100412,53.9869,17.2439
20100413,53.8531,16.9531
20100414,54.1352,17.1551
20100415,55.1578,17.5716
20100416,54.3325,17.5494
20100419,54.0476,17.1137
20100420,54.9006,16.7031
20100421,54.5398,16.6062
20100422,54.3618,16.4116
20100423,55.7683,16.1254
20100426,58.6625,16.6242
20100427,56.8515,17.1098
20100428,56.3967,16.5595
20100430,56.223,17.0315
20100506,51.7486,16.6179
20100507,51.0251,15.8609
20100510,53.9412,16.0982
20100511,53.9484,15.8829
20100512,55.1549,15.5543
20100513,55.0519,15.8502
20100514,52.7587,15.6283
20100517,51.7924,15.3724
20100518,52.1903,15.1533
20100519,49.816,15.1712
20100520,48.1335,15.5592
20100521,48.4592,15.0786
20100524,48.8949,15.3202
20100525,46.8517,15.1752
20100526,49.322,15.0689
20100527,50.1671,15.284
20100528,49.8036,15.7852
20100601,49.3175,15.5034
20100602,49.0878,15.0977
20100603,49.911,15.556
20100604,47.6568,15.688
20100607,46.2144,14.8778
20100608,45.8269,14.8583
20100609,47.0233,14.7219
20100610,48.3732,14.7519
20100611,48.7365,14.9917
20100614,50.2338,15.1852
20100615,51.1739,15.2448
20100616,51.9596,15.724
20100617,52.4179,15.8214
20100618,53.283,15.9014
20100621,54.6661,16.3981
20100622,52.9318,16.4019
20100623,51.9817,16.0433
20100624,51.8525,16.1313
20100625,52.2865,15.8022
20100628,52.6756,15.647
20100629,49.8687,15.7611
20100630,49.6587,15.2038
20100701,48.3834,15.23
20100702,48.3247,15.3288
20100706,49.2859,15.5033
20100707,49.9142,15.7646
20100708,51.16,16.0651
20100709,52.4283,16.3377
20100712,52.3793,16.4133
20100713,54.247,16.2525
20100714,54.0585,17.0151
20100715,53.772,16.972
20100716,52.9267,16.8425
20100720,53.9098,16.4398
20100721,55.0727,16.6308
20100722,55.5866,16.5774
20100723,56.2867,17.1913
20100726,57.2546,17.5448
20100727,56.5851,17.1953
20100728,56.9569,17.3282
20100729,56.9538,17.7867
20100730,57.081,17.7082
20100802,58.2809,17.8844
20100803,57.7597,18.2249
20100804,58.2403,17.8379
20100805,58.9266,18.1409
20100806,58.2821,18.1967
20100809,58.9723,17.9075
20100810,58.5324,18.0777
20100811,56.662,17.7954
20100812,55.4361,17.1247
20100813,55.7628,17.2032
20100816,56.1365,17.2982
20100817,57.4905,17.3438
20100818,57.1994,17.8247
20100819,56.7741,17.8953
20100820,56.1907,17.6024
20100823,55.5246,17.2939
20100824,53.4082,17.1589
20100825,52.657,16.9728
20100826,53.0203,16.9723
20100827,53.6139,16.9275
20100830,53.3979,17.6446
20100831,53.4363,17.1187
20100901,55.7554,17.0362
20100902,56.0233,17.4264
20100903,57.5031,17.4481
20100907,56.9631,18.2439
20100908,58.1129,17.7819
20100909,58.0838,17.9451
20100910,58.3068,18.166
20100913,59.223,18.5765
20100914,59.0821,18.833
20100915,58.8239,18.4647
20100916,58.869,18.9619
20100917,59.4899,18.9979
20100921,62.3511,19.0197
20100922,62.3312,18.7608
20100924,64.869,18.6384
20100927,65.2528,19.1912
20100928,65.1184,19.6061
20100929,65.4964,19.6565
20100930,64.8635,19.7284
20101001,64.1303,19.688
20101004,63.3805,19.6413
20101005,64.9469,19.5932
20101006,64.8908,20.011
20101007,64.5025,19.9875
20101008,65.8093,19.6907
20101012,64.9696,19.6498
20101013,66.1884,19.9142
20101014,65.602,20.4531
20101015,65.3291,20.4439
20101018,65.7887,20.4175
20101019,64.5283,20.4577
20101020,65.5815,20.3058
20101021,65.1876,20.315
20101022,64.5371,20.3884
20101025,65.4073,20.5756
20101026,64.7957,20.1072
20101027,64.0954,20.21
20101028,63.9484,20.2558
20101029,64.6534,20.9553
20101101,65.5193,21.0485
20101102,65.9501,21.3212
20101104,67.9736,21.7985
20101105,68.7781,22.3661
20101108,68.4165,23.3625
20101109,67.9291,23.5947
20101110,67.8197,23.0989
20101111,67.7679,23.1159
20101112,66.8599,22.7533
20101115,67.757,22.5414
20101116,66.5317,22.7089
20101117,66.8079,22.5154
20101118,68.4296,22.6572
20101119,68.8392,22.9143
20101122,68.9621,23.4184
20101124,69.5539,23.4884
20101126,69.2012,23.9904
20101129,68.6188,23.8449
20101130,69.485,23.6564
20101201,71.6805,23.5132
20101202,72.8474,24.5668
20101203,73.3661,25.1471
20101206,73.5655,24.886
20101207,75.1256,25.0746
20101208,74.0719,25.0171
20101209,73.779,25.0542
20101210,74.0872,24.7972
20101213,75.5511,24.7738
20101214,76.1597,25.295
20101215,77.134,25.0075
20101216,76.7318,24.9766
20101217,76.465,25.0965
20101220,76.7827,24.9624
20101221,77.8228,25.1257
20101222,77.8671,25.1501
20101227,77.2621,25.3345
20101228,77.1483,25.5683
20101229,77.3901,25.618
20101230,77.4158,25.5394
20110104,77.0346,26.0125
20110105,77.6823,25.8444
20110106,77.3791,26.1771
20110107,77.3587,26.4204
20110111,77.5866,26.2873
20110112,77.3938,26.4282
20110113,77.6283,26.3082
20110114,77.3005,26.0611
20110118,79.2848,25.5876
20110119,79.3973,26.3476
20110120,77.866,25.903
20110121,77.4409,24.9801
20110124,77.8265,24.3909
20110125,77.6634,24.9858
20110126,79.0116,25.0861
20110127,80.0982,24.7721
20110128,79.4322,25.8294
20110131,80.1188,25.2353
20110201,80.6247,25.8204
20110202,81.8254,26.3313
20110203,81.7429,26.4039
20110204,82.1818,26.1371
20110207,83.1036,26.2616
20110208,82.9238,26.3135
20110209,82.6564,25.8591
20110210,83.0169,25.323
20110214,85.5226,25.9018
20110215,85.0264,26.2036
20110216,85.8974,26.2113
20110217,85.5753,26.324
20110218,86.9732,26.1571
20110222,85.5541,25.6389
20110223,82.8128,25.3083
20110224,83.1913,25.1121
20110225,84.5058,25.0958
20110228,85.0561,25.3479
20110301,83.7255,26.3786
20110302,83.691,26.5299
20110303,85.8855,26.6192
20110304,85.3593,27.2075
20110307,84.8478,26.9553
20110308,85.8238,26.8815
20110309,84.9931,26.9581
20110310,82.1186,26.2358
20110311,81.9984,25.9468
20110314,84.0326,26.2377
20110315,82.8659,24.7745
20110316,83.7743,27.1406
20110317,85.0023,26.9635
20110318,87.0872,26.8922
20110322,88.3498,27.5541
20110323,88.4376,27.6091
20110324,89.5732,27.9587
20110325,90.7022,28.869
20110328,91.0465,28.9335
20110329,91.1723,28.4087
20110330,92.1336,28.8054
20110331,92.3026,29.1495
20110401,93.5678,28.6903
20110404,93.6463,28.7156
20110405,93.2145,28.2317
20110406,92.4615,27.6797
20110407,91.055,27.437
20110408,91.0424,27.5734
20110411,90.3217,28.1172
20110412,88.6545,28.1197
20110413,88.897,28.3408
20110414,88.386,28.8197
20110415,89.0755,28.635
20110418,85.6357,28.5669
20110419,87.3267,27.7443
20110420,89.8062,27.917
20110421,90.718,28.2439
20110425,90.4758,29.1564
20110426,92.7295,28.7037
20110427,92.5833,28.6252
20110428,93.2799,29.5638
20110502,95.3682,30.5184
20110506,92.6025,30.133
20110509,92.8128,29.8495
20110510,93.5961,29.9822
20110511,91.6251,29.8485
20110512,90.1407,28.9357
20110513,89.4954,28.5526
20110516,88.6147,28.0919
20110517,85.4981,27.9101
20110518,86.5274,27.749
20110519,87.9127,27.4093
20110520,87.0601,26.6383
20110523,84.4114,24.8757
20110524,84.8706,24.9507
20110525,85.5745,24.8854
20110526,86.0823,25.2525
20110527,87.2138,25.5365
20110531,87.5899,25.3041
20110601,85.4412,25.8909
20110602,85.2805,25.4123
20110603,84.2051,25.4427
20110606,83.2921,25.0115
20110607,83.715,24.9839
20110608,82.0856,24.7606
20110609,82.4426,24.3653
20110610,80.8306,24.5399
20110613,79.811,24.1537
20110614,81.0748,24.3977
20110615,80.1358,24.9883
20110616,79.5733,25.0604
20110617,79.9472,25.0024
20110620,81.0913,24.8706
20110621,84.0083,25.3383
20110622,84.3802,26.1752
20110623,81.959,25.9231
20110624,83.2545,26.1105
20110627,83.7831,25.9321
20110628,86.0074,26.1871
20110629,86.0712,26.3014
20110630,87.8835,26.2975
20110701,89.9759,26.4289
20110705,89.9758,26.6995
20110706,91.0034,26.9596
20110707,93.1803,26.8004
20110708,91.0849,27.0376
20110711,89.922,27.148
20110712,89.3844,26.5785
20110713,90.9425,26.8281
20110714,90.1844,26.935
20110715,90.1904,26.7277
20110719,91.2641,26.8435
20110720,92.1586,27.3402
20110721,93.1359,27.3441
20110722,87.6457,27.6504
20110725,88.1214,26.9651
20110726,88.0054,26.8196
20110727,85.4115,26.5598
20110728,84.1999,26.7855
20110729,82.495,26.6494
20110801,83.7668,26.8841
20110802,82.8127,26.1217
20110803,79.9463,25.3807
20110804,76.6593,24.9551
20110805,74.8461,23.5467
20110808,71.1011,23.2657
20110809,70.9533,22.4422
20110810,71.0555,23.3425
20110811,72.3479,22.423
20110812,75.1798,22.447
20110815,76.4419,22.6682
20110816,74.827,23.2291
20110817,73.8522,23.0407
20110818,69.6566,22.6022
20110819,68.503,21.8772
20110822,67.699,21.4687
20110823,67.9449,20.9057
20110824,70.292,21.4335
20110825,70.3032,21.8369
20110826,70.294,22.0197
20110829,73.2263,22.0227
20110830,74.7775,22.4471
20110831,76.8255,22.4967
20110901,75.1038,23.2885
20110902,71.4649,23.2193
20110906,70.4114,20.8986
20110907,73.242,21.1917
20110908,73.068,20.8404
20110909,70.3548,20.0322
20110912,68.901,19.2542
20110913,71.0356,19.8352
20110914,70.9231,19.5783
20110915,72.2945,19.3661
20110916,72.1065,19.8031
20110920,70.621,19.3673
20110921,67.6095,19.4833
20110922,62.2333,18.9788
20110926,62.8067,18.3503
20110927,65.9662,18.7608
20110928,64.1617,18.998
20110929,62.6712,18.613
20110930,62.169,18.8918
20111003,60.0038,18.2601
20111004,58.2823,17.323
20111005,61.3073,16.7418
20111006,63.8368,16.8631
20111007,63.3784,17.3566
20111011,67.1788,18.4282
20111012,68.5743,18.7151
20111013,67.783,19.9041
20111014,69.5511,19.5509
20111017,69.2158,20.2036
20111018,70.0762,19.4634
20111019,70.266,20.0617
20111020,70.4975,19.3709
20111021,72.6954,19.4169
20111024,77.147,19.9275
20111025,76.3121,20.928
20111026,76.6585,20.8031
20111027,80.7508,21.5645
20111028,81.4534,23.0199
20111031,79.5824,22.1747
20111101,76.6984,21.4443
20111102,78.3929,20.4186
20111104,79.9353,21.5446
20111107,79.4624,21.8161
20111108,79.945,21.7321
20111109,77.57,22.1364
20111110,77.5327,21.1643
20111111,80.1,21.409
20111114,81.4279,22.1827
20111115,81.3484,22.2268
20111116,81.3287,22.023
20111117,79.1037,21.5407
20111118,78.957,21.3214
20111121,76.2453,21.5392
20111122,75.4894,21.1111
20111125,73.4872,20.1814
20111128,76.4543,20.856
20111129,76.5316,21.3325
20111130,81.1588,21.1676
20111201,81.3099,22.5167
20111202,81.4827,22.6032
20111205,81.8057,22.6224
20111206,80.5517,22.1779
20111207,79.3756,22.3092
20111208,78.7572,22.2719
20111209,79.9216,21.9135
20111212,78.1818,22.3183
20111213,77.4896,21.74
20111214,73.4091,21.3926
20111215,73.9349,20.7794
20111216,73.9677,20.3996
20111219,74.0575,19.9129
20111220,76.3251,20.1716
20111221,76.2975,20.6424
20111222,77.0624,20.1184
20111227,77.199,20.1913
20111228,75.4573,19.9762
20111229,75.9313,19.7035
20111230,76.3854,20.153
20120104,79.7709,20.8578
20120105,79.9681,20.9249
20120106,80.4341,20.5044
20120110,83.6819,20.777
20120111,83.9092,20.8297
20120112,84.85,21.2566
20120113,85.7477,22.139
20120117,87.236,22.4638
20120118,87.7425,22.8329
20120119,88.3721,23.2487
20120120,88.933,23.3648
20120123,89.784,23.4241
20120124,89.5597,23.5191
20120125,90.9286,23.6121
20120126,94.6992,23.3322
20120127,93.5549,23.7096
20120130,92.7482,24.0808
20120131,92.609,24.3576
20120201,93.4914,24.2
20120202,93.1548,24.3267
20120203,95.6406,24.1139
20120206,95.868,24.7916
20120207,95.7487,24.8237
20120208,96.0687,24.5391
20120209,95.8442,24.0727
20120210,93.8722,23.8274
20120213,95.2854,23.7328
20120214,96.1452,23.4369
20120215,95.4803,24.4289
20120216,95.7411,24.9005
20120217,96.109,25.6733
20120221,97.2863,26.1633
20120222,97.7976,25.7204
20120223,97.867,26.0733
20120224,98.0311,25.9434
20120227,97.6627,26.3564
20120228,97.6748,25.8177
20120229,96.75,26.0086
20120301,96.0661,25.3076
20120302,95.0379,25.063
20120305,93.1597,25.0465
20120306,89.5278,24.6688
20120307,91.0298,23.9167
20120308,92.6748,24.7088
20120309,93.2415,24.8966
20120312,92.1799,24.671
20120313,94.1757,24.3175
20120314,94.6949,24.6807
20120315,95.0934,24.7318
20120316,95.9632,25.2301
20120319,95.7901,25.8609
20120321,92.656,25.2862
20120322,89.8249,25.0729
20120323,90.752,24.6129
20120326,91.7717,24.879
20120327,91.6017,25.0442
20120328,88.3985,25.2907
20120329,88.3719,24.8262
20120330,89.7844,24.9438
20120402,90.1736,25.5721
20120403,90.1892,25.3476
20120404,88.951,25.1955
20120405,89.6045,24.9443
20120409,87.3465,24.7296
20120410,85.3758,25.0671
20120411,85.8022,24.6789
20120412,89.0689,25.0918
20120413,89.4789,25.5995
20120416,90.477,25.105
20120417,91.4472,24.6789
20120418,92.0278,25.0697
20120419,91.489,25.253
20120420,91.4717,25.5024
20120423,90.0518,25.8835
20120424,91.6948,25.7298
20120425,88.3236,25.4339
20120426,88.0282,25.293
20120427,88.6703,25.2934
20120501,86.8422,24.4774
20120502,86.1098,24.5181
20120507,82.5823,23.4761
20120508,80.7421,23.5194
20120509,81.1128,22.5763
20120510,81.363,22.286
20120511,81.0782,22.2696
20120514,79.6352,22.6468
20120515,79.1961,21.8399
20120516,78.4998,21.3957
20120517,75.2482,21.4858
20120518,75.1685,20.7987
20120521,77.4046,20.497
20120522,77.9621,21.2625
20120523,77.042,21.1072
20120524,77.3019,20.7762
20120525,76.5097,20.5218
20120529,78.4803,21.1303
20120530,76.3647,21.2492
20120531,73.8593,20.8219
20120601,72.6259,20.1708
20120604,70.8408,19.3839
20120605,71.0984,19.685
20120606,72.7025,20.2176
20120607,74.9089,20.644
20120608,73.4429,20.5938
20120611,73.4268,20.8942
20120612,72.9016,20.7233
20120613,72.5586,20.7339
20120614,72.5207,20.6332
20120615,73.2754,20.8067
20120618,73.1816,21.379
20120619,75.257,21.1955
20120620,74.0405,21.1551
20120621,72.6722,21.0016
20120622,72.1793,20.3779
20120625,70.1521,20.5451
20120626,69.9548,20.3385
20120627,69.7146,20.1485
20120628,69.3546,20.5334
20120629,71.5758,20.4722
20120702,70.8319,20.6845
20120703,72.7002,20.3965
20120705,73.5751,21.2942
20120706,71.4497,21.3994
20120709,70.5952,20.7182
20120710,68.6283,20.1023
20120711,67.6622,19.5487
20120712,67.0833,19.2471
20120713,68.8125,19.2134
20120717,68.8478,19.133
20120718,70.0675,18.7564
20120719,70.5307,19.3254
20120720,69.3484,19.1208
20120723,69.1768,18.5621
20120724,69.6414,18.4373
20120725,70.5493,18.0337
20120726,70.9467,18.684
20120727,72.7435,19.471
20120730,73.1156,19.1434
20120731,72.4326,19.5829
20120801,71.159,17.9152
20120802,70.8687,18.1411
20120803,72.5926,17.8761
20120806,73.804,18.3877
20120807,74.6999,18.4994
20120808,74.242,18.8933
20120809,75.299,18.7261
20120810,75.353,18.8763
20120813,75.3142,18.5083
20120814,75.4118,18.4165
20120815,74.2014,18.6025
20120816,75.2721,19.0594
20120817,76.6044,19.4639
20120820,76.7417,19.492
20120821,77.684,18.911
20120822,75.4929,18.9195
20120823,74.7805,18.8925
20120824,74.3294,18.6538
20120827,74.1543,18.5508
20120828,73.5583,18.1859
20120829,72.8077,18.0604
20120830,72.3641,17.6134
20120831,72.7412,17.2484
20120904,70.7534,16.9636
20120905,70.4196,16.5625
20120906,72.0249,16.3771
20120907,74.8884,17.4863
20120910,74.9194,18.1794
20120911,75.5371,17.8954
20120912,76.0946,17.7848
20120913,76.6698,17.9815
20120914,79.4482,18.5952
20120918,79.0131,18.3031
20120919,79.9761,18.5812
20120920,78.6178,18.1883
20120921,78.5441,17.7011
20120924,77.5948,17.5058
20120925,75.2373,17.2047
20120926,74.0115,17.1891
20120927,74.2723,17.3493
20120928,73.2782,17.5037
20121001,73.4547,17.0697
20121002,72.463,17.0736
20121003,72.5154,16.964
20121004,73.3397,17.0995
20121005,73.3235,17.3034
20121009,72.5325,17.0003
20121010,70.9455,16.7653
20121011,70.7293,16.9222
20121012,70.8457,17.278
20121015,70.4409,18.0086
20121016,71.9667,18.1327
20121017,73.5185,18.3705
20121018,74.446,18.8638
20121019,72.2998,19.3799
20121022,72.3595,18.8967
20121023,71.6778,19.0709
20121024,71.269,18.5264
20121025,71.2113,18.5307
20121026,72.0478,18.4502
20121031,72.9722,18.693
20121101,74.6951,18.8072
20121102,74.2038,19.588
20121105,74.0904,19.5741
20121106,75.5499,19.4028
20121107,73.4871,19.5746
20121108,72.1245,19.1753
20121109,72.5959,18.8629
20121112,72.965,18.9697
20121113,72.2684,18.7306
20121114,70.3778,18.3695
20121115,69.7883,18.7906
20121116,69.7964,19.1459
20121119,71.6352,19.7824
20121120,71.3837,19.5021
20121121,71.3654,19.5452
20121126,72.4332,20.2721
20121127,72.4713,19.8922
20121128,72.3598,19.5858
20121129,73.8454,19.6579
20121130,73.3361,19.8093
20121203,72.8608,20.0699
20121204,72.2736,19.9245
20121205,73.7912,19.9555
20121206,73.4669,20.3465
20121207,74.7381,20.3309
20121210,74.768,20.4321
20121211,75.1175,20.183
20121212,75.6545,20.1582
20121213,75.8822,20.3974
20121214,76.4218,20.3521
20121217,76.6406,21.0442
20121218,77.7993,21.3362
20121219,78.2769,21.9916
20121220,77.1075,22.0125
20121221,75.5783,22.1112
20121226,75.8615,21.9745
20121227,75.3462,22.1036
20121228,75.226,22.3692
20130104,81.6229,22.9887
20130107,82.1136,23.61
20130108,81.1844,22.93
20130109,81.4985,22.7637
20130110,81.7963,23.0173
20130111,81.9051,23.1328
20130115,82.2965,23.7608
20130116,82.164,22.9889
20130117,82.613,22.6364
20130118,83.6908,23.3324
20130122,83.6901,23.2711
20130123,83.7062,22.987
20130124,83.5468,22.7403
20130125,82.2448,23.0761
20130128,84.08,23.1173
20130129,84.9011,23.2104
20130130,85.0806,23.2687
20130131,84.9037,23.5219
20130201,85.7436,23.5806
20130204,84.8223,23.5501
20130205,85.1975,23.0841
20130206,84.5073,23.6285
20130207,82.9465,23.286
20130208,83.5864,22.9955
20130212,83.8509,23.0745
20130213,83.3408,22.87
20130214,83.0215,22.9249
20130215,82.7129,22.5522
20130219,82.4651,22.7421
20130220,80.989,22.8462
20130221,78.8674,22.1505
20130222,79.0281,21.9395
20130225,78.0531,22.2903
20130226,77.1857,22.1431
20130227,79.067,21.8481
20130228,79.8629,22.5576
20130301,78.7458,21.9567
20130304,77.4331,21.6982
20130305,78.1619,21.5214
20130306,77.5687,21.3386
20130307,77.3502,20.7503
20130308,77.9883,20.6605
20130311,78.4878,20.9469
20130312,77.6229,21.3689
20130313,77.1662,20.8386
20130314,76.4933,20.5222
20130315,76.4653,20.5517
20130318,76.9675,20.5213
20130319,76.039,20.9627
20130321,74.9852,21.0667
20130322,75.3136,21.6281
20130325,74.7278,22.0682
20130326,75.0501,21.6944
20130327,74.6591,21.6942
20130328,75.115,21.3196
20130401,74.0455,21.2824
20130402,73.358,20.4229
20130403,72.5374,20.1757
20130404,72.7409,18.9356
20130405,72.8737,20.5004
20130408,72.631,20.5673
20130409,73.8343,21.2193
20130410,74.657,21.417
20130411,74.1559,22.3039
20130412,73.1493,22.7084
20130415,71.3468,22.2964
20130416,71.3647,21.7801
20130417,69.9611,22.4807
20130418,69.9206,22.4213
20130419,69.9455,22.4518
20130422,70.7356,22.7415
20130423,72.864,22.6724
20130424,72.7951,22.9767
20130425,73.5153,23.2068
20130426,73.6173,24.231
20130430,73.1847,24.1312
20130501,72.2111,24.1286
20130502,72.9907,23.0104
20130507,77.4069,23.5861
20130508,78.1298,24.4596
20130509,78.3281,24.602
20130510,76.9835,24.5866
20130513,76.4891,25.2971
20130514,75.8329,24.8566
20130515,75.3977,25.3051
20130516,75.4022,25.1994
20130517,76.0512,24.8818
20130520,76.5675,25.5627
20130521,76.6523,25.6852
20130522,76.5015,25.6862
20130523,75.2864,25.5615
20130524,74.8315,24.338
20130528,75.2081,23.2587
20130529,74.7265,24.2804
20130530,75.2501,23.5036
20130531,74.95,23.3298
20130603,74.6778,23.5184
20130604,74.6144,22.6466
20130605,73.6876,23.1843
20130606,72.7152,22.7701
20130607,73.5064,22.0589
20130610,72.8741,22.5908
20130611,72.489,22.7922
20130612,72.3987,22.8101
20130613,73.4947,22.317
20130614,72.9949,22.166
20130617,72.8671,22.0608
20130618,73.3628,22.1409
20130619,73.6076,22.699
20130620,72.1461,21.1947
20130621,72.067,20.7587
20130624,70.7589,20.5041
20130625,71.48,19.6203
20130626,71.4603,19.7662
20130627,71.9953,20.116
20130628,71.7726,20.7053
20130701,71.8596,20.65
20130702,71.885,20.7088
20130703,71.0919,20.6517
20130705,71.079,20.5129
20130708,71.9594,20.3356
20130709,74.0297,20.5029
20130710,73.9476,20.8479
20130711,75.1594,20.8547
20130712,75.5492,21.3063
20130716,76.3802,21.6827
20130717,75.4166,21.7553
20130718,75.1377,21.6184
20130719,74.823,21.3026
20130722,75.2186,21.4676
20130723,74.8997,21.3424
20130724,73.1702,21.1562
20130725,71.6224,20.9414
20130726,71.4493,20.6308
20130729,72.5439,19.7705
20130730,72.7042,19.6527
20130731,72.8213,20.1264
20130801,73.5724,19.8968
20130802,73.6391,19.8708
20130805,73.2584,20.0618
20130806,72.1782,19.9151
20130807,71.8799,19.8805
20130808,73.3361,20.0867
20130809,73.6162,20.2389
20130812,75.1066,20.8324
20130813,75.9347,21.0318
20130814,75.3027,20.9287
20130815,74.8665,20.8499
20130816,74.781,20.4353
20130819,73.9205,20.3001
20130820,73.4976,20.1413
20130821,72.8119,20.0384
20130822,73.2262,19.8238
20130823,73.3188,20.4023
20130826,73.5118,20.3383
20130827,72.4504,20.384
20130828,71.7786,19.7106
20130829,72.2354,19.6518
20130830,72.1243,19.7135
20130903,72.0113,20.1611
20130904,72.8241,20.1593
20130905,72.6159,20.1965
20130906,73.0189,20.1119
20130909,74.7324,20.4942
20130910,75.6916,21.4743
20130911,75.8519,22.3454
20130912,76.0146,22.6023
20130913,75.981,22.9037
20130917,76.1262,22.8634
20130918,76.2979,23.2202
20130919,76.7356,23.3135
20130920,74.9535,23.2234
20130924,74.4449,22.8124
20130925,74.2149,22.4935
20130926,73.6005,22.4205
20130927,73.2087,22.6913
20130930,72.9487,22.5855
20131001,73.2376,22.3105
20131002,73.3084,22.0668
20131003,73.3243,21.9288
20131004,73.4787,21.7776
20131007,73.1685,21.6224
20131008,72.5742,21.0611
20131009,72.7904,21.2553
20131010,73.9768,21.3705
20131011,74.6222,21.7229
20131015,75.369,21.9556
20131016,75.3364,21.7009
20131017,75.3332,22.1901
20131018,76.8674,21.9729
20131021,77.0765,22.1034
20131022,78.1272,22.1314
20131023,73.8406,22.4237
20131024,74.1448,21.4444
20131025,74.2761,21.5467
20131028,74.2512,21.7032
20131029,73.6986,19.9814
20131030,73.6011,19.9127
20131031,73.6564,19.8182
20131101,73.4328,19.3162
20131105,73.7971,18.993
20131106,74.0816,19.1942
20131107,73.8472,19.1561
20131108,74.0052,19.024
20131111,74.0402,19.1886
20131112,73.8113,19.5223
20131113,73.7909,19.7595
20131114,73.8002,19.8331
20131115,73.8043,19.7307
20131118,74.1827,19.744
20131119,73.823,19.3144
20131120,72.9736,19.3692
20131121,72.3181,19.3526
20131122,72.7346,19.2308
20131125,74.4524,19.3019
20131126,74.1937,19.3246
20131127,74.5897,19.2047
20131129,74.6515,18.8146
20131202,74.3922,18.5453
20131203,73.6875,18.5007
20131204,73.8455,18.2518
20131205,74.2564,18.1033
20131206,75.1566,18.0582
20131209,75.8871,18.2325
20131210,76.2316,18.2784
20131211,75.3121,18.1081
20131212,75.1335,17.7783
20131213,75.6698,17.7366
20131216,76.9704,17.6779
20131217,76.4982,17.9488
20131218,77.2896,18.274
20131219,77.0794,18.3772
20131220,78.056,18.2987
20131224,79.8849,18.418
20131226,80.3053,18.3233
20131227,80.0619,18.2181
20131230,79.9832,18.441
20140106,78.2969,18.2032
20140107,78.3345,17.8336
20140108,78.6145,18.0415
20140109,78.5616,17.9318
20140110,79.506,17.8929
20140114,79.5982,17.7367
20140115,81.2995,17.773
20140116,81.6652,17.8453
20140117,81.1908,17.8056
20140121,80.1757,18.1731
20140122,79.6013,18.4687
20140123,78.4091,18.8598
20140124,76.5257,18.7361
20140127,80.5531,17.9691
20140128,81.6801,18.1226
20140129,80.7102,18.4528
20140130,82.0639,18.7018
20140131,83.2737,19.0229
20140203,82.0167,19.0517
20140204,81.7679,18.0916
20140205,81.5095,18.0168
20140206,82.9369,17.5708
20140207,83.9243,18.0846
20140210,83.5448,18.3399
20140212,85.1935,18.8608
20140213,85.0181,19.018
20140214,85.4408,18.7833
20140218,85.5274,18.7558
20140219,85.8289,18.7788
20140220,85.7518,18.279
20140221,86.4023,18.5379
20140224,86.6552,18.8283
20140225,85.5106,18.9979
20140226,86.2596,18.5857
20140227,85.8725,18.6364
20140228,85.9868,18.87
20140303,85.1651,18.9152
20140304,85.9891,18.9217
20140305,85.3764,19.2656
20140306,86.6288,19.2427
20140307,85.9436,19.5196
20140310,85.4857,19.5969
20140311,86.0627,19.5453
20140312,85.7231,19.3519
20140313,85.1064,19.5966
20140314,84.6495,18.9934
20140317,84.9602,18.2985
20140318,85.3872,18.367
20140319,85.1986,18.1586
20140320,84.9477,17.8478
20140324,85.8643,17.9851
20140325,87.5242,18.1867
20140326,87.3606,18.5241
20140327,87.29,18.5668
20140328,88.0159,18.6479
20140331,88.332,19.0152
20140401,88.4447,18.9318
20140402,90.2677,19.1175
20140403,90.7603,19.3557
20140404,90.8657,19.5775
20140407,89.6104,19.5788
20140408,90.9683,19.7114
20140409,91.0302,19.4461
20140410,90.9533,19.6322
20140411,89.9923,19.1416
20140414,90.6796,18.9621
20140415,90.6059,19.1385
20140416,91.5871,19.4329
20140417,91.806,19.4899
20140421,91.2008,19.3241
20140422,92.5059,19.239
20140423,92.5173,19.1608
20140424,94.4057,19.3165
20140425,92.826,19.3666
20140428,92.9102,19.5783
20140430,94.0107,20.2006
20140501,93.732,20.2968
20140502,93.6994,20.1104
20140507,92.8414,19.9067
20140508,93.361,20.0035
20140509,93.5006,19.7796
20140512,94.6451,19.6743
20140513,95.2679,20.207
20140514,94.994,20.3969
20140515,93.5895,20.3834
20140516,94.1005,20.4154
20140519,93.7385,20.5284
20140520,91.2957,20.3366
20140521,91.3061,19.6178
20140522,92.097,19.7729
20140523,92.6428,20.1655
20140527,92.648,20.2709
20140528,92.072,20.1637
20140529,92.0072,20.044
20140530,90.9644,20.0081
20140602,92.1332,20.0856
20140603,92.7775,20.2562
20140604,93.285,20.2279
20140605,94.8874,20.2781
20140606,96.3087,20.6279
20140609,96.8595,21.038
20140610,97.3235,20.8468
20140611,96.8685,20.948
20140612,95.4282,20.884
20140613,95.1153,20.5056
20140616,94.8614,20.6439
20140617,95.0086,20.7062
20140618,95.3655,20.7303
20140619,95.5172,20.9929
20140620,96.9534,20.8462
20140623,96.9683,21.0336
20140624,96.6191,21.1538
20140625,96.5567,20.9841
20140626,96.5846,21.1701
20140627,96.6618,21.3263
20140630,96.8463,21.2983
20140701,97.4039,21.3619
20140702,97.7186,21.1768
20140703,98.6754,20.7728
20140707,98.1949,21.2257
20140708,97.7908,21.0576
20140709,98.0166,21.1315
20140710,97.1923,21.0252
20140711,97.6571,20.8031
20140714,98.4273,20.8152
20140715,97.8654,20.9485
20140716,98.9212,20.8664
20140717,98.4196,21.1311
20140718,98.5037,20.9176
20140722,99.0197,21.0016
20140723,97.5363,20.8751
20140724,94.2046,20.8467
20140725,94.0145,20.5279
20140728,93.1342,20.8279
20140729,94.4993,21.1477
20140730,92.9428,21.1529
20140731,91.0288,20.7287
20140801,89.9335,20.7137
20140804,90.9651,20.6841
20140805,91.306,20.4697
20140806,90.9019,20.5977
20140807,91.8867,20.5464
20140808,92.2428,20.3163
20140811,93.8279,20.5984
20140812,93.751,20.7364
20140813,94.3448,20.7781
20140814,94.8062,20.8529
20140815,94.9579,20.8858
20140818,95.892,20.8103
20140819,96.3061,20.9825
20140820,96.7126,20.8428
20140821,97.0466,20.9439
20140822,96.0833,20.9578
20140825,96.9292,20.8779
20140826,97.074,20.9859
20140827,97.4076,20.9859
20140828,97.3278,20.9343
20140829,97.6987,20.8022
20140902,97.8872,20.9362
20140903,97.3221,21.2208
20140904,97.7151,21.1464
20140905,97.4451,21.0533
20140908,96.8285,21.0956
20140909,96.6012,21.2526
20140910,94.9268,21.1998
20140911,94.3744,21.3702
20140912,93.9803,21.5479
20140916,94.1184,21.3826
20140917,93.6916,21.0534
20140918,93.3653,21.2167
20140919,92.5974,21.406
20140922,90.7607,21.5862
20140924,90.3701,21.3303
20140925,89.4625,21.6184
20140926,89.764,21.5104
20140929,89.2863,21.6951
20140930,89.0774,21.4365
20141001,87.8661,21.3646
20141002,87.0575,21.0463
20141003,87.5082,20.3538
20141006,87.5923,21.0431
20141007,86.0534,21.0499
20141008,85.2895,20.5366
20141009,84.5805,20.7672
20141010,83.5778,20.2681
20141014,84.0439,20.315
20141015,82.0131,20.4716
20141016,84.0966,20.4547
20141017,85.8513,20.3301
20141020,84.9191,20.8149
20141021,86.5891,20.4938
20141022,85.7837,20.8086
20141023,89.5361,20.4972
20141024,89.6478,20.895
20141027,88.69,21.1291
20141028,90.9157,20.9933
20141029,90.8138,21.4452
20141030,90.2486,21.4681
20141031,91.7789,21.312
20141104,89.1267,22.0769
20141105,89.6586,21.78
20141106,90.7643,21.9156
20141107,91.7832,22.2867
20141110,92.4051,22.0776
20141111,92.5244,22.0421
20141112,92.8663,21.9851
20141113,91.6868,21.644
20141114,91.5574,21.5589
20141117,91.7045,21.6772
20141118,92.1882,21.8652
20141119,91.6555,21.6892
20141120,91.7524,21.4119
20141121,95.9483,21.1452
20141125,96.0289,21.8782
20141126,95.651,21.9965
20141128,91.443,21.9277
20141201,89.3365,21.9596
20141202,89.8415,21.6973
20141203,90.9829,21.8554
20141204,90.4291,22.1295
20141205,89.7761,22.2626
20141208,87.1606,22.5165
20141209,86.1854,22.2384
20141210,84.558,21.461
20141211,84.4051,21.1679
20141212,82.0237,21.6581
20141215,81.4299,21.2603
20141216,81.6892,20.9505
20141217,80.5848,20.9806
20141218,82.5475,21.0854
20141219,82.788,21.4428
20141222,83.3908,21.4134
20141224,84.7033,21.2507
20141226,85.2646,21.0777
20141229,84.8593,20.9852
20141230,83.8734,20.9454
20150105,79.3251,20.7072
20150106,78.0527,20.2171
20150107,79.0688,19.8056
20150108,79.9772,19.8724
20150109,79.3283,20.0939
20150113,78.0876,19.7383
20150114,77.0082,19.7119
20150115,77.3791,19.6274
20150116,76.1558,19.3098
20150120,76.2633,20.0424
20150121,77.126,20.4026
20150122,78.7695,20.3273
20150123,78.2937,20.7802
20150126,78.1992,20.4821
20150127,72.6979,20.7762
20150128,73.4679,20.2286
20150129,72.3244,18.7467
20150130,72.9092,18.543
20150202,73.1122,18.3628
20150203,75.9222,18.7745
20150204,75.045,19.2043
20150205,75.8234,18.9804
20150206,76.0826,18.8073
20150209,76.8882,19.0502
20150210,76.517,18.7534
20150212,76.2504,19.003
20150213,77.5689,19.0178
20150217,77.4975,19.0946
20150218,77.5442,19.0989
20150219,75.9536,19.2348
20150220,76.3701,19.3492
20150223,76.1773,19.2983
20150224,76.771,19.4302
20150225,77.3952,19.2589
20150226,76.6041,19.1463
20150227,75.7926,19.3031
20150302,75.46,19.3761
20150303,75.7074,19.5312
20150304,74.1614,19.4384
20150305,73.6769,19.2211
20150306,73.1089,18.9731
20150309,73.7411,18.7227
20150310,73.0904,18.8083
20150311,72.5384,18.8081
20150312,73.0999,18.9382
20150313,71.9831,19.0926
20150316,72.6287,18.9766
20150317,71.5603,19.0221
20150318,72.9788,19.0865
20150319,72.8616,19.1058
20150320,73.7358,18.9978
20150323,74.2623,19.2304
20150324,73.4317,19.0632
20150325,72.9511,19.0124
20150326,72.8977,18.9182
20150327,72.3418,19.1514
20150330,73.9234,18.3451
20150331,73.0919,18.5661
20150401,72.6092,18.6011
20150402,73.1278,18.9279
20150406,74.0765,18.9982
20150407,73.7285,19.4467
20150408,73.3333,19.4192
20150409,73.5587,19.3308
20150410,74.7691,19.4084
20150413,74.8797,19.6517
20150414,75.3092,19.9107
20150415,77.3069,19.6829
20150416,77.595,19.9229
20150417,76.4373,20.0255
20150420,77.6732,20.082
20150421,77.1725,20.1284
20150422,77.3834,20.0295
20150423,78.6457,20.155
20150424,77.5897,20.1353
20150427,78.3485,20.0922
20150428,78.6045,19.3359
20150430,79.7599,19.0667
20150501,80.2833,18.8996
20150507,79.3302,18.9118
20150508,80.1022,18.943
20150511,81.7054,18.8366
20150512,80.8372,18.7981
20150513,81.4148,19.1466
20150514,81.7306,19.1709
20150515,81.0748,19.2943
20150518,80.9684,19.2864
20150519,79.9866,19.3604
20150520,80.6737,19.4727
20150521,82.144,19.7624
20150522,81.6236,19.8298
20150526,80.6054,19.749
20150527,80.8566,19.794
20150528,79.1447,19.9318
20150529,78.515,19.8106
20150601,78.5286,19.4368
20150602,79.2338,19.3912
20150603,79.4042,19.4208
20150604,78.6627,19.5504
20150605,78.9656,19.0677
20150608,79.1787,19.2505
20150609,79.8509,19.2915
20150610,81.1082,19.7571
20150611,81.0609,19.5133
20150612,80.783,19.4011
20150615,79.9093,19.5564
20150616,79.4914,19.3646
20150617,79.9824,19.0123
20150618,80.296,18.9345
20150619,80.3934,19.117
20150622,81.0254,19.3466
20150623,81.1973,19.5761
20150624,81.212,19.4931
20150625,80.0786,19.2066
20150626,79.6254,18.8607
20150629,78.6907,18.7651
20150630,78.2857,18.9576
20150701,77.3781,18.3534
20150702,77.5447,18.4447
20150706,76.497,18.3267
20150707,76.2588,18.3517
20150708,75.7484,17.6622
20150709,75.4373,17.268
20150710,75.5698,17.3952
20150713,76.7589,17.417
20150714,77.4194,17.5763
20150715,77.4381,17.367
20150716,77.8097,17.376
20150717,77.0713,17.2986
20150721,76.21,17.3254
20150722,73.988,17.2243
20150723,71.7839,16.9066
20150724,70.7244,16.6582
20150727,69.8772,16.6505
20150728,71.8486,16.2664
20150729,71.5563,16.4708
20150730,72.3058,17.108
20150731,72.8637,17.2626
20150803,71.9046,17.124
20150804,71.2484,16.7585
20150805,71.5947,17.145
20150806,71.5977,17.42
20150807,71.9071,17.6109
20150810,74.0665,17.2721
20150811,72.3566,17.6289
20150812,72.5017,17.2152
20150813,72.3113,17.2782
20150814,72.7057,17.3012
20150817,72.4662,17.1166
20150818,72.9381,17.0909
20150819,71.9357,16.7053
20150820,71.4,16.6634
20150821,70.0872,16.609
20150824,67.9339,16.5083
20150825,68.1194,15.9181
20150826,68.0217,15.2393
20150827,69.8145,15.5238
20150828,70.1189,16.0907
20150831,70.6573,15.6697
20150901,69.5214,15.7549
20150902,70.2306,15.6817
20150903,69.0056,15.7075
20150904,67.8143,15.624
20150908,68.7287,15.5841
20150909,68.402,15.7495
20150910,67.2908,15.7188
20150911,67.1709,15.6505
20150914,67.376,15.4913
20150915,68.7133,15.3274
20150916,69.944,15.8085
20150917,69.2579,15.4883
20150918,67.1664,15.3333
20150924,60.9206,14.4334
20150925,60.3866,14.4225
20150928,58.9948,14.4726
20150929,59.7608,13.8578
20150930,60.3032,14.0133
20151001,59.7418,14.2562
20151002,60.1015,13.8719
20151005,63.5179,14.2319
20151006,65.2786,14.7133
20151007,65.4739,15.0064
20151008,66.089,15.4311
20151009,66.2582,15.6359
20151013,65.2216,15.6992
20151014,65.4819,15.1868
20151015,65.3659,15.3278
20151016,64.5344,15.4753
20151019,64.075,15.2963
20151020,65.1379,15.221
20151021,65.3693,15.7612
20151022,66.3395,15.7023
20151023,67.1391,16.0777
20151026,67.3086,16.2427
20151027,65.9776,15.9441
20151028,67.1052,15.5817
20151029,67.4684,15.8785
20151030,68.1071,15.8199
20151102,69.3371,15.5677
20151104,70.2201,15.8824
20151105,69.5806,15.8554
20151106,68.6331,15.6815
20151109,67.6339,15.7426
20151110,67.6281,15.7619
20151111,67.6866,15.5845
20151112,65.0619,15.6559
20151113,65.0525,15.3543
20151116,65.711,15.3208
20151117,65.253,15.6783
20151118,65.6769,15.6796
20151119,65.214,15.9481
20151120,66.5243,15.7771
20151124,66.8324,15.8566
20151125,67.0665,15.8536
20151127,66.6965,15.8832
20151130,67.8909,15.7537
20151201,67.0837,16.0164
20151202,66.8473,15.8626
20151203,65.6072,16.1379
20151204,65.2629,15.6592
20151207,63.9651,15.8055
20151208,62.4942,15.4759
20151209,61.9832,15.496
20151210,62.4126,15.5854
20151211,61.3052,15.6079
20151214,61.4444,15.1213
20151215,62.159,14.9185
20151216,62.8964,15.3243
20151217,61.7465,15.5451
20151218,61.0452,15.3691
20151221,61.1433,15.1606
20151222,63.6456,15.1679
20151224,65.0599,15.7289
20151228,64.2867,15.979
20151229,64.7545,15.8809
20151230,64.7656,15.8792
20160104,62.8354,15.773
20160105,62.906,15.6846
20160106,62.1212,15.6311
20160107,60.3904,15.2159
20160108,59.6525,15.0109
20160112,57.3448,14.5842
20160113,57.6338,14.7005
20160114,58.1602,14.1696
20160115,56.5413,14.5054
20160119,56.3587,14.3038
20160120,54.9286,14.1444
20160121,56.4708,13.8617
20160122,58.1795,13.8892
20160125,55.5282,14.1281
20160126,56.0564,13.664
20160127,55.6068,13.9625
20160128,57.3996,13.6623
20160129,58.6035,13.6555
20160201,59.2818,14.5286
20160202,57.8821,14.447
20160203,59.1409,13.8538
20160204,62.3248,13.9263
20160205,62.7466,14.0951
20160208,61.3658,14.7056
20160209,60.6276,14.2387
20160210,59.6059,13.9096
20160212,59.6774,13.3069
20160216,61.5297,14.7482
20160217,63.7294,14.507
20160218,62.7423,15.2294
20160219,61.765,14.8562
20160222,63.794,14.6845
20160223,62.808,15.1209
20160224,61.3562,15.0646
20160225,62.4926,14.7974
20160226,63.8,14.7261
20160229,64.3687,14.7506
20160301,65.2267,14.14
20160302,65.6396,14.9864
20160303,67.6749,15.4713
20160304,69.2888,15.762
20160307,70.9602,16.056
20160308,68.6911,16.5115
20160309,68.3347,16.0495
20160310,67.6288,16.374
20160311,69.1242,15.9264
20160314,69.0301,16.1108
20160315,68.1241,16.0842
20160316,69.9743,15.8624
20160317,71.3235,16.543
20160318,71.7149,16.4061
20160322,71.7705,16.518
20160323,70.4272,16.1929
20160324,70.8235,15.9933
20160328,71.3605,16.513
20160329,71.6618,16.7215
20160330,72.7179,16.7481
20160331,72.6866,16.5783
20160401,72.2804,15.9239
20160404,72.1942,15.7129
20160405,71.4928,15.5052
20160406,71.0411,15.5256
20160407,70.5049,15.6176
20160408,70.8188,15.9828
20160411,71.3475,16.2343
20160412,72.121,16.8329
20160413,74.3895,17.4629
20160414,74.8913,17.9747
20160415,75.3105,17.9556
20160418,75.2678,17.3325
20160419,76.2093,17.7596
20160420,75.8513,17.4836
20160421,75.6421,17.8156
20160422,74.9899,17.5197
20160425,73.6765,17.5493
20160426,74.0575,17.0806
20160427,75.1485,16.8372
20160428,75.1926,17.3674
20160502,74.3664,16.6442
20160506,69.8164,16.4601
20160509,68.2128,16.2535
20160510,69.0409,15.8974
20160511,69.9117,16.2524
20160512,68.9251,15.9458
20160513,67.6782,15.8716
20160516,68.1086,15.8859
20160517,68.351,16.3272
20160518,67.9344,16.3265
20160519,66.6093,16.3699
20160520,67.2475,15.8472
20160523,67.5702,15.8326
20160524,68.0622,15.8535
20160525,69.2583,16.1619
20160526,69.5243,16.411
20160527,68.859,16.3535
20160531,69.5547,16.6288
20160601,69.0485,16.5976
20160602,70.0911,16.3617
20160603,71.3521,16.9644
20160606,72.9384,16.8522
20160607,73.7814,17.5208
20160608,74.8799,17.8601
20160609,73.9012,17.6541
20160610,72.846,17.3397
20160613,72.579,16.9333
20160614,71.6449,16.7934
20160615,72.2355,16.9886
20160616,71.1665,16.6743
20160617,72.6907,16.9639
20160620,73.6535,17.6104
20160621,73.2934,17.6383
20160622,73.4109,17.4657
20160623,74.653,17.2013
20160624,70.8326,17.4656
20160627,68.458,16.4334
20160628,69.2502,16.0554
20160629,70.8907,16.4541
20160630,72.0659,16.7173
20160701,73.1486,16.8426
20160705,71.3842,16.8043
20160706,71.2639,16.4331
20160707,71.937,17.0378
20160708,73.7752,17.012
20160711,74.7395,17.5129
20160712,76.0869,17.5176
20160713,76.3868,17.7285
20160714,77.1424,18.0126
20160715,77.2636,18.4295
20160719,76.9418,18.6433
20160720,76.9921,18.4923
20160721,77.9668,19.0338
20160722,76.6839,18.9597
20160725,76.1892,18.9103
20160726,78.8411,18.8218
20160727,80.979,19.1156
20160728,80.3349,19.1896
20160729,80.0571,19.0497
20160801,79.4835,18.8598
20160802,78.7393,19.1285
20160803,79.2375,18.7239
20160804,79.2351,19.1734
20160805,79.9349,19.0521
20160808,80.6187,19.8451
20160809,80.4691,20.5001
20160810,80.1215,21.0081
20160812,80.4399,21.1818
20160815,81.3515,21.1825
20160816,81.4633,21.3214
20160817,81.61,22.0344
20160818,80.517,22.201
20160819,80.9745,22.1007
20160822,80.8016,22.1761
20160823,81.5486,21.7811
20160824,80.716,21.5061
20160825,80.1887,21.3096
20160826,80.299,21.0413
20160829,80.4523,21.3496
20160830,79.9683,20.9541
20160831,79.3529,21.2452
20160901,78.6027,21.0539
20160902,79.1086,20.6563
20160906,79.3194,21.5215
20160907,80.6747,21.4892
20160908,80.9114,21.5882
20160909,78.9267,21.7517
20160912,78.7422,21.7442
20160913,77.8274,21.3444
20160914,78.4941,21.1654
20160915,79.1857,21.1914
20160916,79.1977,21.6432
20160920,79.4573,21.7623
20160921,80.1986,22.0833
20160923,80.1976,22.8208
20160926,79.7587,22.5035
20160927,79.8255,21.8774
20160928,82.4821,21.8104
20160929,85.2012,22.2823
20160930,85.7277,22.1808
20161003,85.7453,22.3057
20161004,85.1332,22.1675
20161005,86.4156,22.1509
20161006,86.4259,22.4737
20161007,85.7653,22.5843
20161011,85.2791,22.5689
20161012,84.7164,22.3322
20161013,83.9452,22.5544
20161014,85.0586,22.444
20161017,84.4454,22.6256
20161018,84.3523,22.4555
20161019,85.0317,22.419
20161020,84.562,22.1715
20161021,84.1282,22.4204
20161024,84.0397,22.3913
20161025,83.3724,22.3904
20161026,81.9018,21.5939
20161027,81.2253,21.5369
20161028,81.7179,21.7184
20161031,81.6737,21.7984
20161101,80.5015,21.9665
20161102,79.2897,21.7262
20161104,80.2652,21.4257
20161107,81.6003,21.2305
20161108,82.4006,21.0633
20161109,88.7039,20.5226
20161110,91.482,22.1926
20161111,90.495,23.1051
20161114,92.0265,22.8308
20161115,91.5398,22.6342
20161116,91.2788,22.6083
20161117,90.7312,22.1302
20161118,90.1161,22.0708
20161121,90.9708,22.0587
20161122,91.0826,22.1818
20161125,93.4449,22.3577
20161128,92.7563,22.5897
20161129,91.9487,22.5807
20161130,93.2319,22.5433
20161201,93.924,23.1543
20161202,93.1676,23.0158
20161205,92.69,23.1629
20161206,92.6447,23.1
20161207,94.2468,23.3392
20161208,94.301,23.9166
20161209,93.3396,23.4807
20161212,93.2442,23.2793
20161213,93.6669,22.8425
20161214,92.3355,22.8931
20161215,92.0226,22.1522
20161216,91.0826,22.1003
20161219,89.9751,22.2136
20161220,92.0259,22.2661
20161221,91.7044,22.4992
20161222,91.8958,22.4642
20161227,92.2352,22.5019
20161228,91.4162,22.771
20161229,91.0801,22.6427
20161230,90.5511,22.2784
20170104,91.5306,22.6266
20170105,91.163,22.7296
20170106,90.9597,22.2628
20170110,91.6495,22.44
20170111,92.0013,22.5515
20170112,91.4169,23.04
20170113,92.0908,22.9075
20170117,91.4836,22.9377
20170118,91.7221,22.7732
20170119,92.0529,22.8588
20170120,92.985,23.5212
20170123,92.658,23.7733
20170124,94.581,23.4281
20170125,96.5571,23.9607
20170126,96.0051,24.2253
20170127,97.2007,23.9429
20170130,95.6694,23.859
20170131,94.0698,23.4443
20170201,93.6054,23.812
20170202,92.6394,24.2078
20170203,91.9115,24.4425
20170206,91.3702,24.5722
20170207,92.2755,24.2406
20170208,91.2686,24.5284
20170209,92.2405,24.0155
20170210,94.3411,24.3579
20170213,96.9938,24.2978
20170214,96.3224,24.2531
20170215,97.0461,24.4414
20170216,96.6813,24.5812
20170217,96.9867,24.5445
20170221,96.881,24.5131
20170222,96.658,24.7918
20170223,94.6423,24.9295
20170224,93.293,23.9545
20170227,95.5158,23.2876
20170228,95.3863,23.8382
20170301,96.8954,23.9498
20170302,93.1756,24.5063
20170303,93.4274,24.1142
20170306,93.8379,24.234
20170307,94.0716,24.488
20170308,92.6931,24.3476
20170309,90.1509,24.4354
20170310,90.5446,24.6823
20170313,91.339,24.7497
20170314,90.0438,24.8967
20170315,91.5305,24.9852
20170316,91.6167,25.8837
20170317,91.5636,26.1709
20170321,91.5593,26.3618
20170322,90.863,26.1053
20170323,91.0356,26.0644
20170324,90.9446,26.1769
20170327,89.8119,25.991
20170328,91.3047,26.0646
20170329,91.466,26.5495
20170330,91.5692,26.2546
20170331,91.4658,26.0677
20170403,90.5215,25.9344
20170404,92.6046,25.9161
20170405,93.9411,25.8176
20170406,94.2892,25.5736
20170407,94.4949,25.4482
20170410,95.7501,25.599
20170411,95.0393,25.5005
20170412,93.9404,25.2117
20170413,92.3156,25.0162
20170417,92.4296,24.8881
20170418,92.585,25.0292
20170419,92.624,24.8993
20170420,93.5012,24.3103
20170421,93.7543,24.9291
20170424,96.0948,24.8283
20170425,102.7395,25.2032
20170426,104.1744,26.0663
20170427,102.3564,26.2017
20170428,101.9471,26.5669
20170501,101.3418,26.0069
20170502,101.1975,25.9612
20170508,98.6509,25.4091
20170509,98.7399,24.5334
20170510,99.5585,25.1612
20170511,100.5337,24.9624
20170512,99.9262,24.5152
20170515,101.4307,23.9938
20170516,101.4062,24.169
20170517,99.9363,24.258
20170518,98.7834,23.6504
20170519,101.4966,23.5904
20170522,101.6242,23.9523
20170523,102.495,23.5106
20170524,103.3977,23.4265
20170525,104.4298,24.0989
20170526,104.6289,23.9362
20170530,104.7924,23.7487
20170531,104.2264,23.6289
20170601,105.0928,23.9425
20170602,105.3678,24.6979
20170605,104.9348,24.575
20170606,104.0424,24.3833
20170607,102.5776,24.2533
20170608,103.9635,24.5643
20170609,105.4462,24.8253
20170612,105.1286,25.1503
20170613,105.1114,24.7928
20170614,104.1563,24.9103
20170615,105.2052,24.0049
20170616,106.6143,24.2079
20170619,106.6245,24.5248
20170620,106.7113,25.0847
20170621,103.7214,24.7763
20170622,103.2284,24.5956
20170623,103.2145,24.4044
20170626,103.6207,24.2445
20170627,103.6346,24.3876
20170628,105.2188,24.6646
20170629,105.1511,25.3324
20170630,106.5691,25.0901
20170703,106.3899,25.0597
20170705,106.7485,25.3495
20170706,106.2246,25.3277
20170707,105.9341,24.8741
20170710,107.0978,25.0766
20170711,107.338,25.3994
20170712,108.4941,25.6312
20170713,107.7134,25.4221
20170714,108.0485,25.8647
20170718,107.0585,25.9932
20170719,107.6691,26.0631
20170720,107.5405,26.1978
20170721,106.061,26.5357
20170724,107.9533,26.1019
20170725,113.6322,25.8397
20170726,113.6138,26.3953
20170727,114.0384,26.3895
20170728,114.1756,26.5822
20170731,114.0413,26.7059
20170801,113.2294,26.8167
20170802,112.9227,26.7218
20170803,113.4132,26.8593
20170804,114.2278,26.8037
20170807,114.6953,26.7507
20170808,114.6819,26.6839
20170809,114.7359,26.6345
20170810,113.3569,26.5496
20170814,113.8375,25.9086
20170815,113.698,25.5467
20170816,114.0953,25.3313
20170817,113.5884,25.668
20170818,113.8316,25.617
20170821,113.649,25.6521
20170822,115.4172,25.6013
20170823,114.97,25.6961
20170824,114.7507,25.6021
20170825,115.6763,26.1305
20170828,115.0711,26.6069
20170829,115.9753,26.6477
20170830,117.1394,26.4465
20170831,117.824,26.8125
20170901,118.3804,26.6667
20170905,118.401,26.8742
20170906,117.6541,27.1675
20170907,117.5987,28.2357
20170908,117.9874,28.8582
20170911,118.2787,28.8904
20170912,120.5112,28.3466
20170913,119.9204,28.3738
20170914,120.2624,27.7522
20170915,121.2671,27.6806
20170919,124.5963,28.066
20170920,124.7326,28.3487
20170921,124.6119,28.4853
20170922,124.6734,28.7681
20170925,124.2334,28.559
20170926,124.7011,28.0873
20170927,124.7865,28.1778
20170928,124.7227,28.7759
20170929,124.9166,28.4546
20171002,124.4208,28.3919
20171003,125.0301,28.3933
20171004,126.5569,28.8438
